code,first_name,second_name,web_name,transfermarkt
1243,Robert,Green,Green,11680
1616,Alexander,Manninger,Manninger,5278
1632,Gareth,Barry,Barry,3291
1718,John,Terry,Terry,3160
1801,Paul,Robinson,Robinson,3630
1822,Shay,Given,Given,3146
2404,Michael,Carrick,Carrick,3878
2513,Jamie,Murphy,Murphy,51730
3201,Stuart,Taylor,Taylor,3190
3736,John,O'Shea,O'Shea,3540
3773,Peter,Crouch,Crouch,4072
5288,Gerhard,Tremmel,Tremmel,488
5589,Dean,Whitehead,Whitehead,13683
6744,Lee,Grant,Grant,13460
7525,Steven,Pienaar,Pienaar,4321
7551,Joleon,Lescott,Lescott,4241
7638,Mark,Hudson,Hudson,3640
7645,Phil,Jagielka,Jagielka,13520
7906,Damien,Delaney,Delaney,36861
7958,Jermain,Defoe,Defoe,3875
8380,James,Collins,Collins,12691
8432,José,Reina,Reina,7825
9047,Glen,Johnson,Johnson,3881
9089,Ben,Foster,Foster,13572
9110,Shaun,Maloney,Maloney,9508
9808,Zlatan,Ibrahimovic,Ibrahimovic,3455
10318,Maarten,Stekelenburg,Stekelenburg,4311
10460,Grant,Leadbitter,Leadbitter,13796
10589,Brian,Murphy,Brian Murphy,4190
11037,Rickie,Lambert,Lambert,49655
11334,Petr,Cech,Cech,5658
11352,Bruno,Saltor Grau,Bruno,51528
11467,Billy,Jones,Jones,36866
11554,Julian,Speroni,Speroni,12814
11735,Steve,Sidwell,Sidwell,13427
11829,Wayne,Routledge,Routledge,14066
11854,Daryl,Murphy,Murphy,31312
11948,Andy,Lonergan,Lonergan,14044
11974,Eldin,Jakupovic,Jakupović,2857
12002,Stewart,Downing,Downing,4063
12086,Boaz,Myhill,Myhill,3838
12150,Glenn,Whelan,Whelan,12124
12390,Allan,McGregor,McGregor,9422
12413,Robert,Huth,Huth,2998
12496,Víctor,Valdés,Valdés,7589
12679,Michael,Dawson,Dawson,9988
12744,David,Nugent,Nugent,33963
12745,Leighton,Baines,Baines,13507
12813,Jonathan,Walters,Walters,3306
13017,Wayne,Rooney,Rooney,3332
13152,Andy,King,King,56872
14075,Patrice,Evra,Evra,5285
14295,Darren,Fletcher,Fletcher,3547
14664,Gnegneri Yaya,Touré,Yaya Touré,13091
14927,Greg,Halford,Halford,42062
14937,Cristiano Ronaldo,dos Santos Aveiro,Ronaldo,8198
15033,Wes,Morgan,Morgan,10003
15109,Tom,Huddlestone,Huddlestone,13465
15114,Leon,Britton,Britton,40043
15137,Liam,Rosenior,Rosenior,15166
15144,David,Marshall,Marshall,9500
15149,Simon,Francis,Francis,13573
15157,James,Milner,Milner,3333
15208,Bastian,Schweinsteiger,Schweinsteiger,2514
15237,Andrew,Surman,Surman,29975
15276,Joey,Barton,Barton,3292
15633,Alex,Baptiste,Baptiste,16660
15749,Joe,Hart,Hart,40204
15885,Adam,Federici,Federici,4233
15944,Michael,Kightly,Kightly,25366
15982,Dean,Marney,Marney,4055
16045,Ben,Watson,Watson,14081
17127,Per,Mertesacker,Mertesacker,6710
17336,Gaël,Clichy,Clichy,7449
17339,Steven,Davis,Davis,28973
17349,Aaron,Lennon,Lennon,14221
17476,Vincent,Kompany,Kompany,9594
17601,Scott,Carson,Carson,14555
17740,Jesús,Navas,Navas,15956
17745,Kasper,Schmeichel,Schmeichel,16911
17761,James,Tarkowski,Tarkowski,173504
17878,Cesc,Fàbregas,Fàbregas,8806
17997,Phil,Bardsley,Bardsley,15773
18006,Martin,Cranie,Cranie,27659
18008,James,Morrison,Morrison,27614
18073,Mark,Noble,Noble,31835
18155,Mathieu,Flamini,Flamini,17396
18440,Leon,Clarke,Clarke,36859
18499,Michael,McGovern,McGovern,29391
18507,Diego,Da Silva Costa,Diego Costa,44779
18656,Heurelho da Silva,Gomes,Gomes,105112
18665,Alexander,Tettey,Tettey,12384
18726,Artur,Boruc,Boruc,15220
18759,Álvaro,Arbeloa,Arbeloa,28260
18805,Joe,Ledley,Ledley,34409
18832,Richard,Stearman,Stearman,34349
18867,Billy,Sharp,Sharp,49542
18892,Ashley,Young,Young,14086
18987,Robert,Snodgrass,Snodgrass,22614
19057,Sebastian,Larsson,Larsson,31720
19071,Uwe,Hünemeier,Hünemeier,10503
19101,Dimitrios,Konstantopoulos,Konstantopoulos,50552
19115,Curtis,Davies,Davies,18227
19151,Chris,Brunt,Brunt,36814
19159,Ashley,Williams,Williams,67355
19188,Scott,Dann,Dann,62688
19194,David,Martin,Martin,15930
19197,Jason,Puncheon,Puncheon,47995
19236,John,Ruddy,Ruddy,29712
19272,Gareth,McAuley,McAuley,40567
19342,Ikechi,Anya,Anya,107427
19419,Gary,Cahill,Cahill,27511
19520,Ryan,Babel,Babel,16135
19523,Sol,Bamba,Bamba,28984
19524,Santiago,Cazorla,Cazorla,15799
19556,David,Jones,Jones,24634
19568,Ibrahim,Afellay,Afellay,15760
19624,João Filipe Iria,Santos Moutinho,Moutinho,29364
19687,Alex,Bruce,Bruce,37957
19760,Fernando,Llorente,Llorente,35564
19812,Dusan,Kuciak,Kuciak,31886
19838,Robert,Elliot,Elliot,39037
20037,Marc,Pugh,Pugh,36939
20046,Stefano,Okaka,Okaka,35249
20047,Jordan,Rhodes,Rhodes,48950
20066,Wayne,Hennessey,Hennessey,45494
20145,Adrian,Mariappa,Mariappa,38145
20208,Charlie,Adam,Adam,28990
20310,Willy,Caballero,Caballero,19948
20399,Antonio,Barragán,Barragán,32522
20452,Shane,Long,Long,37304
20467,Theo,Walcott,Walcott,33713
20480,Tim,Krul,Krul,33027
20481,Stephen,Ireland,Ireland,34838
20487,Vito,Mannone,Mannone,33781
20529,Glenn,Murray,Murray,45693
20658,Pablo,Zabaleta,Zabaleta,20007
20664,David,Silva,David Silva,35518
20669,Shaun,MacDonald,MacDonald,10375
20695,Antonio,Valencia,Valencia,33544
21083,Nathan,Dyer,Dyer,37011
21123,Valon,Behrami,Behrami,21905
21205,Tom,Heaton,Heaton,34130
21246,Lewis,Grabban,Grabban,35413
26719,Rene,Gilmartin,Gilmartin,66518
26901,Kevin,Mirallas,Mirallas,33639
26921,Arouna,Koné,Koné,8552
27334,Mathieu,Debuchy,Debuchy,27306
27335,Stephan,Lichtsteiner,Lichtsteiner,2865
27341,Yohan,Cabaye,Cabaye,29434
27436,David,McGoldrick,McGoldrick,35416
27462,Jesús,Gámez Duarte,Gámez,29055
27698,Matthew,Connolly,Connolly,34559
27707,Darron,Gibson,Gibson,42413
27770,Birkir,Bjarnason,Bjarnason,34453
27789,Fernando,Luiz Rosa,Fernandinho,26267
28082,Ralf,Fahrmann,Fahrmann,39015
28147,Mohamed,Diamé,Diamé,70950
28160,Mario,Suárez,Suárez,37337
28244,George,Boyd,Boyd,45623
28411,Keylor,Navas,Navas,79422
28448,Lee,Cattermole,Cattermole,37363
28462,Sam,Baldock,Baldock,67211
28468,Craig,Gardner,Gardner,37171
28495,John Obi,Mikel,Mikel,30739
28541,Fraizer,Campbell,Campbell,42411
28554,Samir,Nasri,Nasri,18935
28593,Victor,Anichebe,Anichebe,39532
28609,Adam,Legzdins,Legzdins,43858
28654,Martin,Olsson,Olsson,38073
28690,Pablo,Hernández Domínguez,Hernández,46220
32259,Darren,Randolph,Randolph,51321
32318,Marc,Wilson,Marc Wilson,30456
33148,Claudio,Bravo,Bravo,40423
33871,Ragnar,Klavan,Klavan,26669
34654,Lukas,Jutkiewicz,Jutkiewicz,33507
36903,Gareth,Bale,Bale,39381
37002,Rouwen,Hennings,Hennings,16311
37096,Lukasz,Fabianski,Fabianski,29692
37265,Alexis,Sánchez,Sánchez,40433
37339,Ahmed,El Mohamady,El Mohamady,66333
37388,Marcin,Wasilewski,Wasilewski,16947
37402,Christian,Fuchs,Fuchs,6636
37572,Sergio,Agüero,Agüero,26399
37605,Mesut,Özil,Özil,35664
37614,Mario,Vrancic,Vrancic,39372
37642,Jonny,Evans,Evans,42412
37742,Younes,Kaboul,Kaboul,27114
37748,Bacary,Sagna,Sagna,26764
37869,Ryan,Shawcross,Shawcross,45861
37901,Dimitri,Payet,Payet,37647
37915,Hugo,Lloris,Lloris,17965
37998,Bafétimbi,Gomis,Gomis,22388
38038,Ben,Hamer,Hamer,67283
38290,Danny,Rose,Rose,50174
38411,Nacho,Monreal,Monreal,43003
38419,Loïc,Remy,Remy,45121
38439,Etienne,Capoue,Capoue,63494
38454,Dejan,Lovren,Lovren,37838
38490,Beram,Kayal,Kayal,44741
38499,Tomer,Hemed,Hemed,112668
38533,Rui Pedro,dos Santos Patrício,Patrício,45026
38580,Jose,Fonte,Fonte,33829
38588,Gaetano,Berardi,Berardi,43084
38716,Lee,Peltier,Peltier,38094
39104,Mousa,Dembélé,Dembélé,19368
39155,Adam,Lallana,Lallana,43530
39158,Scott,Arfield,Arfield,55291
39167,Andrea,Ranocchia,Ranocchia,44327
39187,Jeremain,Lens,Lens,38497
39194,Jan,Vertonghen,Vertonghen,43250
39215,Michel,Vorm,Vorm,26276
39253,Jonas,Olsson,Olsson,25248
39270,Marvin,Emnes,Emnes,37787
39472,Dieumerci,Mbokani,Mbokani,44624
39476,Sokratis,Papastathopoulos,Sokratis,34322
39487,Erik,Pieters,Pieters,43763
39725,Anders,Lindegaard,Lindegaard,22491
39790,Francisco,Casilla Cortés,Casilla,27486
39847,Steven,Defour,Defour,33866
40002,Matteo,Darmian,Darmian,54906
40142,Andy,Carroll,Carroll,48066
40145,Jack,Cork,Cork,40613
40146,Ryan,Bertrand,Bertrand,40611
40202,George,Friend,Friend,77544
40232,Gonzalo,Higuaín,Higuaín,39153
40276,Bojan,Krkic Perez,Bojan,44675
40346,Erwin,Mulder,Mulder,56631
40349,Asmir,Begović,Begović,33873
40383,Fraser,Forster,Forster,52570
40386,Chris,Basham,Basham,52495
40387,Dan,Gosling,Gosling,44983
40399,Sam,Vokes,Vokes,48078
40451,Anthony,Pilkington,Pilkington,67322
40555,Joe,Allen,Allen,51452
40559,Fabricio,Agosto Ramírez,Fabri,45882
40564,Henri,Lansbury,Lansbury,44794
40616,Stephen,Ward,Ward,34691
40669,Angelo,Ogbonna,Ogbonna,48002
40694,Roberto,Jimenez Gago,Roberto,37403
40720,Edinson,Cavani,Cavani,48280
40725,Danny,Simpson,Simpson,37442
40755,Daniel,Sturridge,Sturridge,47082
40772,Gökhan,Inler,Inler,19041
40784,Mamadou,Sakho,Sakho,47713
40833,Jérémy,Pied,Pied,60583
40836,Vicente,Guaita,Guaita,64399
40845,Dale,Stephens,Stephens,49755
40868,José,Holebas,Holebas,41112
41135,Branislav,Ivanovic,Ivanovic,36827
41184,Marouane,Fellaini,Fellaini,39679
41251,Eduardo,dos Reis Carvalho,Eduardo,34159
41270,David,Luiz Moreira Marinho,David Luiz,46741
41320,Charlie,Daniels,Daniels,61819
41321,Yohan,Benalouane,Benalouane,50477
41328,César,Azpilicueta,Azpilicueta,57500
41338,Craig,Cathcart,Cathcart,59606
41464,Marko,Arnautovic,Arnautovic,41384
41674,Kevin,Long,Long,111114
41705,Bradley,Guzan,Guzan,39471
41725,Troy,Deeney,Deeney,65477
41727,Ryan,Bennett,Bennett,67252
41733,Georginio,Wijnaldum,Wijnaldum,49499
41792,Aaron,Ramsey,Ramsey,50057
41823,Fabian,Delph,Delph,50362
41926,Almen,Abdi,Abdi,9966
41945,Sebastian,Prödl,Prödl,37981
42427,Kieran,Gibbs,Gibbs,44792
42493,Mario,Balotelli,Balotelli,45146
42525,Stephen,Henderson,Henderson,52191
42564,Eric Maxim,Choupo-Moting,Choupo-Moting,45660
42583,Sébastien,Pocognoli,Pocognoli,17804
42593,Aleksandar,Kolarov,Kolarov,46156
42727,Yoan,Gouffran,Gouffran,23825
42738,Juan,Zuñiga,Zuñiga,37941
42748,Gaëtan,Bong,Bong,36291
42774,Morgan,Schneiderlin,Schneiderlin,56818
42786,Eden,Hazard,Hazard,50202
42824,Carlos,Sánchez,Carlos Sánchez,51226
42892,Álvaro,Negredo,Negredo,18644
42899,Sergio,Romero,Romero,30690
42996,Angel,Rangel,Rangel,66550
43020,Javier,Hernández Balcázar,Chicharito,50935
43191,Leiva,Lucas,Lucas,41414
43250,Tom,Cleverley,Cleverley,73484
43252,James,Chester,Chester,73482
43521,Henri,Saivet,Saivet,51540
43626,Håvard,Nordtveit,Nordtveit,42234
43670,Juan,Mata,Mata,44068
43693,Martín,Cáceres,Cáceres,54935
43808,Markus,Suttner,Suttner,31514
44302,Adlène,Guédioura,Guédioura,74768
44336,Sofiane,Feghouli,Feghouli,57162
44343,Bakary,Sako,Sako,46791
44346,Olivier,Giroud,Giroud,82442
44413,Steve,Mandanda,Mandanda,23951
44604,Nordin,Amrabat,Amrabat,55619
44683,Jay,Rodriguez,Rodriguez,53360
44699,Ashley,Barnes,Barnes,63200
45034,Ivan,Perišić,Perišić,42460
45076,Lamine,Koné,Koné,57420
45124,André,Ayew,A.Ayew,45403
45196,Gary,Madine,Madine,66994
45220,Alex,Smithies,Smithies,33754
45268,Moussa,Sissoko,Sissoko,46001
46483,Adrien,Silva,Silva,56810
46695,Ritchie,de Laet,de Laet,55687
47247,John,Fleck,Fleck,54383
47390,Neil,Taylor,Taylor,67416
47431,Willian,Borges da Silva,Willian,52769
48332,Orestis,Karnezis,Karnezis,16408
48615,Harry,Arter,Arter,55742
48717,Winston,Reid,Reid,37526
48760,Mathias,Jorgensen,Zanka,52059
48771,Emilio,Nsue Lopez,Nsue,59558
48773,Siem,de Jong,de Jong,45509
48844,David,Ospina,Ospina,73396
48860,Niki,Mäenpää,Mäenpää,12359
49013,Victor,Moses,Moses,59866
49083,Luke,Freeman,Freeman,66923
49195,Jefferson,Montero,Montero,77932
49202,Sean,Scannell,Scannell,61549
49207,Rudy,Gestede,Gestede,39908
49262,Jason,Steele,Steele,73564
49277,Leroy,Fer,Fer,63342
49382,Bruno,Ecuele Manga,Ecuele Manga,60990
49384,Jack,Rodwell,Rodwell,57079
49413,James,Tomkins,Tomkins,61592
49438,Jordon,Mutch,Mutch,57207
49440,Hal,Robson-Kanu,Robson-Kanu,65976
49464,Cristhian,Stuani,Stuani,59323
49539,Kyle,Naughton,Naughton,66219
49579,Pedro,Rodríguez Ledesma,Pedro,65278
49688,Alfred,N'Diaye,N'Diaye,77737
49696,Mauro,Zárate,Zárate,26456
49773,Albert,Adomah,Adomah,83430
49806,David Junior,Hoilett,Hoilett,58993
49845,Aron,Gunnarsson,Gunnarsson,63821
49944,Jake,Livermore,Livermore,61832
49957,Kamil,Grosicki,Grosicki,37920
49982,Sean,Morrison,Morrison,79723
50089,Geoff,Cameron,Cameron,31642
50093,David,Button,Button,61814
50175,Danny,Welbeck,Welbeck,67063
50229,Matt,Phillips,Phillips,77274
50232,Jonjo,Shelvey,Shelvey,71292
50471,James,McArthur,McArthur,41416
50472,James,McCarthy,McCarthy,45333
51090,Thiago,Emiliano da Silva,Thiago Silva,29241
51344,Rajiv,van La Parra,van La Parra,77001
51507,Laurent,Koscielny,Koscielny,76277
51917,Diego,Cavalieri,Cavalieri,53231
51927,Ben,Mee,Mee,74810
51934,Ron-Robert,Zieler,Zieler,21327
51938,Marc,Albrighton,Albrighton,61560
51940,David,De Gea Quintana,De Gea,59377
52153,Miguel,Britos,Britos,76799
52287,Evandro,Goebel,Evandro,53359
52484,Leon,Balogun,Balogun,56100
52538,Fernando Francisco,Reges,Fernando,51174
52775,Nicolas,Nkoulou,Nkoulou,60577
52940,Daryl,Janmaat,Janmaat,60744
53371,David,Meyler,Meyler,68183
54102,Jack,Wilshere,Wilshere,74223
54284,Chris,Löwe,Löwe,55125
54316,Leonardo,Ulloa,Ulloa,54890
54421,Floyd,Ayité,Ayité,77974
54469,Adam,Smith,Smith,61841
54484,Francisco,Femenía Far,Femenía,76467
54513,Vicente,Iborra,Iborra,65467
54527,Loïc,Damour,Damour,81190
54694,Pierre-Emerick,Aubameyang,Aubameyang,58864
54738,Thomas,Kaminski,Kaminski,77757
54756,Victor,Wanyama,Wanyama,77760
54764,Jonathan,Kodjia,Kodjia,88971
54771,Fabio Pereira,da Silva,Fabio,61891
54861,Christian,Benteke,Benteke,50201
54908,Nacer,Chadli,Chadli,59631
55037,Cheikhou,Kouyaté,Kouyaté,66934
55038,Kevin,McDonald,McDonald,36529
55313,Franck,Tabanou,Tabanou,66413
55317,Bernardo,Espinosa Zúñiga,Bernardo,64598
55422,Gylfi,Sigurdsson,Sigurdsson,90466
55452,Yannick,Bolasie,Bolasie,75471
55459,Aaron,Cresswell,Cresswell,92571
55494,Joel,Ward,Ward,92572
55605,Toby,Alderweireld,Alderweireld,42710
55829,Claudio,Yacob,Yacob,45330
55909,Chris,Smalling,Smalling,103427
55914,Liam,Cooper,Cooper,75067
56192,Rhu-endly,Martina,Cuco Martina,91251
56377,Andriy,Yarmolenko,Yarmolenko,69015
56827,Costel,Pantilimon,Pantilimon,47659
56864,Francis,Coquelin,Coquelin,74869
56872,Junior,Stanislas,Stanislas,87672
56917,Steve,Cook,Cook,90836
56979,Jordan,Henderson,Henderson,61651
56981,Joe,Bennett,Bennett,90964
56983,Matt,Ritchie,Ritchie,92469
57001,Wilfried,Bony,Bony,81808
57112,Eliaquim,Mangala,Mangala,90681
57127,Teemu,Pukki,Pukki,46972
57134,Salomón,Rondón,Rondón,80197
57145,Federico,Fernández,Fernández,85475
57187,Giedrius,Arlauskis,Arlauskis,69001
57249,Henrikh,Mkhitaryan,Mkhitaryan,55735
57328,Nathaniel,Clyne,Clyne,85177
57410,Nicolás,Otamendi,Otamendi,54781
57513,Jonas,Lössl,Lössl,48870
57531,Michail,Antonio,Antonio,104124
57586,Luciano,Narsingh,Narsingh,72462
57647,Lyle,Taylor,Lyle Taylor,104495
57736,Jan,Kirchhoff,Kirchhoff,49734
57913,Barry,Douglas,Douglas,91854
58376,Alex,McCarthy,McCarthy,95976
58476,Rui Pedro,da Rocha Fonte,Fonte,9335
58498,Odion,Ighalo,Ighalo,62121
58621,Kyle,Walker,Walker,95424
58771,Jack,Colback,Colback,61644
58786,Martin,Kelly,Kelly,78959
58791,Ryan,Mason,Mason,61834
58822,Cédric,Alves Soares,Cédric,112988
58845,Ciaran,Clark,Clark,98240
58877,Daley,Blind,Blind,12282
58893,Marcos,Rojo,Rojo,93176
59044,Adam,Clayton,Clayton,73067
59115,Mile,Jedinak,Jedinak,28336
59125,Connor,Wickham,Wickham,95435
59614,Mark,Duffy,Duffy,105565
59735,Karl,Darlow,Darlow,99397
59741,Max,Gradel,Gradel,28140
59779,Pedro,Obiang,Obiang,101213
59796,Gökhan,Töre,Töre,82130
59846,Ander,Herrera,Herrera,99343
59856,Abel,Hernández,Hernández,76608
59859,Ilkay,Gündogan,Gündogan,53622
59940,Kyle,Bartley,Bartley,67421
59949,Seamus,Coleman,Coleman,68390
59966,Alexandre,Lacazette,Lacazette,93720
60025,James,Rodríguez,James,88103
60165,Wahbi,Khazri,Khazri,103565
60232,Craig,Dawson,Dawson,121477
60252,Andros,Townsend,Townsend,61842
60270,Simone,Zaza,Zaza,96828
60307,Pascal,Groß,Groß,82873
60551,Ashley,Westwood,Westwood,91317
60586,Johann Berg,Gudmundsson,Gudmundsson,89231
60598,Aleksandar,Dragovic,Dragovic,59032
60689,Chris,Wood,Wood,108725
60706,Adrián,San Miguel del Castillo,Adrián,71271
60772,Thibaut,Courtois,Courtois,108390
60794,Adam,Matthews,Matthews,108878
60914,Joel,Matip,Matip,82105
61256,Carlos Henrique,Casimiro,Casemiro,16306
61262,Oscar,dos Santos Emboaba Junior,Oscar,85314
61302,Ryan,Allsop,Allsop,111073
61316,Jose Luis,Mato Sanmartín,Joselu,81999
61366,Kevin,De Bruyne,De Bruyne,88755
61538,Callum,McManaman,McManaman,61711
61548,Manolo,Gabbiadini,Gabbiadini,112343
61558,Thiago,Alcántara do Nascimento,Thiago,60444
61566,Roberto,Pereyra,Pereyra,112302
61595,Marc,Muniesa,Muniesa,74228
61600,Romaine,Sawyers,Sawyers,113036
61603,Daniel,Drinkwater,Drinkwater,73491
61604,Matty,James,James,73522
61739,Maxime,Le Marchand,Le Marchand,60558
61760,Kristoffer,Nordfeldt,Nordfeldt,75890
61810,Pontus,Jansson,Jansson,125314
61858,Mame Biram,Diouf,Diouf,62049
61916,Stefan,Johansen,Johansen,62008
61933,Shane,Duffy,Duffy,119269
62398,Nemanja,Matic,Matic,74683
62399,Dusan,Tadic,Tadic,36139
62974,Erik,Lamela,Lamela,111630
63370,James,McClean,McClean,85935
63426,Enda,Stevens,Stevens,85706
66242,Davy,Pröpper,Pröpper,79027
66247,Marvin,Zeegelaar,Zeegelaar,92899
66588,Luke,Ayling,Ayling,67420
66733,Juan,Cuadrado,Cuadrado,91970
66749,Romelu,Lukaku,Lukaku,96341
66797,Simon,Mignolet,Mignolet,50219
66838,Cenk,Tosun,Tosun,45671
66842,André,Schürrle,Schürrle,58205
66975,Luka,Milivojevic,Milivojevic,74300
67089,Martin,Dubravka,Dubravka,74960
67184,Roderick Jefferson,Gonçalves Miranda,Miranda,87856
67527,Allan-Roméo,Nyom,Nyom,111508
68312,Xherdan,Shaqiri,Shaqiri,86792
68983,Matthew,Lowton,Lowton,102258
69140,Shkodran,Mustafi,Mustafi,88590
69143,Juraj,Kucka,Kucka,74943
69752,Norberto,Murara Neto,Neto,111819
69960,Philipp,Wollscheid,Wollscheid,53173
71738,Marco,Stiepermann,Stiepermann,45760
72222,Mateusz,Klich,Klich,92738
72681,Denis,Odoi,Odoi,59641
73314,Willian José,Da Silva,Willian José,122155
73426,Andre,Gray,Gray,120565
73459,Ashley Darel Jazz,Richards,Jazz Richards,120241
73494,Grzegorz,Krychowiak,Krychowiak,45184
73889,Diafra,Sakho,Sakho,120610
74033,Sam,Clucas,Clucas,122223
74208,Paul,Pogba,Pogba,122153
74230,Patrick,van Aanholt,van Aanholt,52119
74297,Leandro,Bacuna,Bacuna,126014
74375,Ezequiel,Schelotto,Schelotto,119164
74471,Aaron,Mooy,Mooy,123951
74854,Simon,Moore,Moore,123536
74944,Sam,Morsy,Morsy,123551
75115,Callum,Wilson,Wilson,123682
75773,Chung-yong,Lee,Lee Chung-yong,81801
75826,Danny,Ward,Ward,124172
75880,Daniel,Ayala,Ayala,78966
76306,Lukas,Rupp,Rupp,82863
76357,Tom,Cairney,Cairney,123275
76359,Phil,Jones,Jones,117996
76360,Nathaniel,Mendez-Laing,Mendez-Laing,125409
76542,Sung-yueng,Ki,Ki Sung-yueng,81796
77359,Florian,Lejeune,Lejeune,127108
77454,Fabio,Borini,Borini,96754
77610,Danny,Batth,Batth,129049
77760,Cristian,Gamboa,Gamboa,121686
77762,Bryan,Oviedo,Oviedo,124983
77777,Ahmed El-Sayed,Hegazy,Hegazi,111524
77794,Kieran,Trippier,Trippier,95810
77818,James,Shea,Shea,91340
78007,Joshua,King,King,91059
78056,Oriol,Romeu Vidal,Romeu,66100
78091,Gastón,Ramírez,Ramírez,123742
78315,Joel,Robles,Robles,101118
78356,Charlie,Austin,Austin,129627
78412,Shinji,Okazaki,Okazaki,79642
78607,Kenny,McLean,McLean,126600
78830,Harry,Kane,Kane,132098
78911,Kadeem,Harris,Harris,136501
78916,Dan,Burn,Burn,134270
79228,Pape,Souaré,Souaré,125868
79602,Daniel,Bentley,Bentley,136401
79619,Jonathan,Hogg,Hogg,61573
79733,Scott,Malone,Malone,101682
79852,Jed,Steer,Steer,110867
79934,Oliver,Norwood,Norwood,73547
80146,Jordan,Ayew,J.Ayew,108354
80179,Adam,Forshaw,Forshaw,121257
80183,Luke,Garbutt,Garbutt,110860
80201,Bernd,Leno,Leno,72476
80226,Serge,Aurier,Aurier,127032
80254,Carl,Jenkinson,Jenkinson,126321
80447,Maya,Yoshida,Yoshida,81789
80498,Eunan,O'Kane,O'Kane,61583
80607,Christian,Eriksen,Eriksen,69633
80711,Yaya,Sanogo,Sanogo,127194
80755,Danny,Williams,Williams,38383
80788,Daniel,Lafferty,Lafferty,85928
80789,Jordi,Amat,Amat,85289
80792,Greg,Cunninghamm,Cunningham,114093
80801,Idrissa,Gueye,Gueye,126665
80935,Papy,Djilobodji,Djilobodji,136610
80954,Rodrigo,Moreno,Rodrigo,131505
81012,Ryan,Fredericks,Fredericks,140191
81048,Josip,Drmic,Drmic,140579
81061,Michael,Simões Domingues,Mika,138285
81183,Matej,Vydra,Vydra,101500
81205,Mislav,Orsic,Orsic,119150
81441,Mark,Gillespie,Gillespie,142389
81880,Alex,Oxlade-Chamberlain,Chamberlain,143424
82078,Kenneth,Zohore,Zohore,135213
82143,Wes,Foderingham,Foderingham,61697
82257,Raphael,Spiegel,Spiegel,111428
82263,Marcos,Alonso,Alonso,112515
82403,Wilfried,Zaha,Zaha,145988
82428,Marten,de Roon,de Roon,133179
82514,Tim,Ream,Ream,145466
82660,Marco,Van Ginkel,Van Ginkel,147034
82691,George,Baldock,Baldock,146690
82738,Luke,Berry,Berry,125685
82771,Markus,Henriksen,Henriksen,122011
83091,Borja,González Tomás,Bastón,85324
83283,Nathan,Redmond,Redmond,129078
83299,Lewis,Dunk,Dunk,148153
83312,Ben,Gibson,Gibson,128904
83314,Jeff,Hendrick,Hendrick,148262
83427,Jack,Robinson,Jack Robinson,128909
83428,Grant,Hanley,Hanley,121385
83543,Anthony,Knockaert,Knockaert,149237
84112,Collin,Quaner,Quaner,123397
84182,Alphonse,Areola,Areola,120629
84384,Timm,Klose,Klose,65255
84395,Florin,Gardos,Gardos,57423
84450,Granit,Xhaka,Xhaka,111455
84583,Philippe,Coutinho Correia,Coutinho,80444
84915,Michael,Hector,Hector,157490
84939,Danny,Ings,Ings,134294
85017,Tendayi,Darikwa,Darikwa,158700
85128,Connor,Goldson,Goldson,163656
85242,Conor,Hourihane,Hourihane,61653
85352,Bruno,Martins Indi,Martins Indi,112052
85368,Christopher,Schindler,Schindler,57842
85624,Christian,Kabasele,Kabasele,81512
85633,Matz,Sels,Sels,127202
85654,Jordy,Clasie,Clasie,104223
85955,Jorge Luiz,Frello Filho,Jorginho,102017
85971,Son,Heung-min,Son,91845
86129,Kalidou,Koulibaly,Koulibaly,93128
86153,Martín,Montoya,Montoya,68645
86173,Manuel,Agudo Durán,Nolito,70934
86176,Tom,Ince,Ince,157368
86417,Jeffrey,Schlupp,Schlupp,157506
86431,Brice,Dja Djédjé,Dja Djédjé,93690
86881,Nampalys,Mendy,Mendy,111051
86934,Manuel,Lanzini,Lanzini,135853
87107,Cyrus,Christie,Christie,158623
87121,Kieron,Freeman,Freeman,158703
87396,Moritz,Leitner,Leitner,82243
87428,Elias,Kachunga,Kachunga,49501
87447,Muhamed,Bešić,Bešić,93905
87835,Matt,Doherty,Doherty,171679
87856,Michael,Hefele,Hefele,102382
87873,Stuart,Dallas,Dallas,158764
88170,Jiri,Skalak,Skalak,148734
88175,Lovre,Kalinic,Kalinic,46405
88248,Stefan,Ortega Moreno,Ortega,85941
88482,Álvaro,Morata,Morata,128223
88484,Pablo,Sarabia,Sarabia,74230
88498,Benik,Afobe,Afobe,110858
88734,Neil,Etheridge,Etheridge,61694
88894,Ross,Barkley,Barkley,131978
88898,Moses,Odubajo,Odubajo,163738
88900,Jack,Stephens,Stephens,163744
88935,Steven,Berghuis,Berghuis,129554
89068,Layvin,Kurzawa,Kurzawa,126710
89076,Remo,Freuler,Freuler,148252
89085,Nathaniel,Chalobah,Chalobah,128900
89274,José Ignacio,Peleteiro Romallo,Jota,176591
89335,Saúl,Ñíguez,Saúl,148928
89470,Onel,Hernández,Hernández,109751
89572,Denis,Suárez,Suárez,165007
90105,Ryan,Fraser,Fraser,146795
90152,Raphaël,Varane,Varane,164770
90263,James,Husband,Husband,167393
90440,Tom,Trybull,Trybull,93831
90517,Robbie,Brady,Brady,128229
90518,Ravel,Morrison,Morrison,128907
90585,Willy,Boly,Boly,142310
90714,Ahmed,Musa,Musa,168337
91046,Cauley,Woodrow,Woodrow,169801
91047,Stuart,Armstrong,S.Armstrong,130765
91126,Will,Keane,Keane,118535
91651,Mateo,Kovacic,Kovacic,51471
91889,Niclas,Füllkrug,Füllkrug,75489
91972,Saido,Berahino,Berahino,128897
91979,Jon,Flanagan,Flanagan,145922
92159,Jetro,Willems,Willems,146258
92170,Massadio,Haidara,Haidara,170929
92217,Roberto,Firmino,Firmino,131789
92259,Neeskens,Kebano,Kebano,111422
92293,Omar,Elabdellaoui,Elabdellaoui,121404
92371,Pablo,Marí Villar,Pablo Marí,210178
92383,Nahki,Wells,Wells,173483
93001,Konstantinos,Stafylidis,Stafylidis,148967
93100,Jannik,Vestergaard,Vestergaard,99331
93127,Jesé,Rodríguez Ruiz,Jesé,134936
93264,Eric,Dier,Dier,175722
93284,Florin,Andone,Andone,177065
93464,Tom,Carroll,Carroll,121279
94147,Conor,Coady,Coady,128901
94245,Michy,Batshuayi,Batshuayi,179184
94248,Sergio,Rico,Rico,207302
94924,Gerard,Deulofeu,Deulofeu,129476
94926,Olayinka Fredrick Oladotun,Ladapo,Ladapo,233998
95463,Danny,Ward,Ward,203026
95508,Fredrik,Ulvestad,Ulvestad,158022
95658,Harry,Maguire,Maguire,177907
95715,Lucas,Rodrigues Moura da Silva,Lucas Moura,77100
96305,Jay,Fulton,Fulton,171260
96306,Stephen,Kingsley,Kingsley,184398
96764,M'Baye,Niang,Niang,157501
96767,Dimitri,Foulquier,Foulquier,170472
96778,Adam,Reach,Reach,163530
96784,Jordan,Clark,Clark,184129
96787,Mohamed,Elyounoussi,Elyounoussi,186644
96994,Bobby,De Cordova-Reid,De Cordova-Reid,186186
97032,Virgil,van Dijk,Van Dijk,139208
97296,Tommie,Hoban,Hoban,183161
97299,John,Stones,Stones,186590
97485,Kevin,Wimmer,Wimmer,122675
97615,Mike,van der Hoorn,van der Hoorn,187105
98745,Héctor,Bellerín,Bellerín,191217
98747,Nick,Pope,Pope,192080
98770,Ørjan,Nyland,Nyland,73517
98780,Juan Carlos,Paredes,Paredes,100507
98914,Guido,Carrillo,Carrillo,184672
98980,Emiliano,Martínez Romero,Martínez,111873
99127,Joel,Campbell,Campbell,131248
99323,Lazar,Markovic,Markovic,144303
100059,Alberto,Moreno,Moreno,207917
100180,Danilo Luiz,da Silva,Danilo,145707
100412,André,Carrillo,Carrillo,135057
100649,Bernard,Anício Caldeira Duarte,Bernard,175169
101061,Philip,Heise,Heise,112617
101105,Joe,Bryan,Bryan,194460
101148,Jamaal,Lascelles,Lascelles,183318
101178,James,Ward-Prowse,Ward-Prowse,181579
101179,Lloyd,Isgrove,Isgrove,226965
101184,Calum,Chambers,Chambers,215118
101188,Lucas,Digne,Digne,126664
101338,Marcel,Sabitzer,Sabitzer,106987
101394,Okay,Yokuslu,Yokuslu,137616
101537,Felipe Anderson,Pereira Gomes,Felipe Anderson,159372
101582,Frederico,Rodrigues de Paula Santos,Fred,191614
101668,Jamie,Vardy,Vardy,197838
101982,Sam,Johnstone,Johnstone,110864
102057,Raúl,Jiménez,Jiménez,206040
102366,Moritz,Bauer,Bauer,159692
102380,Antonio,Rüdiger,Rüdiger,86202
102549,Adam,Davies,A.Davies,121254
102738,Giannelli,Imbula,Imbula,130756
102747,Djibril,Sidibé,Sidibé,161869
102826,Benjamin,Mendy,Mendy,157495
102836,Brice,Samba,Samba,191056
102884,Paulo,Gazzaniga Farias,Gazzaniga,195488
103025,Riyad,Mahrez,Mahrez,171424
103100,Jonathan,Williams,Williams,170322
103123,Sébastien,Haller,Haller,181375
103127,Molla,Wagué,Wagué,129893
103192,Kurt,Zouma,Zouma,157509
103912,Jordon,Ibe,Ibe,195652
103914,Charlie,Taylor,Taylor,195633
103955,Raheem,Sterling,Sterling,134425
104047,Pelly Ruddock,Mpanzu,Mpanzu,244338
104073,Joe,Ralls,Ralls,195680
104535,Harry,Bunn,Bunn,186290
104542,Loris,Karius,Karius,85864
104545,Tommy,Smith,Smith,121398
104547,Dwight,Gayle,Gayle,196522
104953,Christian,Atsu,Atsu,186997
105377,Ezgjan,Alioski,Alioski,129604
105666,Jack,Butland,Butland,128899
105700,Davide,Zappacosta,Zappacosta,173859
105717,Arthur,Masuaku,Masuaku,181380
106449,Kevin,Stewart,Stewart,200782
106450,Alex,Pritchard,Pritchard,200777
106468,Alexandre,Moreno Lopera,Álex Moreno,193098
106603,Ezekiel,Fryers,Fryers,141655
106606,Massimo,Luongo,Luongo,181687
106611,Michael,Keane,Keane,118534
106617,Patrick,Bamford,Bamford,183334
106618,Paul,Dummett,Dummett,170321
106757,Jürgen,Locadia,Locadia,166240
106760,Luke,Shaw,Shaw,183288
106824,Memphis,Depay,Depay,167850
106837,Dennis,Praet,Praet,129588
106899,Roque,Mesa,Mesa,202984
107265,Angus,Gunn,Gunn,201574
107613,Romain,Saïss,Saïss,204198
108053,Conor,Townsend,Townsend,146509
108093,Luciano,Vietto,Vietto,214316
108156,Björn,Engels,Engels,193469
108411,Dan,Potts,Potts,207037
108413,Will,Hughes,Hughes,207014
108416,John,Egan,Egan,121324
108438,Sandro,Ramírez,Sandro,199369
108796,Tom,Lockyer,Lockyer,207742
108813,Christian,Walton,Walton,208379
108823,Dele,Alli,Dele,207929
108824,Brendan,Galloway,Galloway,208244
109065,Davy,Klaassen,Klaassen,182932
109322,Jesse,Lingard,Lingard,141660
109345,Solly,March,March,209212
109434,Terence,Kongolo,Kongolo,152651
109528,Javier,Manquillo Gaitán,Manquillo,162029
109533,Emerson,Palmieri dos Santos,Emerson,181778
109638,Kean,Bryan,Bryan,214928
109646,Tosin,Adarabioyo,Tosin,258878
109745,Kepa,Arrizabalaga,Arrizabalaga,192279
109788,João Mário,Naval Costa Eduardo,João Mário,149729
109999,Ibrahima,Cissé,Cissé,160380
110504,Bertrand,Traoré,Traoré,131996
110735,Adam,Webster,Webster,212847
110979,Sadio,Mané,Mané,200512
111234,Jordan,Pickford,Pickford,130164
111291,Fernando,Marçal,Marçal,137745
111317,David,Brooks,Brooks,277033
111452,Odysseas,Vlachodimos,Odysseas,124419
111457,Sead,Kolasinac,Kolasinac,94005
111478,Joël,Veltman,Veltman,111195
111773,Emil,Krafth,Krafth,184528
111782,Robin,Olsen,Olsen,75458
111787,Modou,Barrow,Barrow,189070
111847,Adama,Diomande,Diomande,93145
111931,Ricardo,Barbosa Pereira,Ricardo,215876
112139,James,Wilson,Wilson,214104
112316,Jakob,Haugaard,Haugaard,138335
112338,Emre,Can,Can,119296
112507,Jack,Rose,Rose,186923
112516,Isaiah,Brown,Brown,245805
112520,Alex,Palmer,Palmer,245625
113534,Matt,Macey,Macey,220491
113564,Sam,Byram,Byram,236953
113688,Oumar,Niasse,Niasse,209781
114000,George,Honeyman,Honeyman,218140
114054,Omar,Bogle,Bogle,134657
114093,Matthew,Pennington,Pennington,220755
114128,Jonathan,Castro Otto,Jonny,175446
114241,Harry,Toffolo,Toffolo,198516
114243,Jacob,Murphy,Murphy,199527
114245,Josh,Murphy,Murphy,199528
114283,Jack,Grealish,Grealish,203460
114536,Ryan,Inniss,Inniss,183284
115357,Mouez,Hassen,Hassen,215677
115382,Neal,Maupay,Maupay,217115
115556,Ben,Davies,Davies,192765
115854,Duncan,Watmore,Watmore,248045
115858,Rachid,Ghezzal,Ghezzal,118287
115918,Rúnar Alex,Rúnarsson,Rúnarsson,205657
116216,Leandro,Trossard,Trossard,144028
116404,Felipe Augusto,de Almeida Monteiro,Felipe,156501
116535,Alisson,Ramses Becker,Alisson,105470
116543,Valentino,Lazaro,Lazaro,186368
116594,N'Golo,Kanté,Kanté,225083
116643,Fabio Henrique,Tavares,Fabinho,225693
118335,Abdul Rahman,Baba,Baba Rahman,224884
118342,Mark,Flekken,Flekken,125714
118748,Mohamed,Salah,Salah,148455
118884,Erik,Durm,Durm,93922
119471,Fabian,Schär,Schär,135343
119765,Allan,Marques Loureiro,Allan,126422
120202,Wout,Weghorst,Weghorst,228645
120250,André,Tavares Gomes,André Gomes,221025
120447,Bradley,Smith,Brad Smith,175745
120721,Kevin,Mbabu,Mbabu,183321
121145,João,Cancelo,Cancelo,182712
121160,Ederson,Santana de Moraes,Ederson,238223
121221,Ramiro,Funes Mori,Funes Mori,11111
121570,Julian,Jeanvier,Jeanvier,134277
121599,Abdoulaye,Doucouré,A.Doucouré,127187
122074,Marcus,Bettinelli,Bettinelli,116648
122342,Emerson,Hyndman,Hyndman,223047
122411,Cameron,Burgess,Burgess,255788
122775,Morgan,Sanson,Sanson,174094
122797,Callum,Paterson,Paterson,169555
122798,Andrew,Robertson,Robertson,234803
122806,John,McGinn,McGinn,193116
123125,Viktor,Fischer,Fischer,95755
123354,Kortney,Hause,Hause,233124
124165,Patrick,Roberts,Roberts,225452
124183,Hakim,Ziyech,Ziyech,217111
126184,Nathan,Aké,Aké,177476
126187,Ruben,Loftus-Cheek,Loftus-Cheek,202886
126407,Nabil,Bentaleb,Bentaleb,245537
126468,Tokelo,Rantie,Rantie,198495
128198,Sofiane,Boufal,Boufal,232271
128295,Christian,Nørgaard,Nørgaard,148367
128309,Jamal,Lowe,Lowe,239949
128340,Kieffer,Moore,Moore,275590
128348,Ibrahim,Amadou,Amadou,205503
128389,Aleksandar,Mitrović,Mitrović,51152
130025,Luis,Hernández,Hernández,62945
130036,Ozan,Tufan,Tufan,236471
130103,Hiram,Boateng,Boateng,244125
131304,William,Troost-Ekong,Troost-Ekong,192875
131403,Rhys,Healey,Healey,238185
131897,Mathew,Ryan,Ryan,128969
132015,Pierre-Emile,Højbjerg,Højbjerg,167799
133085,Lawrence,Vigouroux,Vigouroux,243591
133798,Serge,Gnabry,Gnabry,159471
133801,Jerome,Sinclair,Sinclair,236513
133845,Emiliano,Marcondes,Marcondes,232964
134383,Connor,Randall,Randall,262545
135363,Andreas,Christensen,Christensen,196948
135365,Jeremie,Boga,Boga,216569
135720,Kevin,Danso,Danso,263236
138001,Tom,King,King,215810
138009,Sullay,Kaikai,Kaikai,244130
139110,Ondrej,Duda,Duda,232418
140200,Thomas,Strakosha,Strakosha,222209
140941,Stipe,Perica,Perica,245072
141020,Max,Meyer,Meyer,146164
141569,Léo,Bonatini,Bonatini,181781
141746,Bruno,Borges Fernandes,Fernandes,240306
141921,Oluwaseyi,Ojo,Sheyi Ojo,236510
143877,Alexander,Sørloth,Sørloth,238407
144485,Ivan,Toney,Toney,251664
144660,Didier,Ndong,Ndong,210081
145212,Clinton,N'Jie,N'Jie,241119
145235,José Ángel,Esmorís Tasende,Angeliño,277179
146426,Oluwasemilogo Adesewo Ibidapo,Ajayi,Ajayi,251912
146610,Jack,O'Connell,O'Connell,212829
146941,Aymeric,Laporte,Laporte,176553
147303,Laurent,Depoitre,Depoitre,90583
147611,Paul,Onuachu,Onuachu,272855
147612,Richairo,Zivkovic,Zivkovic,252755
147668,Cameron,Brannagan,Brannagan,261357
147675,Chuba,Akpom,Akpom,197642
148179,Enner,Valencia,Valencia,139503
148225,Anthony,Martial,Martial,182877
148508,Mahmoud Ahmed,Ibrahim Hassan,Trézéguet,234189
149016,Lynden,Gooch,Gooch,307781
149051,Ethan,Robson,Ethan Robson,258199
149065,José,Malheiro de Sá,Sá,249994
149266,Alfie,Mawson,Mawson,287431
149468,Tyias,Browning,Browning,156934
149484,Tyrone,Mings,Mings,253677
149519,Maxwel,Cornet,Cornet,234781
149736,Chancel,Mbemba,Mbemba,203348
149828,Islam,Slimani,Slimani,174915
149915,Diego,Llorente,Llorente,246291
149929,Wes,Burns,Burns,255731
151086,Mario,Lemina,Lemina,170934
151119,DeAndre,Yedlin,Yedlin,255916
151589,Leander,Dendoncker,Dendoncker,168157
152015,Guillermo,Varela,Varela,188862
152551,Jefferson,Lerma Solís,Lerma,262980
152590,Alex,Telles,Telles,255755
152760,Divock,Origi,Origi,148368
152898,Ben,Davies,Davies,257097
153127,Isaac,Hayden,Hayden,206225
153133,Alex,Iwobi,Iwobi,242631
153256,Mohamed,Elneny,Elneny,160438
153366,Harrison,Reed,Reed,226973
153371,Sam,Gallagher,Gallagher,227183
153373,Sam,McQueen,McQueen,226968
153379,Josh,Sims,Sims,286919
153477,Conor,Masterson,Masterson,293784
153601,Carlos,De Pena,De Pena,257740
153673,Jonjoe,Kenny,Kenny,258883
153678,Chris,Long,Long,183298
153682,Harry,Wilson,Wilson,279455
153723,John,Lundstram,Lundstram,156941
153772,Luke,McGee,McGee,183301
154043,Ainsley,Maitland-Niles,Maitland-Niles,285845
154048,Stephy,Mavididi,Mavididi,340328
154050,Olufela,Olomola,Olomola,356569
154051,Oviemuno,Ejaria,Ejaria,337284
154131,Jack,Stacey,Stacey,249356
154138,Tariqe,Fosu-Henry,Fosu,249873
154296,João,Palhinha Gonçalves,Palhinha,257455
154506,Daniel,Bachmann,Bachmann,120186
154558,Thomas,Robson,Thomas Robson,257968
154559,Michael,Ledger,Ledger,320228
154561,David,Raya Martin,Raya,262749
154566,Dominic,Solanke,Solanke,258889
154976,Adnan,Januzaj,Januzaj,177847
154998,Takuma,Asano,Asano,245744
155197,Max,Lowe,Lowe,258885
155405,Kalvin,Phillips,Phillips,351749
155408,Lewis,Cook,Cook,249089
155503,Freddie,Woodman,Woodman,226049
155509,Greg,Olley,Olley,257533
155511,Adam,Armstrong,A.Armstrong,250426
155513,Rolando,Aarons,Aarons,258188
155529,Marek,Rodák,Rodák,186901
155561,Ludwig,Augustinsson,Augustinsson,170646
155569,Daniel,Amartey,Amartey,214056
155651,Adam,Masina,Masina,286949
155706,Dionatan do Nascimento,Teixeira,Teixeira,107617
155851,Lucas,Pérez,Lucas,73185
156069,Liam,Gibson,Gibson,312553
156074,Rob,Holding,Holding,253341
156658,Reece,Burke,Burke,264220
156660,Moses,Makasi,Makasi,242644
156683,Pierluigi,Gollini,Gollini,244192
156685,Joe,Rothwell,Rothwell,183293
156686,James,Weir,Weir,251058
156687,Ben,Pearson,Pearson,183302
156689,Andreas,Hoelgebaum Pereira,Andreas,203394
156690,Joshua,Harrop,Harrop,289844
156700,Carlton,Morris,Morris,246963
157665,Filip,Lesniak,Lesniak,186383
157668,Harry,Winks,Winks,249126
157775,Ken,Sema,Sema,252345
157882,Takumi,Minamino,Minamino,165793
158074,Gabriel Armando,de Abreu,Gabriel,149498
158499,Ryan,Christie,Christie,188077
158534,Kyle,Walker-Peters,Walker-Peters,341051
158544,Jake,Hesketh,Hesketh,315185
158983,Wataru,Endo,Endo,146310
159039,Antonio,Barreca,Barreca,241889
159506,Ola,Aina,Aina,236490
159533,Adama,Traoré Diarra,Adama,204103
160190,Kasey,Palmer,Palmer,258216
160729,Jason,Denayer,Denayer,277114
160816,Donald,Love,Love,179451
160817,Patrick,McNair,McNair,167268
160987,Jean-Philippe,Gbamin,Gbamin,182894
162344,Philip,Zinckernagel,Zinckernagel,271098
162651,Samir,Caetano de Souza Santos,Samir,255744
163463,Papa Alioune,Ndiaye,Badou Ndiaye,211325
163526,Edimilson,Fernandes,Fernandes,247555
163776,Erdal,Rakip,Rakip,230746
163793,Matt,Miazga,Miazga,245893
164011,Mbaye,Diagne,Diagne,271966
164484,Zack,Steffen,Steffen,221624
164511,Yerry,Mina,Mina,289446
164555,Vladimir,Coufal,Coufal,157672
165152,Glen,Rea,Rea,337640
165153,Timo,Werner,Werner,170527
165183,Amari'i,Bell,Bell,278166
165210,Alireza,Jahanbakhsh,Jahanbakhsh,213268
165659,Diego Carlos,Santos Silva,Diego Carlos,329145
165808,Hélder Wander,Sousa de Azevedo e Costa,Costa,173900
165809,Bernardo,Veiga de Carvalho e Silva,Bernardo,241641
165911,Bartosz,Kapustka,Kapustka,246579
165990,Vincent,Janssen,Janssen,207015
166324,Ivan,Neves Abreu Cavaleiro,Cavaleiro,149716
166325,Carlos,Ribeiro Dias,Cafú,203655
166477,Timothy,Castagne,Castagne,262226
166640,Fabián,Balbuena,Balbuena,285548
166989,Youri,Tielemans,Tielemans,249565
167074,Kenny,Tete,Tete,206746
167075,Wesley,Hoedt,Hoedt,253765
167191,Marcus,Myers-Harness,Harness,288323
167199,Thomas,Partey,Partey,230784
167473,José,Izquierdo,Izquierdo,147094
167522,Jordan,Hugill,Hugill,291544
167541,Jack,Payne,Payne,278092
167767,Robert Kenedy,Nunes do Nascimento,Kenedy,281404
167789,Baily,Cargill,Cargill,293450
167878,Ben,Osborn,Osborn,218087
167888,Joe,Lumley,Lumley,336367
168035,Fred,Onyedinma,Onyedinma,305274
168090,Mahmoud,Dahoud,Dahoud,191422
168172,Joe,Lolley,Lolley,287167
168196,Joel Dinis,Castro Pereira,Joel Pereira,192611
168281,Scott,McKenna,McKenna,255906
168287,Jonathan,Calleri,Calleri,284727
168290,Ignacio,Pussetto,Pussetto,283528
168399,Will,Norris,Norris,285033
168547,Ethan,Horvath,Horvath,242284
168566,Georges-Kévin,Nkoudou,Nkoudou,215679
168580,Ayoze,Pérez,Pérez,246968
168636,Enes,Ünal,Enes Ünal,251106
168717,Maksymilian,Stryjek,Stryjek,240457
168763,Cameron,Carter-Vickers,Carter-Vickers,341049
168764,Luke,Amos,Amos,258912
168765,Josh,Onomah,Onomah,243589
168977,Joel,Coleman,Coleman,285551
168991,Philip,Billing,Billing,320411
169061,Dael,Fry,Fry,314140
169102,Tiemoué,Bakayoko,Bakayoko,182618
169130,Joel,Taylor,Taylor,258310
169141,Steve,Mounie,Mounie,238639
169187,Trent,Alexander-Arnold,Alexander-Arnold,314353
169359,Matt,Targett,Targett,250478
169432,Oliver,McBurnie,McBurnie,298477
169527,Joe,Williams,Joe Williams,268185
169528,Antonee,Robinson,Robinson,349701
169535,Julien,de Sart,de Sart,129592
169593,Remi,Matthews,Matthews,196722
169735,Noor,Husin,Husin,320220
169743,Connor,Mahoney,Mahoney,287528
170137,Allan,Saint-Maximin,Saint-Maximin,272642
170154,Pablo,Maffeo,Maffeo,251876
170271,Jean Michaël,Seri,Seri,178614
170851,Josh,Robson,Josh Robson,357958
171099,Hassane,Kamara,Kamara,290017
171101,Clément,Lenglet,Lenglet,182904
171129,Diego,Rico,Rico,249513
171162,Charly,Musonda,Musonda,177862
171270,Kieran,Dowell,Dowell,258916
171273,Cameron,Borthwick-Jackson,Borthwick-Jackson,258879
171277,Demetri,Mitchell,Mitchell,258886
171287,Joseph,Gomez,Gomez,256178
171314,Rúben,Gato Alves Dias,Dias,258004
171317,Rúben,da Silva Neves,Neves,225161
171319,Renato,Sanches,Sanches,258027
171771,Jan,Bednarek,Bednarek,243028
171975,Callum,Robinson,Callum Robinson,183299
171982,Brian,Lenihan,Lenihan,241916
172246,Florent,Hadergjonaj,Hadergjonaj,238809
172453,Sam,Szmodics,Szmodics,292139
172551,Callum,Roberts,Roberts,288952
172567,Josh,Cullen,Cullen,242606
172632,Demarai,Gray,Gray,292417
172649,Dean,Henderson,Henderson,258919
172780,James,Maddison,Maddison,294057
172782,Josh,Brownhill,Brownhill,293569
172841,Saïd,Benrahma,Benrahma,290532
172850,Ben,Chilwell,Chilwell,316125
172912,Sofyan,Amrabat,Amrabat,287579
173268,Ivo,Grbic,Grbić,226073
173271,Duje,Caleta-Car,Caleta-Car,238266
173399,Mohamed,Dräger,Dräger,192167
173514,Isaac,Success Ajayi,Success,295331
173515,Kelechi,Iheanacho,Iheanacho,295330
173792,Reece,Oxford,Oxford,314295
173804,Layton,Ndukwu,Ndukwu,314284
173807,Tom,Davies,Davies,314210
173809,Jonathan,Leko,Leko,314266
173810,Darnell,Johnson,Johnson,314372
173818,Nathan,Broadhead,Broadhead,344009
173821,Tyler,Roberts,Roberts,296986
173879,Tammy,Abraham,Abraham,331726
173904,Davinson,Sánchez,Sánchez,341429
173954,Jairo,Riedewald,Riedewald,241481
174248,George,Thomas,Thomas,298240
174254,Pedro,Chirivella,Chirivella,242273
174292,Marco,Asensio,M.Asensio,296622
174310,Elijah,Adebayo,Adebayo,319900
174590,Jacob,Maddox,Maddox,314268
174593,Kyle,Edwards,Edwards,314366
174594,Lukas,Nmecha,Nmecha,314288
174595,Admiral,Muskwe,Muskwe,314378
174597,Andre,Green,Green,309841
174874,Joachim,Andersen,Andersen,260827
174932,Sergi,Canós Tenés,Canós,251845
175351,Demeaco,Duhaney,Duhaney,380913
175353,Ayotomiwa,Dele-Bashiru,Dele-Bashiru,346472
175592,Naby,Keita,Keita,302215
175941,Alfie,Whiteman,Whiteman,282823
175946,Víctor,Camarasa,Camarasa,263856
176295,Matthew,Willock,Willock,289845
176296,Ashley,Fletcher,Fletcher,289846
176297,Marcus,Rashford,Rashford,258923
176413,Christian,Pulisic,Pulisic,315779
176414,Luca,De La Torre,De La Torre,315762
176420,Darnell,Furlong,Furlong,351755
176706,Alfie,Jones,Jones,340990
177815,Dominic,Calvert-Lewin,Calvert-Lewin,306024
178173,Matt,Clarke,Clarke,307497
178186,Jarrod,Bowen,Bowen,314875
178301,Ollie,Watkins,Watkins,324358
178304,Lys,Mousset,Mousset,291422
178867,Antonio,Martinez Lopez,Martínez,302371
178871,Aleix,García Serrano,García,261504
178876,Jesús,Vallejo Lázaro,Vallejo,251896
179018,Miguel,Almirón Rejala,Almirón,272999
179261,Zachary,Dearnley,Dearnley,396284
179268,Marc,Cucurella Saseta,Cucurella,284857
179276,Mathias,Normann,Normann,257805
179456,Oskar,Buur,Buur,293283
179458,Jacob,Bruun Larsen,Bruun Larsen,293281
179519,Orel,Mangala,Mangala,289592
179587,Dennis,Srbeny,Srbeny,159239
179596,Elliott,Moore,Moore,341993
179620,Mamadou Obbi,Oularé,Oularé,314959
179725,Carl,Stewart,Stewart,479945
179829,Josh,Pask,Pask,339789
179830,Grady,Diangana,Diangana,342048
180135,Sean,Longstaff,S.Longstaff,346707
180151,Nikola,Vlasic,Vlasic,293200
180184,Donny,van de Beek,Van de Beek,288255
180294,Karlan,Grant,Grant,314183
180736,Trevoh,Chalobah,Chalobah,346314
180804,Axel,Tuanzebe,Tuanzebe,342046
180974,Joelinton Cássio,Apolinário de Lira,Joelinton,333241
181008,Albian,Ajeti,Ajeti,195906
181284,Gonçalo Manuel,Ganchinho Guedes,Guedes,225122
181397,Jamie,Sterry,Sterry,250431
181489,Alex,Pike,Pike,345960
181911,Kyle,Scott,Scott,258888
182156,Leroy,Sané,Sané,192565
182436,Ben,Woodburn,Woodburn,344015
182539,Daniel,Ceballos Fernández,Ceballos,319745
182960,Pau,López Sabata,Pau López,286415
183015,Cedric,Kipre,Kipre,364827
183487,Nathan,Holland,Holland,337321
183656,Josh,Dasilva,Dasilva,340321
183751,Manuel Benson,Hedilazio,Benson,322702
184029,Martin,Ødegaard,Ødegaard,316264
184193,Jordan,Smith,Smith,452707
184254,Guglielmo,Vicario,Vicario,286047
184259,Richard,Nartey,Nartey,396861
184341,Mason,Mount,Mount,346483
184349,Ryan,Sessegnon,R.Sessegnon,392775
184386,James,Bree,Bree,324223
184667,Victor,Lindelöf,Lindelöf,184573
184704,Marvelous,Nakamba,Nakamba,324882
184754,Hwang,Hee-chan,Hwang,292246
185056,Mateusz,Hewelt,Hewelt,318547
185253,Gustavo Henrique,Furtado Scarpa,Scarpa,330085
185431,Ali,Gabr,Gabr,122980
185478,Jarosław,Jach,Jach,327755
189627,Dimitris,Giannoulis,Giannoulis,295630
189776,Samuel,Bastien,Bastien,289510
191769,Jonathan,Benteke,Jonathan Benteke,273773
191866,Kristoffer,Ajer,Ajer,328658
192182,Kieran,O'Hara,O'Hara,289791
192290,Connor,Roberts,Roberts,214666
192301,Jon Gorenc,Stankovic,Stankovic,245034
192303,Christoph,Zimmermann,Zimmermann,77812
192895,Kieran,Tierney,Tierney,300716
193109,Callum,Slattery,Slattery,332342
193111,Todd,Cantwell,Cantwell,332341
193195,Allan,Campbell,Campbell,347619
193204,Joe,Ayodele-Aribo,Aribo,468198
193488,Anwar,El Ghazi,El Ghazi,183720
193645,Robin,Koch,Koch,328784
194010,Rico,Henry,Henry,339556
194126,Michael,Verrips,Verrips,288259
194164,Mason,Holgate,Holgate,348623
194190,Harry,Souttar,Souttar,298091
194252,Steven,Bergwijn,Bergwijn,284165
194401,Adalberto,Peñaranda,Peñaranda,308801
194634,Diogo,Teixeira da Silva,Diogo Jota,340950
194794,Fikayo,Tomori,Tomori,303254
194798,Bernard,Ashley-Seal,Ashley-Seal,322089
194799,Jamal,Lewis,Lewis,346018
195064,Mace,Goodridge,Goodridge,382552
195384,Mikel,Merino,Merino,338424
195471,Anthony,Driscoll-Glennon,Driscoll-Glennon,503683
195473,Rhian,Brewster,Brewster,406560
195480,Josh,Maja,Maja,453824
195546,Emiliano,Buendía Stati,Buendía,321247
195728,Alex,Kral,Kral,337333
195735,Nicolas,Pépé,Pépé,343052
195774,Gedson,Carvalho Fernandes,Fernandes,337800
195851,Scott,McTominay,McTominay,315969
195855,Beni,Baningime,Baningime,399369
195859,Marcus,Browne,Browne,391470
195860,Joe,Powell,Powell,354134
195864,Sam,Field,Field,387331
195899,Gianluca,Scamacca,Scamacca,315867
196100,Gustavo,Hamer,Hamer,322985
196118,Yoshinori,Muto,Muto,230541
196411,Conor,Chaplin,Chaplin,349503
197024,Guido,Rodríguez,G.Rodríguez,342385
197030,Aboubakar,Kamara,Kamara,290951
197365,Eric,Bailly,Bailly,286384
197464,Nathaniel,Phillips,Phillips,371814
197469,Hamza,Choudhury,Choudhury,341501
197937,Oliver,Burke,Burke,341317
198044,Harry,Lewis,Lewis,341043
198501,Sead,Haksabanovic,Haksabanovic,349300
198504,Kazaiah,Sterling,Sterling,357397
198826,Ben,Godfrey,Godfrey,343475
198842,Connor,Ronan,Ronan,337787
198847,Bright,Enobakhare,Enobakhare,345772
198849,Lucas,Torreira di Pascua,Torreira,318077
198869,Benjamin,White,White,335721
199056,Gabriel,Osho,Osho,364409
199170,Moussa,Niakhaté,Niakhaté,291200
199249,Sergio,Reguilón,Reguilón,282429
199404,Tashan,Oakley-Boothe,Oakley-Boothe,406637
199583,Dujon,Sterling,Sterling,346315
199584,Japhet,Tanganga,Tanganga,346478
199598,Ethan,Ampadu,Ampadu,392771
199670,Odsonne,Edouard,Edouard,344152
199796,Matty,Cash,Cash,425334
199798,Ezri,Konsa Ngoyo,Konsa,413403
199806,Dion,Henry,Henry,345899
200088,Daniel,N'Lundulu,Nlundulu,346482
200089,Joe,Willock,Willock,340329
200370,Matt,Butcher,Butcher,391132
200402,Nélson,Cabral Semedo,Semedo,231572
200428,Mateusz,Lis,Lis,345437
200439,Che,Adams,Adams,346779
200455,Julien,Ngoy,Ngoy,286005
200600,Daniel,Castelo Podence,Podence,256977
200617,Daniel,James,James,319301
200641,Reiss,Nelson,Nelson,340325
200720,Caoimhin,Kelleher,Kelleher,340918
200785,Tyler,Adams,Adams,332705
200826,Giovani,Lo Celso,Lo Celso,348795
200878,Filip,Krovinovic,Krovinovic,261988
200884,Tyrese,Campbell,Campbell,382554
201057,Thilo,Kehrer,Kehrer,228948
201084,Timothy,Fosu-Mensah,Fosu-Mensah,315131
201410,Auston,Trusty,Trusty,389253
201440,Hwang,Ui-jo,Ui-jo,260166
201595,Lucas,Perri,Perri,352041
201658,Marcus,Tavernier,Tavernier,399434
201666,Harvey,Barnes,Barnes,398065
201667,Josh,Knight,Knight,425026
202174,Greg,Luer,Luer,356195
202641,André,Onana,Onana,234509
202993,Rodrigo,Bentancur,Bentancur,354362
203325,André-Frank,Zambo Anguissa,Anguissa,354361
203341,Wilfred,Ndidi,Ndidi,274839
203368,Frédéric,Guilbert,Guilbert,354352
203389,Nathan,Tella,Tella,340322
204043,Arthur Henrique,Ramos de Oliveira Melo,Arthur,362842
204214,Pervis,Estupiñán,Estupiñán,349599
204216,Keshi,Anderson,Anderson,353674
204380,Juninho,Bacuna,Bacuna,348863
204454,Isaac,Mbenza,Mbenza,260806
204480,Declan,Rice,Rice,357662
204481,Tyreke,Johnson,Johnson,404586
204580,Vitaly,Janelt,Janelt,270171
204642,Jay-Roy,Grot,Grot,360517
204646,Donyell,Malen,Malen,326029
204676,Andi,Zeqiri,Zeqiri,345468
204716,Ibrahima,Konaté,Konaté,357119
204727,Malang,Sarr,Sarr,344596
204760,Michael,Folivi,Folivi,479939
204814,Ben,Brereton,Brereton Díaz,426192
204819,Elliot,Embleton,Embleton,364828
204820,George,Marsh,Marsh,431424
204822,Omar,Richards,Richards,424881
204863,Ryan,Manning,Manning,262300
204968,Ryan,Yates,Yates,425902
205102,Ramadan,Sobhi,Sobhi,312017
205135,Samuel,Shashoua,Shashoua,387313
205533,Eddie,Nketiah,Nketiah,340324
205651,Gabriel,Fernando de Jesus,Jesus,363205
205836,Saman,Ghoddos,Ghoddos,204294
206325,Oleksandr,Zinchenko,Zinchenko,203853
206882,Pontus,Dahlberg,Dahlberg,365544
206915,Curtis,Jones,Jones,433188
207189,Sander,Berge,Berge,333014
207270,Daniel,Iversen,Iversen,260841
207283,Mathias,Jensen,Jensen,319859
207300,Mihai-Alexandru,Dobre,Dobre,365770
207722,Jack,Walton,Walton,368629
207725,Daniel,Agyei,Agyei,367195
208706,Bruno,Guimarães Rodriguez Moura,Bruno Guimarães,520624
208904,Mads Juel,Andersen,Andersen,407021
208912,Joe,Worrall,Worrall,415970
208973,Francisco,Sierralta,Sierralta,371436
208987,Jeff,Reine-Adelaide,Reine-Adelaide,326300
208998,Zeze Steven,Sessegnon,Sessegnon,406558
209035,Jonathan,Panzo,Panzo,392777
209036,Marc,Guéhi,Guéhi,392757
209037,Zech,Medley,Medley,392761
209040,Timothy,Eyoma,Eyoma,406559
209041,Angel,Gomes,Gomes,392770
209042,Oliver,Skipp,Skipp,406638
209043,Nya,Kirby,Kirby,406633
209045,Taylor,Richards,Richards,484551
209046,Callum,Hudson-Odoi,Hudson-Odoi,392768
209212,Thomas,Edwards,Edwards,430788
209243,Jadon,Sancho,Sancho,401173
209244,Phil,Foden,Foden,406635
209288,Tom,McGill,McGill,406556
209289,Emile,Smith Rowe,Smith Rowe,392765
209293,Daiki,Hashioka,Hashioka,387191
209353,Patrick,Cutrone,Cutrone,265078
209362,Bernardo,Fernandes Da Silva Junior,Bernardo,364258
209365,Matthijs,de Ligt,De Ligt,326031
209400,Daichi,Kamada,Kamada,356141
209411,Joe,Tupper,Tupper,424901
209413,Jordi,Osei-Tutu,Osei-Tutu,397099
209418,Tobi,Omole,Omole,503687
209419,Max,Melbourne,Melbourne,460255
209420,Joy,Mukena,Mukena,506213
209925,Xande,Nascimento da Costa Silva,Xande Silva,258011
210156,Taiwo,Awoniyi,Awoniyi,295313
210207,Fousseni,Diabaté,Diabaté,364861
210237,Marko,Grujic,Grujic,222813
210407,Matheus,Pereira,Pereira,225984
210462,Ibrahim,Sangaré,Sangaré,375885
210494,Nayef,Aguerd,Aguerd,361914
211975,Manuel,Akanji,Akanji,284730
212314,Sasa,Lukic,Lukic,245056
212319,Richarlison,de Andrade,Richarlison,378710
212325,Pierre,Lees-Melou,Lees-Melou,377393
212701,Denis,Zakaria,Zakaria,334526
212721,Lyanco,Silveira Neves Vojnovic,Lyanco,379807
212723,Milot,Rashica,Rashica,291739
213056,Tudor,Baluta,Baluta,433976
213198,Christopher,Nkunku,Nkunku,344381
213280,Jake,Eastwood,Eastwood,526873
213345,Wesley,Moraes,Wesley,381362
213384,Josh,Clackstone,Clackstone,453306
213405,Filip,Benkovic,Benkovic,293168
213482,Yan,Valery,Valery,406008
213687,Charlie,Goode,Goode,376856
213999,Edson,Álvarez Velázquez,Álvarez,401356
214048,Max,Kilman,Kilman,525247
214225,Joe,Rodon,Rodon,297212
214285,Konstantinos,Tsimikas,Tsimikas,338070
214466,Will,Smallbone,Smallbone,444211
214470,Jake,Vokins,Vokins,421424
214572,Brandon,Austin,Austin,428016
214590,Aaron,Wan-Bissaka,Wan-Bissaka,477758
214964,George,Edmundson,Edmundson,385848
214987,Kamil,Miazek,Miazek,237632
215059,Robert,Sánchez,Sánchez,403151
215062,Max,Sanders,Sanders,411495
215066,Alex,Cochrane,Cochrane,392773
215136,Neco,Williams,N.Williams,503680
215379,Elliot,Anderson,Anderson,567576
215407,Alfie,Lewis,Lewis,423571
215409,Cameron,John,John,425894
215413,Kiernan,Dewsbury-Hall,Dewsbury-Hall,475188
215439,Tomas,Soucek,Soucek,283628
215457,Kane,Wilson,Wilson,392774
215460,Ian Carlo,Poveda-Ocampo,Poveda,392763
215476,Joshua,Sargent,Sargent,393325
215531,Ionuț,Radu,Radu,303657
215610,Marcel,Lavinier,Lavinier,392772
215711,Leon,Bailey,Bailey,387626
215885,Michael,Phillips,Phillips,378629
216051,Diogo,Dalot Teixeira,Dalot,357147
216054,Rúben,Nascimento Vinagre,Vinagre,357158
216058,Domingos,Quina,Quina,391719
216183,Brahim,Diaz,Diaz,314678
216208,Matija,Šarkić,Šarkić,293257
216554,Sam,Hughes,Hughes,395797
216616,Dara,O'Shea,O'Shea,401320
216620,Marcus,Forss,Forss,404584
216646,Yoane,Wissa,Wissa,388165
217331,Sam,Surridge,Surridge,398402
217401,Josh,Benson,Benson,397102
217487,Mbwana Ally,Samatta,Samatta,182201
217593,Pablo,Fornals Malla,Fornals,357885
217989,Rafael,Camacho,Camacho,400831
218023,Jimmy,Dunne,Dunne,396174
218031,Çaglar,Söyüncü,Söyüncü,320141
218112,Jason,Lokilo,Lokilo,325200
218218,Wout,Faes,Faes,292808
218430,Gonzalo,Montiel,G.Montiel,402733
218997,Ellis,Simms,Simms,511550
219002,Dodi,Lukebakio,Lukebakio,303259
219168,Alexander,Isak,Isak,349066
219249,Matt,O'Riley,O'Riley,406634
219265,Felix,Nmecha,Nmecha,406640
219279,Sugawara,Yukinari,Sugawara,405385
219291,Claudio,Gomes,Gomes,395239
219352,Ademola,Lookman,Lookman,406040
219727,Joel,Asoro,Asoro,375391
219847,Kai,Havertz,Havertz,309400
219924,Issa,Diop,Diop,272622
219929,Rafa,Mir,Mir,361254
219937,Rhys,Williams,R.Williams,503679
219961,Raphael,Dias Belloli,Raphinha,411295
220037,Bailey,Peacock-Farrell,Peacock-Farrell,410436
220087,Maximilian,Wöber,Wöber,263361
220166,Marc,Navarro,Navarro,335245
220237,Sven,Botman,Botman,361093
220307,Arnaut,Danjuma,Danjuma,355861
220362,Axel,Disasi,Disasi,386047
220394,Tommy,Doyle,Doyle,433183
220566,Rodrigo,Hernandez,Rodri,357565
220583,Luke,Woolfenden,Woolfenden,527425
220585,Flynn,Downes,Downes,506189
220598,Michael,Obafemi,Obafemi,444208
220627,James,Justin,Justin,413220
220650,Thibaud,Verlinden,Verlinden,338673
220682,Arthur,Okonkwo,Okonkwo,503769
220684,Ajibola,Alese,Alese,502065
220686,Bali,Mumba,Mumba,433186
220688,Mason,Greenwood,Greenwood,532826
220693,Rayhaan,Tulloch,Tulloch,433184
220695,Paris,Maghoma,Maghoma,470596
220738,Jayson,Molumby,Molumby,357656
221239,Keinan,Davis,Davis,412660
221245,Levi,Lumeka,Lumeka,537182
221267,Josh,Tymon,Tymon,419929
221268,Ben,Hinchcliffe,Hinchcliffe,49597
221271,Ben,Wynter,Wynter,464738
221272,Sam,Woods,Woods,611650
221275,Luke,Dreher,Dreher,432293
221286,Charlie,Rowan,Rowan,479944
221399,Jack,Harrison,Harrison,417346
221403,Richie,Laryea,Laryea,417348
221466,Marcos,Senesi,Senesi,469781
221568,Daniel,Kemp,Kemp,396857
221610,Jamie,Shackleton,Shackleton,534700
221632,Cristian,Romero,Romero,355915
221820,Lisandro,Martínez,Martínez,480762
222017,Conor,Coventry,Coventry,419025
222018,Ben,Johnson,Johnson,468002
222434,Jack,Simpson,Simpson,419930
222531,Morgan,Gibbs-White,Gibbs-White,429014
222564,Francisco,Machado Mota de Castro Trincão,Trincão,412669
222625,George,Hirst,Hirst,420808
222627,João,Virgínia,Virgínia,329813
222677,Tahith,Chong,Chong,344830
222683,Justin,Kluivert,Kluivert,330659
222690,Tyrell,Malacia,Malacia,339340
222694,Pascal,Struijk,Struijk,410708
222786,Panagiotis,Retsos,Retsos,324351
223081,Kristoffer,Klaesson,Klaesson,418561
223094,Erling,Haaland,Haaland,418560
223175,Matthew,Longstaff,M.Longstaff,484387
223332,Faustino,Anjorin,Anjorin,433181
223333,Louie,Watson,Watson,505548
223335,Sylvester,Jasper,Jasper,502074
223337,Jamie,Bowden,Bowden,504051
223340,Bukayo,Saka,Saka,433177
223349,Indiana,Vassilev,Vassilev,469860
223434,Igor Julio,dos Santos de Paulo,Igor,380350
223541,Federico,Chiesa,Chiesa,341092
223723,Takehiro,Tomiyasu,Tomiyasu,331560
223824,Reece,Hannam,Hannam,503241
223911,Chris,Mepham,Mepham,480987
224024,Lucas,Tolentino Coelho de Lima,Paquetá,444523
224068,Matt,Turner,Turner,425306
224117,Viktor,Gyokeres,Gyokeres,325443
224209,Rasmus,Kristensen,Kristensen,369684
224444,Ferran,Torres,Torres,398184
224860,Carlos,Soler,C.Soler,372246
224946,Matthew,Worthington,Worthington,493607
224967,Vitalii,Mykolenko,Mykolenko,404842
224995,Luis,Sinisterra Lucumí,Sinisterra,512385
225000,Dion,Sanderson,Sanderson,495993
225295,Mateus,Cardoso Lemos Martins,Tetê,371256
225321,Aaron,Ramsdale,Ramsdale,427568
225368,Meritan,Shabani,Shabani,379980
225702,Samuel,Kalu,Kalu,424051
225796,Reece,James,James,472423
225897,Fodé,Ballo-Touré,Ballo-Touré,296422
225902,Boubakary,Soumaré,Soumaré,344605
226029,Lasse,Sorenson,Sorenson,357967
226182,Jayden,Bogle,Bogle,465717
226473,Scott,Twine,Twine,433818
226597,Gabriel,dos Santos Magalhães,Gabriel,435338
226944,Boubacar,Kamara,Kamara,394327
226956,Mads,Roerslev Rasmussen,Roerslev,391005
227127,Yves,Bissouma,Bissouma,410425
227444,Nikola,Milenković,Milenković,413507
227560,Oghenekaro Peter,Etebo,Etebo,409106
228044,Mads,Bech Sørensen,Bech,372240
228286,Edouard,Mendy,Mendy,442531
228798,Cengiz,Ünder,Ünder,341647
229164,Chiedozie,Ogbene,Ogbene,392591
229384,Andy,Irving,Irving,430310
229415,Jon,McCracken,McCracken,403564
229600,Mark,Travers,Travers,357658
230001,Noussair,Mazraoui,Mazraoui,340456
230046,Douglas Luiz,Soares de Paulo,Douglas Luiz,447661
230127,Percy,Tau,Tau,312239
230251,Emmanuel,Dennis,Dennis,448854
230348,Ross,Stewart,Stewart,447995
230428,Philippe,Sandler,Sandler,340460
231057,Jean-Ricner,Bellegarde,Bellegarde,450050
231065,Ethan,Pinnock,Pinnock,442248
231172,Brandon,Mason,Mason,479942
231372,Tanguy,Ndombele,Ndombele,450936
231416,Ferdi,Kadioglu,F.Kadıoğlu,369316
231480,Santiago,Bueno,S.Bueno,438001
231747,Jean-Philippe,Mateta,Mateta,420002
231899,Jack,Taylor,Taylor,458178
232112,Manuel,Ugarte,Ugarte,476701
232185,Ismaila,Sarr,Sarr,410225
232223,Folarin,Balogun,Balogun,503770
232228,Harry,Clarke,Clarke,528892
232229,Vontae,Daley-Campbell,Daley-Campbell,530732
232233,Tyreece,John-Jules,John-Jules,503768
232241,Matthew,Smith,Smith,528894
232245,Zak,Swanson,Swanson,540687
232247,Dominic,Thompson,Thompson,503688
232351,Ryan,Giles,Giles,504581
232361,Taylor,Perry,Perry,502073
232391,Jeremy,Ngakia,Ngakia,503795
232398,Nathan,Trott,Trott,431422
232413,Eberechi,Eze,Eze,479999
232423,Nathan,Ferguson,Ferguson,507254
232427,Rekeem,Harper,Harper,456877
232456,Dilan,Markanday,Markanday,530807
232477,Elliot,Thorpe,Thorpe,496661
232620,Lewis,Brunt,Brunt,533657
232653,Jacob,Ramsey,Ramsey,503749
232667,Akin,Famewo,Famewo,425713
232787,Conor,Gallagher,Gallagher,488362
232792,Tariq,Lamptey,Lamptey,504148
232797,Kayne,Ramsay,Ramsay,530879
232826,Anthony,Gordon,Gordon,503733
232829,Kyle,John,John,504507
232859,Djed,Spence,Spence,483348
232881,Thakgalo,Leshabela,Leshabela,461882
232892,Calvin,Bassey,Bassey,461883
232917,Arijanet,Muric,Muric,371021
232928,James,Garner,Garner,505219
232937,Brandon,Williams,B.Williams,507700
232957,Thomas,Allan,Allan,484390
232960,Lewis,Cass,Cass,474382
232964,Lewis,Gibson,Gibson,419325
232977,Kelland,Watts,Watts,484389
232979,Jack,Young,Young,507235
232980,Max,Aarons,Aarons,471690
233420,Renan Augusto,Lodi dos Santos,Renan Lodi,476352
233425,Aaron,Connolly,Connolly,434207
233489,Leighton,Clarkson,Clarkson,470606
233497,Adama,Diakhaby,Diakhaby,453594
233821,Anel,Ahmedhodžić,Ahmedhodžić,377468
233849,Archie,Mair,Mair,447063
233963,Konstantinos,Mavropanos,Mavropanos,415912
234370,Marc,Roca Junqué,Roca,336869
234483,Aiden,O'Neill,O'Neill,385918
234720,Giovanni,McGregor,McGregor,611651
234908,Juan,Foyth,Foyth,480763
235382,Steven,Alzate,Alzate,476237
235448,Ellery,Balcombe,Balcombe,456292
235449,George,Wickens,Wickens,502070
235530,Lloyd,Kelly,Kelly,480116
235546,Jacob,Sørensen,Sørensen,390664
235599,Nikola,Tavares,Tavares,487428
235640,Harry,Boyes,Boyes,746778
235674,Manor,Solomon,Solomon,396638
240143,Ibrahima,Diallo,Diallo,413032
240299,Joseph,Hodge,Hodge,503975
240499,Daniel,Batty,Batty,509268
240514,Kjell,Scherpen,Scherpen,463527
240796,Álvaro,Fernández,Fernández,453704
241157,Emerson,Leite de Souza Junior,Emerson Royal,476344
241231,Jordan,Beyer,Beyer,403898
241289,Ben,Wilmot,Wilmot,467599
241519,Weston,McKennie,McKennie,332697
241791,Ryan,Schofield,Schofield,495441
242058,Moise,Kean,Kean,364135
242166,Mattéo,Guendouzi,Guendouzi,465830
242183,James,Morris,Morris,610621
242453,Jacob,Brown,Brown,469958
242500,Joe,Taylor,Taylor,944551
242510,Louie,Moulden,Moulden,444641
242880,Benoît,Badiashile,Badiashile,463603
242885,Loïc,Mbe Soh,Mbe Soh,463610
242898,Brennan,Johnson,Johnson,470607
243016,Alexis,Mac Allister,Mac Allister,534033
243298,Cody,Gakpo,Gakpo,434675
243343,Jake,Cain,Cain,565420
243345,Lewis,O'Brien,O'Brien,560694
243505,Jakub,Moder,Moder,384461
243531,Andrew,Eleftheriou,Eleftheriou,476532
243532,Dion,Pereira,Pereira,499604
243557,Moussa,Diaby,Diaby,395516
243568,Billy,Gilmour,Gilmour,423744
243569,Adedapo,Awokoya-Mebude,Mebude,424021
243571,Nathan,Patterson,Patterson,424015
243710,Bernardo,Costa Da Rosa,Rosa,476367
244042,Rodrigo,Muniz Carvalho,Muniz,735571
244085,Siriki,Dembélé,Dembélé,488656
244262,Alfie,Doughty,Doughty,608175
244560,Romain,Perraud,Perraud,318523
244619,Luke,Thomas,Thomas,505194
244704,Matías,Viña,Viña,439072
244716,Juan Camilo,Hernández Suárez,Cucho,459463
244723,Tyrick,Mitchell,Mitchell,730893
244731,Luis,Díaz,Luis Díaz,480692
244845,Nathan,Wood-Gordon,Wood,503990
244848,Teddy,Jenks,Jenks,530915
244850,Morgan,Rogers,Rogers,503743
244851,Cole,Palmer,Palmer,568177
244856,Teden,Mengi,Mengi,548470
244858,Fábio,Freitas Gouveia Carvalho,Carvalho,559263
244890,Joseph,Hungbo,Hungbo,725703
244930,Alex,Mighten,Mighten,503988
244932,Ben,Knight,Knight,568007
244954,Pau,Torres,Pau,399776
245414,Nicolò,Zaniolo,Zaniolo,392085
245419,Patson,Daka,Daka,365172
245719,Taylor,Harwood-Bellis,Harwood-Bellis,503977
245824,Carlos Vinícius,Alves Morais,Vinícius,525287
245830,Josh,Bowler,Bowler,506470
245923,Luke,Cundle,Cundle,532541
246265,Corrie,Ndaba,Ndaba,433329
246301,Jorge,Cuenca Barreno,J.Cuenca,494880
246799,Jackson,Smith,Smith,511964
246878,Abdelhamid,Sabiri,Sabiri,340394
247245,Hannes,Delcroix,Delcroix,338635
247286,Kyle,Jameson,Jameson,494684
247348,Daniel,Muñoz,Muñoz,493003
247412,Jørgen,Strand Larsen,Strand Larsen,429983
247632,Pedro,Lomba Neto,Neto,487465
247664,Terry,Ablade,Ablade,434015
248164,Viljami,Sinisalo,Sinisalo,484838
248853,Dynel,Simeu,Simeu,503976
248854,Josh,Brooking,Brooking,566832
248857,Noni,Madueke,Madueke,503987
248859,Amadou,Diallo,Diallo,533086
248865,Armstrong,Oko-Flex,Oko-Flex,531461
248875,Jérémy,Doku,Doku,486049
248937,Sam,Greenwood,Greenwood,532178
249231,Keane,Lewis-Potter,Lewis-Potter,644401
250199,Nicolás,Domínguez,Dominguez,497291
250370,Nathan,Bishop,Bishop,495033
250604,Owen,Otasowie,Otasowie,511815
250735,Darko,Churlinov,Churlinov,386786
420922,Jan,Zamburek,Zamburek,487924
421796,Sidnei,Tavares,Tavares,511813
422287,Kofi,Balmer,Balmer,504518
422303,John,McAtee,McAtee,504855
422306,Will,Ferry,Ferry,504856
422612,Ryan,Astley,Astley,511552
423649,Enock,Mwepu,Mwepu,490307
424001,Vini,de Souza Costa,Vini Souza,663581
424044,Hamed,Traorè,H.Traorè,391065
424876,Dominik,Szoboszlai,Szoboszlai,451276
427420,Giovanni,Reyna,Reyna,504215
427623,Chris,Richards,Richards,578539
427637,Brenden,Aaronson,Aaronson,393323
428399,João,Félix Sequeira,João Félix,462250
428580,Frank,Onyeka,Onyeka,421637
428610,Bruno André,Cavaco Jordão,Jordão,415646
428626,Przemyslaw,Placheta,Placheta,383109
428971,Steven,Benda,Benda,381469
429414,Sasa,Kalajdzic,Kalajdžić,369567
430367,Joel,Mumbongo,Mumbongo,381156
430871,Matheus,Santos Carneiro Da Cunha,Cunha,517894
430992,Owen,Beck,Beck,551001
431019,Karlo,Ziger,Ziger,526258
431131,Moussa,Djenepo,Djenepo,485424
431774,Kyle,Taylor,Taylor,562254
431924,Daniel,Adshead,Adshead,532464
431960,Bendegúz,Bolla,Bolla,439351
432160,Shandon,Baptiste,Baptiste,533916
432422,Sandro,Tonali,Tonali,397033
432656,Eric,Garcia,Garcia,466794
432705,James,Daly,Daly,577779
432711,Conrad,Egan-Riley,Egan-Riley,581669
432712,Owen,Hesketh,Hesketh,550995
432714,James,McAtee,McAtee,583199
432720,James,Trafford,Trafford,566799
432735,Adam,Idah,Idah,434223
432793,Abd-Al-Ali Morakinyo Olaposi,Koiki,Koiki,641441
432830,Nathan,Collins,Collins,469050
432927,Daniel,Langley,Langley,532824
432931,Tyrese,Francois,Francois,528888
432987,Vítezslav,Jaros,Jaros,486604
432990,Yasser,Larouci,Larouci,554251
433019,Liam,Hughes,Hughes,494284
433138,Marc,Leonard,Leonard,463751
433154,Dwight,McNeil,McNeil,584769
433312,Marshall,Munetsi,Munetsi,414908
433589,Haydon,Roberts,Roberts,533523
433590,Cody,Drameh,Drameh,531957
433979,Cameron,Archer,Archer,533662
434024,Patrik,Gunnarsson,Gunnarsson,429563
434043,Alex,Robertson,Robertson,609887
434044,Cieran,Slicker,Slicker,621997
434138,Jordan,Stevens,Stevens,533913
434662,Halil,Dervişoğlu,Dervişoğlu,465606
435973,Lyle,Foster,Foster,467623
436234,Bryan,Gil Salvatierra,Bryan,537382
436680,Jakub,Stolarczyk,Stolarczyk,486144
436893,Julián,Araujo Zúñiga,J.Araujo,513970
437468,Sergio,Gómez,Sergio Gómez,366930
437476,Braian,Ojeda Rodríguez,Ojeda,491596
437495,Illan,Meslier,Meslier,542586
437499,Maxence,Lacroix,Lacroix,434224
437626,Nuno,Varela Tavares,Tavares,535955
437688,Lewis,Richards,Richards,571827
437730,Antoine,Semenyo,Semenyo,583255
437742,Albert,Sambi Lokonga,Sambi,381967
437748,Mike,Trésor,M.Trésor,381963
437753,Giulian,Biancone,Biancone,536507
437757,Han-Noah,Massengo,Massengo,536508
437858,Vitor,Ferreira,Vitinha,487469
438098,Fábio,Ferreira Vieira,Fábio Vieira,537598
438234,Omar Khaled Mohamed Abd Elsala,Marmoush,Marmoush,445939
438277,Ozan,Kabak,Kabak,361260
438405,Billy,Crellin,Crellin,536794
438464,Cheick,Doucouré,C.Doucouré,543387
439135,Eiran,Cashin,Cashin,581330
439242,Taylor,Gardner-Hickman,Gardner-Hickman,546944
439482,Miguel,Azeez,Azeez,547533
439483,Hubert,Graczyk,Graczyk,587018
439485,Josh,Martin,Martin,547534
439509,Christos,Tzolis,Tzolis,451677
439510,Luke,Mbete-Tabu,Mbete,609883
440089,Mikkel,Damsgaard,Damsgaard,540941
440113,Aaron,Rowe,Rowe,657994
440120,Daniel,Chesters,Chesters,561452
440123,James,Furlong,Furlong,580030
440148,Tyler,Morton,Morton,618494
440241,Jensen,Weir,Weir,520651
440323,Armando,Broja,Broja,571743
440854,Jakub,Kiwior,Kiwior,425918
440993,Iliman,Ndiaye,Ndiaye,623570
441024,Harrison,Ashby,Ashby,559130
441164,Pedro,Porro,Pedro Porro,553875
441191,Tino,Livramento,Livramento,503981
441192,Jeremy,Sarmiento Morante,Sarmiento,568005
441240,Romain,Faivre,Faivre,555076
441266,Ryan,Gravenberch,Gravenberch,478573
441271,Ki-Jana,Hoever,Hoever,485583
441302,Ian,Maatsen,Maatsen,485585
441428,Jarell,Quansah,Quansah,632349
441455,Victor,da Silva,Vitinho,468249
442229,Michal,Karbownik,Karbownik,401604
442335,Edo,Kayembe,Kayembe,486477
443211,Rhys,Norrington-Davies,Norrington-Davies,543164
443261,Jack,Clarke,J.Clarke,559794
443296,Theo,Corbeanu,Corbeanu,568535
443629,Marcelo,de Araújo Pitaluga Filho,Pitaluga,662334
443661,Michael,Olise,Olise,566723
443967,Junior,Firpo Adames,Firpo,374139
444102,Francisco Evanilson,de Lima Barbosa,Evanilson,711337
444145,Gabriel,Martinelli Silva,Martinelli,655488
444172,Will,Dennis,Dennis,582078
444180,Jaidon,Anthony,Anthony,684210
444181,Nnamdi,Ofoborh,Ofoborh,611906
444183,Gavin,Kilkenny,Kilkenny,469064
444253,Jordan,Thomas,Thomas,563306
444463,Wesley,Fofana,W.Fofana,475411
444575,Toby,King,King,614826
444765,Sepp,van den Berg,Van den Berg,541231
444880,Mika,Biereth,Biereth,565821
444884,Harvey,Elliott,Elliott,565822
445044,Dejan,Kulusevski,Kulusevski,431755
445122,Jurriën,Timber,J.Timber,420243
445548,Odeluga,Offiah,Offiah,567597
445550,Thomas,Dickson-Peters,Dickson-Peters,566888
445896,Kgaogelo,Chauke,Chauke,703577
446008,Bryan,Mbeumo,Mbeumo,413039
446189,Matej,Kovár,Kovár,550829
446281,Tony,Springett,Springett,570864
447093,Allan,Tchaptchet,Tchaptchet,465294
447107,Ethan,Wady,Wady,573132
447203,Darwin,Núñez Ribeiro,Darwin,546543
447235,Troy,Parrott,Parrott,552655
447261,Mackenzie,Hunt,Hunt,574420
447325,Harry,Tyrer,Tyrer,574448
447372,Ryan,Finnigan,Finnigan,807318
447373,Shane,Flynn,Flynn,583258
447715,Aaron,Ramsey,Ramsey,646658
447720,Imari,Samuels,Samuels,565846
447879,Joseph,Anang,Anang,576099
447880,Josh,Wilson-Esbrand,Wilson-Esbrand,576121
447932,Jordan,Zemura,Zemura,633530
448047,Enzo,Fernández,Enzo,648195
448089,João Victor,Gomes da Silva,João Gomes,735570
448482,Robert,Street,Street,703474
448487,Andreas,Söndergaard,Söndergaard,462820
448496,Ed,Turns,Turns,580809
448514,Rayan,Aït-Nouri,Aït-Nouri,578391
448791,Harvey,White,White,581598
449133,Harvey,Griffiths,Griffiths,670558
449429,Jacob,Greaves,Greaves,693095
449434,Anthony,Elanga,Elanga,583189
449444,Mazeed,Ogungbo,Ogungbo,581445
449781,Alexandre,Jankewitz,Jankewitz,507472
449871,Amadou,Onana,Onana,485706
449926,Adrián,Bernabé,Bernabé,466802
449974,Lukas,Jensen,Jensen,581890
449988,Fabio,Silva,Fabio Silva,505653
450070,Crysencio,Summerville,Summerville,474701
450197,George,Shelvey,G.Shelvey,565684
450314,Matthew,Daly,Daly,566349
450434,Deniz,Undav,Undav,339314
450527,Mohammed,Salisu,Salisu,563963
450529,Lewis,Bate,Bate,587003
450535,Malcolm,Ebiowei,Ebiowei,512354
450539,Myles,Peart-Harris,Peart-Harris,587002
450541,Luke,Plange,Plange,586986
450542,Jesurun,Rak-Sakyi,Rak-Sakyi,586834
450544,Charlie,Patino,Patino,581674
450550,Fin,Stevens,Stevens,587019
450553,Alex,Kirk,Kirk,586980
451302,Altay,Bayindir,Altay,336077
451310,Jonathan,Tomkinson,Tomkinson,696762
451340,Kaoru,Mitoma,Mitoma,504849
453537,Carlos,Mendes Gomes,Mendes,588412
454667,Jens,Cajuste,Cajuste,468066
455084,Leif,Davis,Davis,596446
456350,Gavin,Bazunu,Bazunu,585550
456966,Caleb,Watts,Watts,610665
457569,Đorđe,Petrović,Petrović,465555
458249,Joshua,Zirkzee,Zirkzee,435648
458297,Pierre,Ekwah,Ekwah,538994
459373,Gonçalo Bento,Soares Cardoso,Cardoso,587106
460028,Levi,Colwill,Colwill,614258
460029,Nathan,Young-Coombes,Young-Coombes,581679
460842,Mohammed,Kudus,Kudus,543499
461012,Cameron,Plain,Plain,655136
461013,Euan,Pollock,Pollock,655142
461017,Christian,Saydee,Saydee,655835
461023,Ryan,Alebiosu,Alebiosu,610649
461025,Nathan,Butler-Oyedeji,Butler-Oyedeji,638964
461026,Chem,Campbell,Campbell,614603
461080,Joseph,McGlynn,McGlynn,704801
461096,Lewis,Richardson,Richardson,657863
461102,Bobby,Thomas,Thomas,788283
461188,Bashir,Humphreys,Humphreys,612517
461195,Dennis,Cirkin,Cirkin,568006
461199,Romaine,Mundle,Mundle,696181
461201,Matthew,Craig,Craig,633659
461212,Nile,John,John,581683
461358,Julián,Álvarez,Álvarez,576024
461382,John-Kymani,Gordon,Gordon,659331
461416,Thomas,Cannon,Cannon,669366
461421,Lewis,Dobbin,Dobbin,627248
461446,Tyler,Onyango,Onyango,663225
461450,Max,Thompson,Thompson,598958
461453,Lewis,Warrington,Warrington,652979
461484,Joe,White,White,614811
461508,Lucas,De Bolle,De Bolle,626291
461529,Charlie,Savage,Savage,686837
461533,Ademipo,Odubeko,Odubeko,655880
461537,Dermot,Mee,Mee,620362
461548,Zidane,Iqbal,Iqbal,686845
461558,Maxwell,Haygarth,Haygarth,596216
461566,William,Fish,Fish,640245
461567,Owen,Dodgson,Dodgson,686839
461584,Wanya,Marçal-Madivadua,Marçal-Madivadua,670988
461585,Tawanda,Maswanhise,Maswanhise,670987
461587,Kasey,McAteer,McAteer,621193
461682,Brandon,Aguilera Zamora,B.Aguilera,631996
462116,Jean-Clair,Todibo,Todibo,605184
462381,Filip,Marschall,Marschall,610863
462384,Jamal,Baptiste,Baptiste,610706
462387,Ali,Al-Hamadi,Al-Hamadi,610581
462424,William,Saliba,Saliba,495666
462438,Micah,Hamilton,Hamilton,652797
462491,Luke,Chambers,Chambers,670861
462492,Joe,Gauci,Gauci,591844
462635,Joe,Gelhardt,Gelhardt,503980
462831,Scott,Banks,Banks,596821
463034,Liam,Delap,Delap,610849
463067,Georginio,Rutter,Rutter,538977
463210,Shea,Charles,Charles,747951
463212,Carlos Roberto,Forbs Borges,Forbs,742451
463748,Karl,Hein,Hein,493513
463903,Jesper,Lindstrøm,Lindstrøm,513245
463912,Elia,Caprile,Caprile,421873
463981,James,Hill,Hill,611793
464353,Harvey,Davies,H.Davies,706815
464618,Liam,McCarron,McCarron,614082
465299,Anthony,Mancini,Mancini,677311
465351,Matheus Luiz,Nunes,Matheus,601883
465390,Kaine,Hayden,Hayden,626888
465527,Hannibal,Mejbri,Mejbri,607224
465551,Nigel,Lonwijk,Lonwijk,566043
465572,Reda,Khadra,Khadra,405686
465607,Anssumane,Fati Vieira,Ansu Fati,466810
465694,Nico,González,N.Gonzalez,466805
465920,Mykhailo,Mudryk,Mudryk,537860
466075,Riccardo,Calafiori,Calafiori,502821
466117,Naouirou,Ahamada,Ahamada,538971
466404,Andrew,Omobamidele,Omobamidele,621993
466955,Brandon,Pierrick,Pierrick,703470
467114,Oliver,Casey,Casey,559800
467169,Antony Matheus,dos Santos,Antony,602105
467189,Mads,Hermansen,Hermansen,400536
467311,Matthew,Pollock,Pollock,624948
467779,Mats,Wieffer,Wieffer,415381
468243,Kamil,Conteh,Conteh,733494
469142,Jan Paul,van Hecke,Van Hecke,576314
469247,Samuel,Iling-Junior,Iling Jr,581672
469249,Nohan,Kenneh,Kenneh,581677
470255,Caleb,Taylor,Taylor,671074
470294,Darko,Gyabi,Gyabi,663264
470296,Jeremiah,Chilokoa-Mullen,Chilokoa-Mullen,719681
471471,Imrân,Louza,Louza,635336
471798,Gabriel,Słonina,Slonina,656316
471848,Femi,Seriki,Seriki,638649
472464,Shola,Shoretire,Shoretire,640026
472713,Aaron,Hickey,Hickey,591949
472739,Carl,Rushworth,Rushworth,646353
472769,Nico,O'Reilly,O'Reilly,743413
473341,Caleb,Okoli,Okoli,461833
473342,Stuart,McKinstry,McKinstry,592474
474003,Leonardo,Campana,Campana,606872
474120,Julio,Enciso,Enciso,660867
474772,Ben,Greenwood,Greenwood,646333
474803,Eddie,Beach,Beach,732120
474907,Reece,Welch,Welch,655986
474908,Jadan,Raymond,Raymond,655815
475123,Carlos Miguel,dos Santos Pereira,C.Miguel,641458
475168,João Pedro,Junqueira de Jesus,João Pedro,626724
475480,Benicio,Baker-Boaitey,Baker-Boaitey,657817
475492,Oliver,Hammond,Hammond,646214
476161,Lewis,Payne,Payne,744131
476344,Jhon,Durán,Durán,649317
476369,Issa,Kaboré,Kaboré,649452
476502,Boubacar,Traoré,Traoré,649020
476888,Sékou,Mara,Mara,557612
476938,Ismaila,Coulibaly,Coulibaly,490224
477064,Rico,Lewis,Lewis,701057
477386,Armel,Bella-Kotchap,Bella-Kotchap,467563
477424,Joško,Gvardiol,Gvardiol,475959
477547,Leo Fuhr,Hjelde,Hjelde,661208
477555,Oscar,Bobb,Bobb,661207
477580,Illia,Zabarnyi,Zabarnyi,659089
477717,Maxime,Esteve,Estève,842341
477733,Radek,Vítek,Vítek,622236
478028,Kayky da Silva,Chagas,Kayky,668265
478227,Stefan,Parkes,Parkes,657724
478449,Kyron,Gordon,Gordon,746734
478912,Carney,Chukwuemeka,Chukwuemeka,659459
478969,Hjalmar,Ekdal,Ekdal,392179
479641,Sebastian,Revan,Revan,667925
479683,Marcus,Oliveira Alencar,Marquinhos,668268
480216,Mateusz,Bogusz,Bogusz,431475
480455,Jarrad,Branthwaite,Branthwaite,661053
480818,Billy,Koumetio,Koumetio,696324
481283,James,Wright,Wright,712181
481371,Zak,Brunt,Brunt,746777
481405,Mads,Bidstrup,Bidstrup,462832
481510,Victor,Kristiansen,Kristiansen,564529
481624,Jaden,Philogene-Bidace,Philogene-Bidace,665390
481626,Christian,Marques,Marques,539807
482158,Lucas,Bergström,Bergström,490606
482442,Pape Matar,Sarr,Sarr,568693
482609,Malo,Gusto,Gusto,620322
482769,Máximo,Perrone,Perrone,668547
483081,Rodrigo,Martins Gomes,R.Gomes,667121
483364,Krisztián,Hegyi,Hegyi,543726
483365,Jonathan,Rowe,Rowe,672381
483391,Luke,McNally,McNally,535927
483398,Matthew,Whittingham,Whittingham,908798
484658,Kacper,Kozłowski,Kozłowski,554284
485047,Felipe,Rodrigues da Silva,Morato,673492
485055,Antonín,Kinsky,Kinsky,725912
486385,Norberto Bercique,Gomes Betuncal,Beto,595809
486623,Sean,McAllister,McAllister,720720
486672,Moisés,Caicedo Corozo,Caicedo,687626
486870,Frederik,Alves,Alves,542690
487053,Destiny,Udogie,Udogie,556385
487117,Evan,Ferguson,Ferguson,648046
487693,Devan,Tanton,Tanton,745452
487702,Luca,Koleosho,Koleosho,745461
487818,Joseph,Whitworth,Whitworth,670840
487828,Omari,Forson,Forson,670845
487835,Benjamin,Chrisene,Chrisene,670846
487836,Antwoine,Hackford,Hackford,670859
487837,Divin,Mubama,Mubama,670848
487838,Lewis,Hall,Hall,670858
487968,Ameen,Al-Dakhil,Al-Dakhil,620598
488404,Facundo,Pellistri Rebollo,Pellistri,676318
488439,Woyo,Coulibaly,Coulibaly,592975
488464,Caleb,Wiley,Wiley,746833
489580,Calvin,Ramsay,Ramsay,633652
489639,Bart,Verbruggen,Verbruggen,565093
489706,Justin,Devenny,Devenny,747009
490094,Tim,Iroegbunam,Iroegbunam,696589
490095,Ty,Barnett,Barnett,751666
490098,Kaine,Hayden,Hayden,626888
490138,Jakub,Ojrzynski,Ojrzynski,540630
490145,Dane,Scarlett,Scarlett,670883
490146,Jay,Stansfield,Stansfield,696346
490150,Michael,Ndiweni,Ndiweni,698151
490161,Abu,Kamara,Kamara,696764
490180,Aribim,Pepple,Pepple,696502
490503,Samuel,Edozie,Edozie,680806
490721,Hugo,Bueno López,Bueno,698678
490881,Toby,Collyer,Collyer,654253
490885,George,Earthy,Earthy,697280
490887,Zach,Awe,Awe,697282
491008,Diogo,Pinheiro Monteiro,Monteiro,670713
491011,Diego Manuel Jadon,da Silva Moreira,Diego Moreira,655006
491012,Youssef,Ramalho Chermiti,Y. Chermiti,670688
491279,Micky,van de Ven,Van de Ven,557459
491287,Enzo,Barrenechea,Barrenechea,671915
491501,James,McConnell,McConnell,845289
491551,Thierry,Small,Small,746554
491556,Charlie,Whitaker,Whitaker,726992
491557,Jenson,Metcalfe,Metcalfe,855890
491559,Isaac,Price,Price,612749
491598,Cameron,Peupion,Peupion,703626
491745,Elijah,Campbell,Campbell,747598
491785,Harvey,Vale,Vale,581675
491970,Bobby,Clark,Clark,712117
492066,Niall,Huggins,Huggins,559801
492373,Charlie,Cresswell,Cresswell,597659
492374,Jack,Jenkins,Jenkins,734375
492776,Dexter,Lembikisa,Lembikisa,712099
492777,Conor,Bradley,Bradley,624258
492779,Yago,de Santiago Alonso,Alonso,706947
492831,Zeki,Amdouni,Amdouni,548729
492859,Wilfried,Gnonto,Gnonto,627626
493105,Alejandro,Garnacho,Garnacho,811779
493121,Roshaun,Mathurin,Mathurin,706822
493125,Radu,Dragusin,Drăgușin,568559
493250,Amad,Diallo,Amad,536835
493347,Denis,Franchi,Franchi,606576
493736,Jimmy,Morgan,Morgan,936867
493928,Marcelo,Flores,Flores,668495
493934,Kwadwo,Baah,Baah,711247
494041,Ethan,Brierley,Brierley,718250
494307,Max,Alleyne,Alleyne,843595
494541,Kamari,Doyle,Doyle,864480
494543,Dominic,Ballard,Ballard,864496
494779,Albert,Grønbæk,Grønbæk,503866
495145,Alex,Paulsen,Paulsen,617009
495542,Niels,Nkounkou,Nkounkou,591193
496178,Roman,Dixon,Dixon,856479
496179,Alfie,Devine,Devine,728734
496185,Kaide,Gordon,Gordon,732119
496208,Ben,Doak,Doak,719673
496221,Adam,Wharton,Wharton,744149
496222,Zak,Sturge,Sturge,801472
496228,Sonny,Perkins,Perkins,670877
496279,Isaac,Heath,Heath,847579
496283,Mahamadou,Susoho,Susoho,895074
496661,Tyler,Dibling,Dibling,866655
496683,Max,Kinsey-Wellings,Kinsey-Wellings,939615
497605,Liam,Gibbs,Gibbs,724785
497606,Tawanda,Chirewa,Chirewa,724783
497894,Rasmus,Højlund,Højlund,610442
498046,Salah-Eddine,Oulad M'hand,Oulad M'hand,559330
499167,Josh,Nichols,Nichols,964554
499169,Myles,Lewis-Skelly,Lewis-Skelly,890721
499175,Ethan,Nwaneri,Nwaneri,890719
499309,Marc,Guiu Paz,Marc Guiu,938158
499717,Jayden,Meghoma,Meghoma,954104
499721,Mikey,Moore,Moore,1011147
499724,Samuel,Amo-Ameyaw,Amo-Ameyaw,933900
499726,Callum,Olusesi,Olusesi,985546
499857,Teddy,Sharman-Lowe,Sharman-Lowe,731466
500016,Welington Damascena,Santos,Welington,729264
500052,Luca,Barrington,Barrington,745689
500058,Jayden,Danns,Danns,939290
500267,Loïc,Badé,Badé,730581
500926,Ronnie,Edwards,Edwards,732165
501284,Michael,Olakigbe,Olakigbe,734425
501468,Tayo,Adaramola,Adaramola,724529
501620,Dante,Cassanova,Cassanova,738269
501770,Ben,Nelson,Nelson,714458
501837,Yerson,Mosquera Valdelamar,Mosquera,716276
502222,Ramón,Sosa,Sosa,745191
502500,Igor Thiago,Nascimento Rodrigues,Thiago,739443
502697,Carlos,Alcaraz,Alcaraz,748319
503139,Alex,Scott,Scott,855256
503300,Matthew,Cox,Cox,741236
503301,Omari,Hutchinson,Hutchinson,741238
503308,James,Sweet,Sweet,583952
503714,Lesley,Ugochukwu,Ugochukwu,711999
503724,Lorenz,Assignon,Assignon,711969
504198,Anis,Slimane,Slimane,546712
504296,Coby,Ebere,Coby Ebere,1018714
504598,Daniel,Gore,Gore,747153
504750,Justin,Hubner,Hubner,678641
504751,Mauro,Bandeira,Bandeira,745846
504783,Kamaldeen,Sulemana,Kamaldeen,746695
505187,Cesare,Casadei,Casadei,622380
505265,Cheikh,Diaby,Diaby,592988
507433,Hákon,Valdimarsson,Valdimarsson,488935
508395,Yegor,Yarmoliuk,Yarmoliuk,717411
508479,Filip,Jørgensen,Jørgensen,585323
509291,André,Trindade da Costa Neto,André,800176
509416,Yasin,Ayari,Ayari,667287
510281,Sávio 'Savinho',Moreira de Oliveira,Sávio,743591
510328,Stanley,Mills,Mills,801005
510362,Toti António,Gomes,Toti,606718
510363,Francisco Jorge,Tomás Oliveira,Chiquinho,695454
510500,João Pedro,Ferreira Silva,Jota Silva,663244
511499,Mathys,Tel,Tel,801734
511504,Kristian,Sekularac,Sekularac,539810
511783,Anass,Zaroury,Zaroury,491296
512462,Jake,O'Brien,O'Brien,711544
513046,Danilo,dos Santos de Oliveira,Danilo,808509
513418,Kevin,Schade,Schade,473050
513433,Brajan,Gruda,Gruda,700106
513527,Bilal,El Khannouss,El Khannouss,654982
513588,Jamie,Donley,Donley,796305
513789,Thanawat,Suengchitthawon,Suengchitthawon,427691
513834,Andrew,Moran,Moran,724537
513836,Leigh,Kavanagh,Kavanagh,724530
513840,Samy,Chouchane,Chouchane,756591
513852,Kris,Moore,Moore,746067
514154,Ben,Jackson,Jackson,801474
514229,Sam,Waller,Waller,733430
514254,Diego,Gómez,Gómez,996897
514277,Jimi,Tauriainen,Tauriainen,681615
514280,Alfie,Gilchrist,Gilchrist,790992
514284,Joe,Wormleighton,Wormleighton,814524
514287,Sil,Swinkels,Swinkels,646710
514315,Lino,Sousa,Sousa,743414
514356,Roméo,Lavia,Lavia,628451
514362,Temple,Ojinnaka,Ojinnaka,813142
514514,Lewis,Koumas,Koumas,922462
515023,Matthew,Dibley-Dias,Dibley-Dias,817611
515024,Luke,Harris,Harris,817612
515496,Owen,Goodman,Goodman,814848
515500,Rhys,Bennett,Bennett,794816
515501,Álvaro,Fernández,Álvaro Fernández,453704
515503,Jack,Wells-Morrison,Wells-Morrison,814811
515504,Joe,Hugill,Hugill,726859
515571,Juan,Larios López,Larios,646738
515597,Lamare,Bogarde,Bogarde,645686
515599,Tommi,O'Reilly,O'Reilly,818237
515621,Chadi,Riad Dnanou,Chadi Riad,689637
516159,Oliwier,Zych,Zych,555074
516250,Jacob,Wright,Wright,983702
516432,Valintino,Adedokun,Adedokun,747996
516874,Charles,Sagoe,Sagoe,796037
516895,Kobbie,Mainoo,Mainoo,820374
516939,Emmanuel,Agbadou,Agbadou,683895
517052,Nicolas,Jackson,N.Jackson,776890
517178,Elkan,Baggott,Baggott,758030
517179,Alfie,Pond,Pond,821522
517995,Leo,Castledine,Castledine,796303
517996,Ronnie,Stutter,Stutter,825024
518199,Fabian,Mrozek,Mrozek,678402
518438,Kaelan,Casey,Casey,845321
518442,Lewis,Orford,Orford,845809
518466,Willy,Kambwala,Kambwala,780630
518467,Marc,Jurado Gomez,Jurado,709960
518504,James,Storer,Storer,838367
518620,Ângelo Gabriel,Borges Damaceno,Ângelo,743598
518892,Ted,Curd,Curd,857792
518906,Owen,Bevan,Bevan,583990
519198,Alex,Matos,Matos,670850
519223,Sammy,Braybrooke,Braybrooke,840640
519321,Alfie,Dorrington,Dorrington,796300
519324,Amario,Cozier-Duberry,Cozier-Duberry,878150
519325,Habeeb,Ogunneye,Ogunneye,864788
519327,George,Abbott,Abbott,907215
519328,Callum,Scanlon,Scanlon,796298
520295,David Datro,Fofana,D.D.Fofana,787232
521966,Finley,Munroe,Munroe,845723
523700,Daniel,Jebbison,Jebbison,746740
523957,Bénie,Traoré,T.Bénie,852024
524069,Dale,Taylor,Dale Taylor,624267
524070,Jamie,McDonnell,McDonnell,694901
524180,Cameron,Humphreys,Humphreys,871335
524196,Shaqai,Forde,Forde,852517
530117,Louis,Jackson,Jackson,858191
530121,Zain,Silcott-Duberry,Silcott-Duberry,777308
530318,Kaden,Rodney,Rodney,860078
530873,Dara,Costelloe,Costelloe,614700
531076,Frankie,Maguire,Maguire,746753
531170,Nasser,Djiga,Djiga,862297
531363,Nathan,Fraser,Fraser,863741
531442,Abdul,Fatawu,A.Fatawu,864121
531989,David,Ozoh,Ozoh,865993
531993,Ademola,Ola-Adebomi,Ola-Adebomi,814820
531997,Henry,Cartwright,Cartwright,866651
532135,Killian,Phillips,Phillips,801420
532372,Oliver,Arblaster,Arblaster,874066
532377,Louie,Marsh,Marsh,874043
532528,Joshua,Duffus,Duffus,867700
532529,Jack,Hinshelwood,Hinshelwood,867688
532534,Will,Alves,Alves,867711
532535,Thomas,Wilson-Brown,Wilson-Brown,867710
532605,Andrey,Nascimento dos Santos,Andrey Santos,743600
533463,Dango,Ouattara,Ouattara,823231
533710,Iwan,Morgan,Morgan,966671
533719,Adrian,Blake,Blake,875581
534392,Mason,Burstow,Burstow,874080
534836,Travis,Patterson,Patterson,874902
535017,Julian,Eyestone,Eyestone,1008553
535262,Reuell,Walters,Walters,878160
535264,Bradley,Ibrahim,Ibrahim,871837
535301,Carlos,Baleba,Baleba,973085
535339,Tiago,Çukur,Çukur,594276
535818,Simon,Adingra,Adingra,658536
535928,Stefan,Bajcetic,Bajcetic,864799
536109,Oliver,Scarles,Scarles,922563
536110,Josh,Feeney,Feeney,875929
536238,Ishé,Samuels-Smith,Samuels-Smith,922698
536241,Martin,Sherif,Sherif,922695
536677,Detlef Esapa,Osong,Osong,921532
536681,Joe,Gardner,Gardner,921513
536694,Matheus,França de Oliveira,Matheus França,743597
536908,Alejo,Véliz,Veliz,888493
536916,Facundo,Buonanotte,Buonanotte,983989
537043,Kaine,Kesler Hayden,Kesler Hayden,626888
537403,Kadan,Young,Kadan Young,887433
538206,Jordan,Amissah,Amissah,385412
538207,William,Osula,Osula,609556
538210,Andre,Brooks,Brooks,746739
539721,Ruairi,McConville,McConville,701021
541462,Matai,Akinmboni,Akinmboni,994604
543158,Valentín,Barco,Barco,849410
544877,Milos,Kerkez,Kerkez,730861
545477,Alex,Murphy,A.Murphy,900601
545508,Joseph,O'Brien-Whitmarsh,O'Brien-Whitmarsh,741228
547037,Jack,Fletcher,Fletcher,1011140
547659,Josh,Powell,Powell,855279
547668,Axel,Piesold,Piesold,907219
547673,Charlie,Robinson,C.Robinson,921992
547676,Tyler,Fredricson,Fredricson,911424
547686,Luc,De Fougerolles,De Fougerolles,921995
547692,Samuel,Rak-Sakyi,Rak-Sakyi,906214
547701,Archie,Gray,Gray,922693
547716,Ben,Parkinson,Parkinson,922764
547719,Lewis,Miley,Miley,922769
547801,Callum,Bates,Bates,1018716
548308,Ashley,Phillips,Phillips,859951
549014,Noël,Atom,Atom,913214
549067,Zach,Abbott,Abbott,933017
549068,Omari,Kellyman,Kellyman,926135
549344,Sam,Curtis,Curtis,741267
549640,Michael,Golding,Golding,936842
550141,Adrian,Mazilu,Mazilu,723835
550596,Dominic,Sadi,Sadi,936901
550615,Tyrique,George,George,936874
550833,Noha,Lemina,N.Lemina,816124
550839,Wilson,Odobert,Odobert,743498
550864,Leny,Yoro,Yoro,923831
551221,Tommy,Setford,Setford,848753
551226,Mateus Gonçalo,Espanha Fernandes,M.Fernandes,880245
551230,Renato,Palma Veiga,Renato Veiga,805714
551232,Rodrigo,Duarte Ribeiro,Ribeiro,726701
551995,Taylan,Harris,Harris,985717
552030,Aidan,Francis-Clarke,Francis-Clarke,802230
552425,Sydie,Peck,Peck,745851
552427,Will,Lankshear,Lankshear,879768
554194,Jahmai,Simpson-Pusey,Simpson-Pusey,942497
554605,Dean,Huijsen,Huijsen,890290
556639,Jayce,Fitzgerald,Fitzgerald,964690
559684,Jack,Moorhouse,Moorhouse,953933
559962,Jamaldeen,Jimoh,Jimoh,954105
559963,Kiano,Dyer,Dyer,954125
560248,Bastien,Meupiyou,Meupiyou,955253
563883,Vincent,Angelini,Angelini,736251
563934,Tyrese,Hall,Hall,965971
564505,Sam,Proctor,Proctor,1004709
564510,Garang,Kuol,Kuol,967948
565297,Mateo Joseph,Fernández,Mateo Joseph,834742
565431,Callum,Marshall,Marshall,953135
565858,Killian,Cahill,Cahill,745716
567119,Shumaira,Mheuka,Mheuka,982097
567121,Joe,Knight,Knight,978668
568791,Callan,McKenna,McKenna,983248
569014,Eric,da Silva Moreira,Da Silva Moreira,897481
570241,Ji-Soo,Kim,Kim Ji-Soo,709767
570526,Lucas,Bergvall,Bergvall,866246
573062,Martial,Godo,Godo,992686
573808,Jack,Grieves,Grieves,974327
574398,Franco,Umeh-Chibueze,Umeh-Chibueze,943560
574402,Mark,O’Mahony,O’Mahony,943549
574799,Damola,Ajayi,Ajayi,999745
575034,Ethan,Wheatley,Wheatley,888639
575204,Claudio,Echeverri,Echeverri,994536
575476,Murillo,Santiago Costa dos Santos,Murillo,1005649
575901,Julio,Soler,Soler,1009658
576637,Godwill,Kukonki,Kukonki,1184841
576980,Zach,Marsh,Marsh,1004679
577016,Josh,Acheampong,Acheampong,1004708
577114,Luis Guilherme,Lira dos Santos,L.Guilherme,991800
577725,Joshua,King,King,1011131
577731,Ben,Broggio,Broggio,985544
577974,Harry,Amass,Amass,1011738
578153,Abdukodir,Khusanov,Khusanov,763079
578512,Miodrag,Pivaš,Pivas,908890
578545,Kosta,Nedeljković,Nedeljkovic,848682
578614,Enock,Agyei,Agyei,724041
579075,Asher,Agbinone,Agbinone,1047256
585472,Ryan,Oné,Oné,1031293
588555,Elyh,Harrison,Harrison,1013690
588793,Maldini,Kacurri,Kacurri,903189
588796,Ismeal,Kabia,Kabia,964561
589100,Jacob,Slater,Slater,854930
589114,Zack,Nelson,Nelson,965940
589507,Leon,Chiwome,Chiwome,1043634
590012,Caleb,Kporha,Kporha,1047261
590760,Daniel,Adu-Adjei,Adu-Adjei,963878
591357,Ryan,Trevitt,Trevitt,874538
591382,Genesis,Antwi,Genesis Antwi,1045121
591385,Samuel,Amissah,Amissah,1026524
591386,Treymaurice,Nyoni,Nyoni,1045123
591538,Owen,Hampson,Hampson,967340
591539,Billy,Blacker,Blacker,967318
592031,Yankuba,Minteh,Minteh,1012534
592436,Travis,Hernes,Hernes,1053908
592661,Tristan,Crama,Crama,732529
592662,Tony,Yogane,Yogane,979064
592736,Maeson,King,King,1047342
593001,Enso,González,González,1060740
596047,Chido,Obi-Martin,Obi,1042886
596054,Tom,Edozie,Edozie,1065227
596572,Michael,Dacosta Gonzalez,Dacosta Gonzalez,854722
596777,Patrick,Dorgu,Dorgu,926952
597983,Ollie,Harrison,Harrison,1071819
599303,Sean,Neave,Neave,1071818
601496,Jili,Buyabu,Buyabu,1072898
601975,Yegor,Yarmolyuk,Yarmolyuk,717411
602903,Ezra,Mayers,Mayers,1107726
602934,Fletcher,Holman,Holman,1080392
606745,Ayden,Heaven,Heaven,1078163
606774,Remy,Rees-Dottin,Rees-Dottin,1089802
606775,Ben,Winterburn,Winterburn,854721
606798,Andrés,García,A. Garcia,1063329
606921,Romain,Esse,Esse,967319
607464,Michael,Kayode,Kayode,823486
608060,Jayden,Luker,Luker,1088817
609640,Mathis,Amougou,Amougou,1010854
609873,Harrison,Armstrong,Armstrong,1107733
611011,Joseph,Johnson,Johnson,1088818
611917,Luca,Williams-Barnett,Williams-Barnett,1108475
611920,Malachi,Hardy,Hardy,1108465
611926,Amara,Nallo,Nallo,1108049
612534,Benjamin,Fredrick,Fredrick,1071138
612855,Ibrahim,Osman,I.Osman,1110406
613120,Spike,Brits,Brits,1080903
613467,Wesley,Okoduwa,Okoduwa,1115502
616059,Jack,Porter,Porter,1131973
616094,Dovydas,Sasnauskas,Sasnauskas,1108667
616222,Vitor,de Oliveira Nunes dos Reis,Vitor Reis,1005575
617054,Deivid Washington,de Souza Eugênio,Deivid,1082850
618873,Sékou,Koné,Koné,1133978
620408,Joachim,Kayi-Sanda,Kayi Sanda,986298
622536,Benjamin,Arthur,Arthur,1144158
622758,Aaron,Anselmino,Anselmino,1145504
623095,Min-Hyeok,Yang,Yang,1004327
626464,Gustavo,Nunes Fernandes Gomes,G.Nunes,1086375
628204,Yunus,Konak,Konak,1141628
632822,Archie,Harris,Harris,963879
634640,Christian,Chigozie,Chigozie,1225825
641221,Pedro,Cardoso de Lima,Pedro Lima,1193867
646754,Lander,Emery,Emery,1237073
647597,Dominic,Dos Santos Martins,Martins,1203143
647671,Mateus,Mané,Mané,1230661
