code,first_name,second_name,web_name,understat
1243,Robert,Green,Green,4390
1616,Alexander,Manninger,Manninger,277
1632,Gareth,Barry,Barry,590
1718,John,Terry,Terry,917
1801,Paul,Robinson,Robinson,1667
1822,Shay,Given,Given,889
2404,Michael,Carrick,Carrick,654
2513,Jamie,Murphy,Murphy,6052
3201,Stuart,Taylor,Taylor,5580
3736,John,O'Shea,O'Shea,729
3773,Peter,Crouch,Crouch,872
5288,Gerhard,Tremmel,Tremmel,1062
5589,Dean,Whitehead,Whitehead,6328
6744,Lee,Grant,Grant,1742
7525,Steven,Pienaar,Pienaar,924
7551,Joleon,Lescott,Lescott,664
7638,Mark,Hudson,Hudson,
7645,Phil,Jagielka,Jagielka,587
7906,Damien,Delaney,Delaney,511
7958,Jermain,Defoe,Defoe,735
8380,James,Collins,Collins,655
8432,José,Reina,Reina,1374
9047,Glen,Johnson,Johnson,944
9089,Ben,Foster,Foster,803
9110,Shaun,Maloney,Maloney,1692
9808,Zlatan,Ibrahimovic,Ibrahimovic,1741
10318,Maarten,Stekelenburg,Stekelenburg,846
10460,Grant,Leadbitter,Leadbitter,5542
10589,Brian,Murphy,Brian Murphy,4459
11037,Rickie,Lambert,Lambert,816
11334,Petr,Cech,Cech,491
11352,Bruno,Saltor Grau,Bruno,6046
11467,Billy,Jones,Jones,742
11554,Julian,Speroni,Speroni,523
11735,Steve,Sidwell,Sidwell,1007
11829,Wayne,Routledge,Routledge,719
11854,Daryl,Murphy,Murphy,
11948,Andy,Lonergan,Lonergan,7821
11974,Eldin,Jakupovic,Jakupović,1697
12002,Stewart,Downing,Downing,1712
12086,Boaz,Myhill,Myhill,820
12150,Glenn,Whelan,Whelan,862
12390,Allan,McGregor,McGregor,4409
12413,Robert,Huth,Huth,747
12496,Víctor,Valdés,Valdés,1705
12679,Michael,Dawson,Dawson,1744
12744,David,Nugent,Nugent,1753
12745,Leighton,Baines,Baines,588
12813,Jonathan,Walters,Walters,863
13017,Wayne,Rooney,Rooney,629
13152,Andy,King,King,784
14075,Patrice,Evra,Evra,1298
14295,Darren,Fletcher,Fletcher,809
14664,Gnegneri Yaya,Touré,Yaya Touré,878
14927,Greg,Halford,Halford,
14937,Cristiano Ronaldo,dos Santos Aveiro,Ronaldo,2371
15033,Wes,Morgan,Morgan,748
15109,Tom,Huddlestone,Huddlestone,1695
15114,Leon,Britton,Britton,830
15137,Liam,Rosenior,Rosenior,4462
15144,David,Marshall,Marshall,1684
15149,Simon,Francis,Francis,456
15157,James,Milner,Milner,489
15208,Bastian,Schweinsteiger,Schweinsteiger,907
15237,Andrew,Surman,Surman,460
15276,Joey,Barton,Barton,4430
15633,Alex,Baptiste,Baptiste,1783
15749,Joe,Hart,Hart,609
15885,Adam,Federici,Federici,469
15944,Michael,Kightly,Kightly,1668
15982,Dean,Marney,Marney,1658
16045,Ben,Watson,Watson,571
17127,Per,Mertesacker,Mertesacker,507
17336,Gaël,Clichy,Clichy,613
17339,Steven,Davis,Davis,883
17349,Aaron,Lennon,Lennon,593
17476,Vincent,Kompany,Kompany,612
17601,Scott,Carson,Carson,8158
17740,Jesús,Navas,Navas,616
17745,Kasper,Schmeichel,Schmeichel,745
17761,James,Tarkowski,Tarkowski,1665
17878,Cesc,Fàbregas,Fàbregas,686
17997,Phil,Bardsley,Bardsley,857
18006,Martin,Cranie,Cranie,6344
18008,James,Morrison,Morrison,990
18073,Mark,Noble,Noble,533
18155,Mathieu,Flamini,Flamini,895
18440,Leon,Clarke,Clarke,8061
18499,Michael,McGovern,McGovern,8022
18507,Diego,Da Silva Costa,Diego Costa,802
18656,Heurelho da Silva,Gomes,Gomes,564
18665,Alexander,Tettey,Tettey,791
18726,Artur,Boruc,Boruc,455
18759,Álvaro,Arbeloa,Arbeloa,1704
18805,Joe,Ledley,Ledley,517
18832,Richard,Stearman,Stearman,7989
18867,Billy,Sharp,Sharp,7712
18892,Ashley,Young,Young,631
18987,Robert,Snodgrass,Snodgrass,1691
19057,Sebastian,Larsson,Larsson,740
19071,Uwe,Hünemeier,Hünemeier,4258
19101,Dimitrios,Konstantopoulos,Konstantopoulos,1767
19115,Curtis,Davies,Davies,1686
19151,Chris,Brunt,Brunt,904
19159,Ashley,Williams,Williams,709
19188,Scott,Dann,Dann,512
19194,David,Martin,Martin,8082
19197,Jason,Puncheon,Puncheon,514
19236,John,Ruddy,Ruddy,785
19272,Gareth,McAuley,McAuley,806
19342,Ikechi,Anya,Anya,577
19419,Gary,Cahill,Cahill,699
19520,Ryan,Babel,Babel,5176
19523,Sol,Bamba,Bamba,4027
19524,Santiago,Cazorla,Cazorla,965
19556,David,Jones,Jones,1787
19568,Ibrahim,Afellay,Afellay,864
19624,João Filipe Iria,Santos Moutinho,Moutinho,3422
19687,Alex,Bruce,Bruce,4411
19760,Fernando,Llorente,Llorente,1728
19812,Dusan,Kuciak,Kuciak,1772
19838,Robert,Elliot,Elliot,763
20037,Marc,Pugh,Pugh,466
20046,Stefano,Okaka,Okaka,1763
20047,Jordan,Rhodes,Rhodes,1714
20066,Wayne,Hennessey,Hennessey,509
20145,Adrian,Mariappa,Mariappa,524
20208,Charlie,Adam,Adam,873
20310,Willy,Caballero,Caballero,624
20399,Antonio,Barragán,Barragán,1706
20452,Shane,Long,Long,839
20467,Theo,Walcott,Walcott,503
20480,Tim,Krul,Krul,982
20481,Stephen,Ireland,Ireland,867
20487,Vito,Mannone,Mannone,726
20529,Glenn,Murray,Murray,882
20658,Pablo,Zabaleta,Zabaleta,610
20664,David,Silva,David Silva,617
20669,Shaun,MacDonald,MacDonald,471
20695,Antonio,Valencia,Valencia,627
21083,Nathan,Dyer,Dyer,783
21123,Valon,Behrami,Behrami,570
21205,Tom,Heaton,Heaton,1651
21246,Lewis,Grabban,Grabban,467
26719,Rene,Gilmartin,Gilmartin,969
26901,Kevin,Mirallas,Mirallas,595
26921,Arouna,Koné,Koné,601
27334,Mathieu,Debuchy,Debuchy,967
27335,Stephan,Lichtsteiner,Lichtsteiner,1303
27341,Yohan,Cabaye,Cabaye,516
27436,David,McGoldrick,McGoldrick,7711
27462,Jesús,Gámez Duarte,Gámez,2329
27698,Matthew,Connolly,Connolly,7237
27707,Darron,Gibson,Gibson,921
27770,Birkir,Bjarnason,Bjarnason,8269
27789,Fernando,Luiz Rosa,Fernandinho,614
28082,Ralf,Fahrmann,Fahrmann,330
28147,Mohamed,Diamé,Diamé,4471
28160,Mario,Suárez,Suárez,576
28244,George,Boyd,Boyd,1656
28411,Keylor,Navas,Navas,2243
28448,Lee,Cattermole,Cattermole,738
28462,Sam,Baldock,Baldock,6430
28468,Craig,Gardner,Gardner,812
28495,John Obi,Mikel,Mikel,685
28541,Fraizer,Campbell,Campbell,634
28554,Samir,Nasri,Nasri,877
28593,Victor,Anichebe,Anichebe,818
28609,Adam,Legzdins,Legzdins,6302
28654,Martin,Olsson,Olsson,798
28690,Pablo,Hernández Domínguez,Hernández,2164
32259,Darren,Randolph,Randolph,540
32318,Marc,Wilson,Marc Wilson,945
33148,Claudio,Bravo,Bravo,1731
33871,Ragnar,Klavan,Klavan,265
34654,Lukas,Jutkiewicz,Jutkiewicz,1664
36903,Gareth,Bale,Bale,2251
37002,Rouwen,Hennings,Hennings,7060
37096,Lukasz,Fabianski,Fabianski,706
37265,Alexis,Sánchez,Sánchez,498
37339,Ahmed,El Mohamady,El Mohamady,1685
37388,Marcin,Wasilewski,Wasilewski,760
37402,Christian,Fuchs,Fuchs,749
37572,Sergio,Agüero,Agüero,619
37605,Mesut,Özil,Özil,499
37614,Mario,Vrancic,Vrancic,12
37642,Jonny,Evans,Evans,807
37742,Younes,Kaboul,Kaboul,736
37748,Bacary,Sagna,Sagna,625
37869,Ryan,Shawcross,Shawcross,886
37901,Dimitri,Payet,Payet,536
37915,Hugo,Lloris,Lloris,637
37998,Bafétimbi,Gomis,Gomis,717
38038,Ben,Hamer,Hamer,1759
38290,Danny,Rose,Rose,641
38411,Nacho,Monreal,Monreal,495
38419,Loïc,Remy,Remy,690
38439,Etienne,Capoue,Capoue,572
38454,Dejan,Lovren,Lovren,602
38490,Beram,Kayal,Kayal,6409
38499,Tomer,Hemed,Hemed,4046
38533,Rui Pedro,dos Santos Patrício,Patrício,6849
38580,Jose,Fonte,Fonte,834
38588,Gaetano,Berardi,Berardi,9423
38716,Lee,Peltier,Peltier,6822
39104,Mousa,Dembélé,Dembélé,642
39155,Adam,Lallana,Lallana,486
39158,Scott,Arfield,Arfield,1659
39167,Andrea,Ranocchia,Ranocchia,1522
39187,Jeremain,Lens,Lens,781
39194,Jan,Vertonghen,Vertonghen,640
39215,Michel,Vorm,Vorm,651
39253,Jonas,Olsson,Olsson,805
39270,Marvin,Emnes,Emnes,829
39472,Dieumerci,Mbokani,Mbokani,795
39476,Sokratis,Papastathopoulos,Sokratis,371
39487,Erik,Pieters,Pieters,887
39725,Anders,Lindegaard,Lindegaard,950
39790,Francisco,Casilla Cortés,Casilla,2259
39847,Steven,Defour,Defour,1657
40002,Matteo,Darmian,Darmian,557
40142,Andy,Carroll,Carroll,537
40145,Jack,Cork,Cork,712
40146,Ryan,Bertrand,Bertrand,835
40202,George,Friend,Friend,1708
40232,Gonzalo,Higuaín,Higuaín,1293
40276,Bojan,Krkic Perez,Bojan,871
40346,Erwin,Mulder,Mulder,6431
40349,Asmir,Begović,Begović,694
40383,Fraser,Forster,Forster,831
40386,Chris,Basham,Basham,7704
40387,Dan,Gosling,Gosling,462
40399,Sam,Vokes,Vokes,1661
40451,Anthony,Pilkington,Pilkington,
40555,Joe,Allen,Allen,480
40559,Fabricio,Agosto Ramírez,Fabri,2587
40564,Henri,Lansbury,Lansbury,7727
40616,Stephen,Ward,Ward,1655
40669,Angelo,Ogbonna,Ogbonna,528
40694,Roberto,Jimenez Gago,Roberto,5087
40720,Edinson,Cavani,Cavani,3294
40725,Danny,Simpson,Simpson,746
40755,Daniel,Sturridge,Sturridge,483
40772,Gökhan,Inler,Inler,761
40784,Mamadou,Sakho,Sakho,485
40833,Jérémy,Pied,Pied,1784
40836,Vicente,Guaita,Guaita,2190
40845,Dale,Stephens,Stephens,6051
40868,José,Holebas,Holebas,568
41135,Branislav,Ivanovic,Ivanovic,682
41184,Marouane,Fellaini,Fellaini,630
41251,Eduardo,dos Reis Carvalho,Eduardo,5561
41270,David,Luiz Moreira Marinho,David Luiz,1676
41320,Charlie,Daniels,Daniels,459
41321,Yohan,Benalouane,Benalouane,974
41328,César,Azpilicueta,Azpilicueta,681
41338,Craig,Cathcart,Cathcart,581
41464,Marko,Arnautovic,Arnautovic,865
41674,Kevin,Long,Long,1747
41705,Bradley,Guzan,Guzan,662
41725,Troy,Deeney,Deeney,574
41727,Ryan,Bennett,Bennett,787
41733,Georginio,Wijnaldum,Wijnaldum,771
41792,Aaron,Ramsey,Ramsey,504
41823,Fabian,Delph,Delph,876
41926,Almen,Abdi,Abdi,569
41945,Sebastian,Prödl,Prödl,566
42427,Kieran,Gibbs,Gibbs,545
42493,Mario,Balotelli,Balotelli,1817
42525,Stephen,Henderson,Henderson,8095
42564,Eric Maxim,Choupo-Moting,Choupo-Moting,339
42583,Sébastien,Pocognoli,Pocognoli,893
42593,Aleksandar,Kolarov,Kolarov,621
42727,Yoan,Gouffran,Gouffran,916
42738,Juan,Zuñiga,Zuñiga,1722
42748,Gaëtan,Bong,Bong,6105
42774,Morgan,Schneiderlin,Schneiderlin,551
42786,Eden,Hazard,Hazard,701
42824,Carlos,Sánchez,Carlos Sánchez,667
42892,Álvaro,Negredo,Negredo,1715
42899,Sergio,Romero,Romero,560
42996,Angel,Rangel,Rangel,707
43020,Javier,Hernández Balcázar,Chicharito,191
43191,Leiva,Lucas,Lucas,475
43250,Tom,Cleverley,Cleverley,596
43252,James,Chester,Chester,819
43521,Henri,Saivet,Saivet,778
43626,Håvard,Nordtveit,Nordtveit,202
43670,Juan,Mata,Mata,554
43693,Martín,Cáceres,Cáceres,1942
43808,Markus,Suttner,Suttner,379
44302,Adlène,Guédioura,Guédioura,583
44336,Sofiane,Feghouli,Feghouli,1674
44343,Bakary,Sako,Sako,520
44346,Olivier,Giroud,Giroud,502
44413,Steve,Mandanda,Mandanda,1670
44604,Nordin,Amrabat,Amrabat,575
44683,Jay,Rodriguez,Rodriguez,844
44699,Ashley,Barnes,Barnes,4422
45034,Ivan,Perišić,Perišić,448
45076,Lamine,Koné,Koné,728
45124,André,Ayew,A.Ayew,713
45196,Gary,Madine,Madine,6829
45220,Alex,Smithies,Smithies,6832
45268,Moussa,Sissoko,Sissoko,772
46483,Adrien,Silva,Silva,6464
46695,Ritchie,de Laet,de Laet,955
47247,John,Fleck,Fleck,7709
47390,Neil,Taylor,Taylor,710
47431,Willian,Borges da Silva,Willian,700
48332,Orestis,Karnezis,Karnezis,1138
48615,Harry,Arter,Arter,881
48717,Winston,Reid,Reid,529
48760,Mathias,Jorgensen,Zanka,6030
48771,Emilio,Nsue Lopez,Nsue,1757
48773,Siem,de Jong,de Jong,774
48844,David,Ospina,Ospina,505
48860,Niki,Mäenpää,Mäenpää,6053
49013,Victor,Moses,Moses,541
49083,Luke,Freeman,Freeman,7713
49195,Jefferson,Montero,Montero,715
49202,Sean,Scannell,Scannell,
49207,Rudy,Gestede,Gestede,671
49262,Jason,Steele,Steele,7235
49277,Leroy,Fer,Fer,711
49382,Bruno,Ecuele Manga,Ecuele Manga,4883
49384,Jack,Rodwell,Rodwell,733
49413,James,Tomkins,Tomkins,530
49438,Jordon,Mutch,Mutch,632
49440,Hal,Robson-Kanu,Robson-Kanu,1738
49464,Cristhian,Stuani,Stuani,1709
49539,Kyle,Naughton,Naughton,718
49579,Pedro,Rodríguez Ledesma,Pedro,687
49688,Alfred,N'Diaye,N'Diaye,2144
49696,Mauro,Zárate,Zárate,939
49773,Albert,Adomah,Adomah,1782
49806,David Junior,Hoilett,Hoilett,4395
49845,Aron,Gunnarsson,Gunnarsson,7199
49944,Jake,Livermore,Livermore,1689
49957,Kamil,Grosicki,Grosicki,3231
49982,Sean,Morrison,Morrison,6823
50089,Geoff,Cameron,Cameron,859
50093,David,Button,Button,6843
50175,Danny,Welbeck,Welbeck,501
50229,Matt,Phillips,Phillips,1737
50232,Jonjo,Shelvey,Shelvey,769
50471,James,McArthur,McArthur,633
50472,James,McCarthy,McCarthy,589
51090,Thiago,Emiliano da Silva,Thiago Silva,3288
51344,Rajiv,van La Parra,van La Parra,6036
51507,Laurent,Koscielny,Koscielny,494
51917,Diego,Cavalieri,Cavalieri,6620
51927,Ben,Mee,Mee,1654
51934,Ron-Robert,Zieler,Zieler,91
51938,Marc,Albrighton,Albrighton,753
51940,David,De Gea Quintana,De Gea,546
52153,Miguel,Britos,Britos,567
52287,Evandro,Goebel,Evandro,5550
52484,Leon,Balogun,Balogun,394
52538,Fernando Francisco,Reges,Fernando,615
52775,Nicolas,Nkoulou,Nkoulou,
52940,Daryl,Janmaat,Janmaat,764
53371,David,Meyler,Meyler,1693
54102,Jack,Wilshere,Wilshere,1036
54284,Chris,Löwe,Löwe,6032
54316,Leonardo,Ulloa,Ulloa,756
54421,Floyd,Ayité,Ayité,3328
54469,Adam,Smith,Smith,825
54484,Francisco,Femenía Far,Femenía,5043
54513,Vicente,Iborra,Iborra,2065
54527,Loïc,Damour,Damour,7215
54694,Pierre-Emerick,Aubameyang,Aubameyang,318
54738,Thomas,Kaminski,Kaminski,11712
54756,Victor,Wanyama,Wanyama,836
54764,Jonathan,Kodjia,Kodjia,7725
54771,Fabio Pereira,da Silva,Fabio,1752
54861,Christian,Benteke,Benteke,606
54908,Nacer,Chadli,Chadli,648
55037,Cheikhou,Kouyaté,Kouyaté,532
55038,Kevin,McDonald,McDonald,6836
55313,Franck,Tabanou,Tabanou,980
55317,Bernardo,Espinosa Zúñiga,Bernardo,1716
55422,Gylfi,Sigurdsson,Sigurdsson,714
55452,Yannick,Bolasie,Bolasie,518
55459,Aaron,Cresswell,Cresswell,534
55494,Joel,Ward,Ward,510
55605,Toby,Alderweireld,Alderweireld,639
55829,Claudio,Yacob,Yacob,808
55909,Chris,Smalling,Smalling,628
55914,Liam,Cooper,Cooper,8816
56192,Rhu-endly,Martina,Cuco Martina,832
56377,Andriy,Yarmolenko,Yarmolenko,6274
56827,Costel,Pantilimon,Pantilimon,580
56864,Francis,Coquelin,Coquelin,497
56872,Junior,Stanislas,Stanislas,463
56917,Steve,Cook,Cook,458
56979,Jordan,Henderson,Henderson,605
56981,Joe,Bennett,Bennett,959
56983,Matt,Ritchie,Ritchie,461
57001,Wilfried,Bony,Bony,622
57112,Eliaquim,Mangala,Mangala,626
57127,Teemu,Pukki,Pukki,7696
57134,Salomón,Rondón,Rondón,813
57145,Federico,Fernández,Fernández,708
57187,Giedrius,Arlauskis,Arlauskis,949
57249,Henrikh,Mkhitaryan,Mkhitaryan,317
57328,Nathaniel,Clyne,Clyne,603
57410,Nicolás,Otamendi,Otamendi,611
57513,Jonas,Lössl,Lössl,3468
57531,Michail,Antonio,Antonio,531
57586,Luciano,Narsingh,Narsingh,5554
57647,Lyle,Taylor,Lyle Taylor,10762
57736,Jan,Kirchhoff,Kirchhoff,232
57913,Barry,Douglas,Douglas,
58376,Alex,McCarthy,McCarthy,635
58476,Rui Pedro,da Rocha Fonte,Fonte,7145
58498,Odion,Ighalo,Ighalo,573
58621,Kyle,Walker,Walker,638
58771,Jack,Colback,Colback,767
58786,Martin,Kelly,Kelly,525
58791,Ryan,Mason,Mason,649
58822,Cédric,Alves Soares,Cédric,847
58845,Ciaran,Clark,Clark,875
58877,Daley,Blind,Blind,548
58893,Marcos,Rojo,Rojo,550
59044,Adam,Clayton,Clayton,1717
59115,Mile,Jedinak,Jedinak,515
59125,Connor,Wickham,Wickham,519
59614,Mark,Duffy,Duffy,
59735,Karl,Darlow,Darlow,780
59741,Max,Gradel,Gradel,464
59779,Pedro,Obiang,Obiang,542
59796,Gökhan,Töre,Töre,1703
59846,Ander,Herrera,Herrera,552
59856,Abel,Hernández,Hernández,1698
59859,Ilkay,Gündogan,Gündogan,314
59940,Kyle,Bartley,Bartley,964
59949,Seamus,Coleman,Coleman,585
59966,Alexandre,Lacazette,Lacazette,3277
60025,James,Rodríguez,James,2249
60165,Wahbi,Khazri,Khazri,734
60232,Craig,Dawson,Dawson,804
60252,Andros,Townsend,Townsend,775
60270,Simone,Zaza,Zaza,1642
60307,Pascal,Groß,Groß,239
60551,Ashley,Westwood,Westwood,669
60586,Johann Berg,Gudmundsson,Gudmundsson,1663
60598,Aleksandar,Dragovic,Dragovic,5219
60689,Chris,Wood,Wood,4456
60706,Adrián,San Miguel del Castillo,Adrián,527
60772,Thibaut,Courtois,Courtois,680
60794,Adam,Matthews,Matthews,1034
60914,Joel,Matip,Matip,332
61256,Carlos Henrique,Casimiro,Casemiro,2248
61262,Oscar,dos Santos Emboaba Junior,Oscar,692
61302,Ryan,Allsop,Allsop,1050
61316,Jose Luis,Mato Sanmartín,Joselu,866
61366,Kevin,De Bruyne,De Bruyne,447
61538,Callum,McManaman,McManaman,880
61548,Manolo,Gabbiadini,Gabbiadini,1383
61558,Thiago,Alcántara do Nascimento,Thiago,229
61566,Roberto,Pereyra,Pereyra,1723
61595,Marc,Muniesa,Muniesa,860
61600,Romaine,Sawyers,Sawyers,8757
61603,Daniel,Drinkwater,Drinkwater,752
61604,Matty,James,James,4441
61739,Maxime,Le Marchand,Le Marchand,3304
61760,Kristoffer,Nordfeldt,Nordfeldt,722
61810,Pontus,Jansson,Jansson,1801
61858,Mame Biram,Diouf,Diouf,868
61916,Stefan,Johansen,Johansen,6838
61933,Shane,Duffy,Duffy,6047
62398,Nemanja,Matic,Matic,697
62399,Dusan,Tadic,Tadic,840
62974,Erik,Lamela,Lamela,644
63370,James,McClean,McClean,814
63426,Enda,Stevens,Stevens,7707
66242,Davy,Pröpper,Pröpper,6050
66247,Marvin,Zeegelaar,Zeegelaar,6303
66588,Luke,Ayling,Ayling,8716
66733,Juan,Cuadrado,Cuadrado,1089
66749,Romelu,Lukaku,Lukaku,594
66797,Simon,Mignolet,Mignolet,487
66838,Cenk,Tosun,Tosun,6477
66842,André,Schürrle,Schürrle,154
66975,Luka,Milivojevic,Milivojevic,5549
67089,Martin,Dubravka,Dubravka,6532
67184,Roderick Jefferson,Gonçalves Miranda,Miranda,
67527,Allan-Roméo,Nyom,Nyom,565
68312,Xherdan,Shaqiri,Shaqiri,888
68983,Matthew,Lowton,Lowton,1652
69140,Shkodran,Mustafi,Mustafi,1699
69143,Juraj,Kucka,Kucka,1123
69752,Norberto,Murara Neto,Neto,1297
69960,Philipp,Wollscheid,Wollscheid,858
71738,Marco,Stiepermann,Stiepermann,7694
72222,Mateusz,Klich,Klich,4381
72681,Denis,Odoi,Odoi,7077
73314,Willian José,Da Silva,Willian José,2361
73426,Andre,Gray,Gray,1660
73459,Ashley Darel Jazz,Richards,Jazz Richards,4467
73494,Grzegorz,Krychowiak,Krychowiak,2414
73889,Diafra,Sakho,Sakho,656
74033,Sam,Clucas,Clucas,1690
74208,Paul,Pogba,Pogba,1740
74230,Patrick,van Aanholt,van Aanholt,730
74297,Leandro,Bacuna,Bacuna,674
74375,Ezequiel,Schelotto,Schelotto,3873
74471,Aaron,Mooy,Mooy,6033
74854,Simon,Moore,Moore,7715
74944,Sam,Morsy,Morsy,12748
75115,Callum,Wilson,Wilson,468
75773,Chung-yong,Lee,Lee Chung-yong,526
75826,Danny,Ward,Ward,6830
75880,Daniel,Ayala,Ayala,1718
76306,Lukas,Rupp,Rupp,62
76357,Tom,Cairney,Cairney,6835
76359,Phil,Jones,Jones,951
76360,Nathaniel,Mendez-Laing,Mendez-Laing,6824
76542,Sung-yueng,Ki,Ki Sung-yueng,723
77359,Florian,Lejeune,Lejeune,5073
77454,Fabio,Borini,Borini,737
77610,Danny,Batth,Batth,
77760,Cristian,Gamboa,Gamboa,855
77762,Bryan,Oviedo,Oviedo,598
77777,Ahmed El-Sayed,Hegazy,Hegazi,3979
77794,Kieran,Trippier,Trippier,652
77818,James,Shea,Shea,11724
78007,Joshua,King,King,465
78056,Oriol,Romeu Vidal,Romeu,842
78091,Gastón,Ramírez,Ramírez,952
78315,Joel,Robles,Robles,584
78356,Charlie,Austin,Austin,848
78412,Shinji,Okazaki,Okazaki,754
78607,Kenny,McLean,McLean,7693
78830,Harry,Kane,Kane,647
78911,Kadeem,Harris,Harris,7120
78916,Dan,Burn,Burn,7382
79228,Pape,Souaré,Souaré,513
79602,Daniel,Bentley,Bentley,11361
79619,Jonathan,Hogg,Hogg,6301
79733,Scott,Malone,Malone,6040
79852,Jed,Steer,Steer,4475
79934,Oliver,Norwood,Norwood,7710
80146,Jordan,Ayew,J.Ayew,672
80179,Adam,Forshaw,Forshaw,1711
80183,Luke,Garbutt,Garbutt,4437
80201,Bernd,Leno,Leno,181
80226,Serge,Aurier,Aurier,3600
80254,Carl,Jenkinson,Jenkinson,938
80447,Maya,Yoshida,Yoshida,845
80498,Eunan,O'Kane,O'Kane,472
80607,Christian,Eriksen,Eriksen,646
80711,Yaya,Sanogo,Sanogo,4402
80755,Danny,Williams,Williams,6037
80788,Daniel,Lafferty,Lafferty,4428
80789,Jordi,Amat,Amat,721
80792,Greg,Cunninghamm,Cunningham,6831
80801,Idrissa,Gueye,Gueye,668
80935,Papy,Djilobodji,Djilobodji,1071
80954,Rodrigo,Moreno,Rodrigo,2381
81012,Ryan,Fredericks,Fredericks,6891
81048,Josip,Drmic,Drmic,209
81061,Michael,Simões Domingues,Mika,1721
81183,Matej,Vydra,Vydra,1017
81205,Mislav,Orsic,Orsic,11298
81441,Mark,Gillespie,Gillespie,8729
81880,Alex,Oxlade-Chamberlain,Chamberlain,966
82078,Kenneth,Zohore,Zohore,6928
82143,Wes,Foderingham,Foderingham,8776
82257,Raphael,Spiegel,Spiegel,1005
82263,Marcos,Alonso,Alonso,1621
82403,Wilfried,Zaha,Zaha,522
82428,Marten,de Roon,de Roon,1710
82514,Tim,Ream,Ream,7184
82660,Marco,Van Ginkel,Van Ginkel,946
82691,George,Baldock,Baldock,7706
82738,Luke,Berry,Berry,11722
82771,Markus,Henriksen,Henriksen,1696
83091,Borja,González Tomás,Bastón,1701
83283,Nathan,Redmond,Redmond,790
83299,Lewis,Dunk,Dunk,6048
83312,Ben,Gibson,Gibson,1707
83314,Jeff,Hendrick,Hendrick,1746
83427,Jack,Robinson,Jack Robinson,8286
83428,Grant,Hanley,Hanley,7690
83543,Anthony,Knockaert,Knockaert,4497
84112,Collin,Quaner,Quaner,6035
84182,Alphonse,Areola,Areola,2310
84384,Timm,Klose,Klose,162
84395,Florin,Gardos,Gardos,4405
84450,Granit,Xhaka,Xhaka,204
84583,Philippe,Coutinho Correia,Coutinho,488
84915,Michael,Hector,Hector,5274
84939,Danny,Ings,Ings,986
85017,Tendayi,Darikwa,Darikwa,1666
85128,Connor,Goldson,Goldson,6299
85242,Conor,Hourihane,Hourihane,7721
85352,Bruno,Martins Indi,Martins Indi,1743
85368,Christopher,Schindler,Schindler,6031
85624,Christian,Kabasele,Kabasele,1725
85633,Matz,Sels,Sels,6903
85654,Jordy,Clasie,Clasie,837
85955,Jorge Luiz,Frello Filho,Jorginho,1389
85971,Son,Heung-min,Son,453
86129,Kalidou,Koulibaly,Koulibaly,1376
86153,Martín,Montoya,Montoya,1950
86173,Manuel,Agudo Durán,Nolito,1732
86176,Tom,Ince,Ince,4454
86417,Jeffrey,Schlupp,Schlupp,757
86431,Brice,Dja Djédjé,Dja Djédjé,3605
86881,Nampalys,Mendy,Mendy,1785
86934,Manuel,Lanzini,Lanzini,535
87107,Cyrus,Christie,Christie,6833
87121,Kieron,Freeman,Freeman,8046
87396,Moritz,Leitner,Leitner,1217
87428,Elias,Kachunga,Kachunga,248
87447,Muhamed,Bešić,Bešić,908
87835,Matt,Doherty,Doherty,6852
87856,Michael,Hefele,Hefele,6039
87873,Stuart,Dallas,Dallas,8718
88170,Jiri,Skalak,Skalak,6106
88175,Lovre,Kalinic,Kalinic,8253
88248,Stefan,Ortega Moreno,Ortega,8786
88482,Álvaro,Morata,Morata,1804
88484,Pablo,Sarabia,Sarabia,2199
88498,Benik,Afobe,Afobe,826
88734,Neil,Etheridge,Etheridge,6821
88894,Ross,Barkley,Barkley,592
88898,Moses,Odubajo,Odubajo,
88900,Jack,Stephens,Stephens,1735
88935,Steven,Berghuis,Berghuis,744
89068,Layvin,Kurzawa,Kurzawa,3298
89076,Remo,Freuler,Freuler,1488
89085,Nathaniel,Chalobah,Chalobah,1677
89274,José Ignacio,Peleteiro Romallo,Jota,2132
89335,Saúl,Ñíguez,Saúl,2266
89470,Onel,Hernández,Hernández,7697
89572,Denis,Suárez,Suárez,2308
90105,Ryan,Fraser,Fraser,1683
90152,Raphaël,Varane,Varane,2245
90263,James,Husband,Husband,5576
90440,Tom,Trybull,Trybull,7692
90517,Robbie,Brady,Brady,789
90518,Ravel,Morrison,Morrison,1883
90585,Willy,Boly,Boly,6850
90714,Ahmed,Musa,Musa,1681
91046,Cauley,Woodrow,Woodrow,11721
91047,Stuart,Armstrong,S.Armstrong,6893
91126,Will,Keane,Keane,1047
91651,Mateo,Kovacic,Kovacic,2254
91889,Niclas,Füllkrug,Füllkrug,6098
91972,Saido,Berahino,Berahino,811
91979,Jon,Flanagan,Flanagan,490
92159,Jetro,Willems,Willems,6143
92170,Massadio,Haidara,Haidara,943
92217,Roberto,Firmino,Firmino,482
92259,Neeskens,Kebano,Kebano,6840
92293,Omar,Elabdellaoui,Elabdellaoui,5551
92371,Pablo,Marí Villar,Pablo Marí,8380
92383,Nahki,Wells,Wells,6389
93001,Konstantinos,Stafylidis,Stafylidis,368
93100,Jannik,Vestergaard,Vestergaard,111
93127,Jesé,Rodríguez Ruiz,Jesé,2256
93264,Eric,Dier,Dier,643
93284,Florin,Andone,Andone,4068
93464,Tom,Carroll,Carroll,653
94147,Conor,Coady,Coady,6851
94245,Michy,Batshuayi,Batshuayi,1678
94248,Sergio,Rico,Rico,2072
94924,Gerard,Deulofeu,Deulofeu,591
94926,Olayinka Fredrick Oladotun,Ladapo,Ladapo,1778
95463,Danny,Ward,Ward,473
95508,Fredrik,Ulvestad,Ulvestad,1788
95658,Harry,Maguire,Maguire,1687
95715,Lucas,Rodrigues Moura da Silva,Lucas Moura,3293
96305,Jay,Fulton,Fulton,896
96306,Stephen,Kingsley,Kingsley,892
96764,M'Baye,Niang,Niang,1126
96767,Dimitri,Foulquier,Foulquier,2509
96778,Adam,Reach,Reach,1768
96784,Jordan,Clark,Clark,12187
96787,Mohamed,Elyounoussi,Elyounoussi,6894
96994,Bobby,De Cordova-Reid,De Cordova-Reid,6827
97032,Virgil,van Dijk,Van Dijk,833
97296,Tommie,Hoban,Hoban,1002
97299,John,Stones,Stones,586
97485,Kevin,Wimmer,Wimmer,650
97615,Mike,van der Hoorn,van der Hoorn,1702
98745,Héctor,Bellerín,Bellerín,492
98747,Nick,Pope,Pope,5552
98770,Ørjan,Nyland,Nyland,250
98780,Juan Carlos,Paredes,Paredes,578
98914,Guido,Carrillo,Carrillo,3424
98980,Emiliano,Martínez Romero,Martínez,4401
99127,Joel,Campbell,Campbell,506
99323,Lazar,Markovic,Markovic,4406
100059,Alberto,Moreno,Moreno,608
100180,Danilo Luiz,da Silva,Danilo,2244
100412,André,Carrillo,Carrillo,6230
100649,Bernard,Anício Caldeira Duarte,Bernard,7063
101061,Philip,Heise,Heise,70
101105,Joe,Bryan,Bryan,6834
101148,Jamaal,Lascelles,Lascelles,766
101178,James,Ward-Prowse,Ward-Prowse,843
101179,Lloyd,Isgrove,Isgrove,1761
101184,Calum,Chambers,Chambers,508
101188,Lucas,Digne,Digne,1823
101338,Marcel,Sabitzer,Sabitzer,5248
101394,Okay,Yokuslu,Yokuslu,6932
101537,Felipe Anderson,Pereira Gomes,Felipe Anderson,1208
101582,Frederico,Rodrigues de Paula Santos,Fred,6817
101668,Jamie,Vardy,Vardy,755
101982,Sam,Johnstone,Johnstone,978
102057,Raúl,Jiménez,Jiménez,4105
102366,Moritz,Bauer,Bauer,5453
102380,Antonio,Rüdiger,Rüdiger,1822
102549,Adam,Davies,A.Davies,11733
102738,Giannelli,Imbula,Imbula,861
102747,Djibril,Sidibé,Sidibé,3357
102826,Benjamin,Mendy,Mendy,3389
102836,Brice,Samba,Samba,4748
102884,Paulo,Gazzaniga Farias,Gazzaniga,973
103025,Riyad,Mahrez,Mahrez,750
103100,Jonathan,Williams,Williams,1060
103123,Sébastien,Haller,Haller,6144
103127,Molla,Wagué,Wagué,1159
103192,Kurt,Zouma,Zouma,935
103912,Jordon,Ibe,Ibe,481
103914,Charlie,Taylor,Taylor,6044
103955,Raheem,Sterling,Sterling,618
104047,Pelly Ruddock,Mpanzu,Mpanzu,11716
104073,Joe,Ralls,Ralls,6825
104535,Harry,Bunn,Bunn,
104542,Loris,Karius,Karius,37
104545,Tommy,Smith,Smith,6029
104547,Dwight,Gayle,Gayle,743
104953,Christian,Atsu,Atsu,2344
105377,Ezgjan,Alioski,Alioski,8722
105666,Jack,Butland,Butland,856
105700,Davide,Zappacosta,Zappacosta,1178
105717,Arthur,Masuaku,Masuaku,1760
106449,Kevin,Stewart,Stewart,479
106450,Alex,Pritchard,Pritchard,815
106468,Alexandre,Moreno Lopera,Álex Moreno,4120
106603,Ezekiel,Fryers,Fryers,1671
106606,Massimo,Luongo,Luongo,12747
106611,Michael,Keane,Keane,1653
106617,Patrick,Bamford,Bamford,822
106618,Paul,Dummett,Dummett,853
106757,Jürgen,Locadia,Locadia,6542
106760,Luke,Shaw,Shaw,1006
106824,Memphis,Depay,Depay,555
106837,Dennis,Praet,Praet,1234
106899,Roque,Mesa,Mesa,2356
107265,Angus,Gunn,Gunn,5544
107613,Romain,Saïss,Saïss,3491
108053,Conor,Townsend,Townsend,8905
108093,Luciano,Vietto,Vietto,2274
108156,Björn,Engels,Engels,7152
108411,Dan,Potts,Potts,12309
108413,Will,Hughes,Hughes,6104
108416,John,Egan,Egan,7703
108438,Sandro,Ramírez,Sandro,2537
108796,Tom,Lockyer,Lockyer,11714
108813,Christian,Walton,Walton,9251
108823,Dele,Alli,Dele,645
108824,Brendan,Galloway,Galloway,909
109065,Davy,Klaassen,Klaassen,6045
109322,Jesse,Lingard,Lingard,558
109345,Solly,March,March,6049
109434,Terence,Kongolo,Kongolo,6067
109528,Javier,Manquillo Gaitán,Manquillo,1719
109533,Emerson,Palmieri dos Santos,Emerson,1245
109638,Kean,Bryan,Bryan,9163
109646,Tosin,Adarabioyo,Tosin,5590
109745,Kepa,Arrizabalaga,Arrizabalaga,5061
109788,João Mário,Naval Costa Eduardo,João Mário,1512
109999,Ibrahima,Cissé,Cissé,6839
110504,Bertrand,Traoré,Traoré,695
110735,Adam,Webster,Webster,7699
110979,Sadio,Mané,Mané,838
111234,Jordan,Pickford,Pickford,741
111291,Fernando,Marçal,Marçal,5708
111317,David,Brooks,Brooks,6820
111452,Odysseas,Vlachodimos,Odysseas,375
111457,Sead,Kolasinac,Kolasinac,342
111478,Joël,Veltman,Veltman,8780
111773,Emil,Krafth,Krafth,1545
111782,Robin,Olsen,Olsen,6962
111787,Modou,Barrow,Barrow,720
111847,Adama,Diomande,Diomande,1694
111931,Ricardo,Barbosa Pereira,Ricardo,3303
112139,James,Wilson,Wilson,992
112316,Jakob,Haugaard,Haugaard,870
112338,Emre,Can,Can,604
112507,Jack,Rose,Rose,1009
112516,Isaiah,Brown,Brown,4481
112520,Alex,Palmer,Palmer,1038
113534,Matt,Macey,Macey,903
113564,Sam,Byram,Byram,902
113688,Oumar,Niasse,Niasse,599
114000,George,Honeyman,Honeyman,1046
114054,Omar,Bogle,Bogle,
114093,Matthew,Pennington,Pennington,920
114128,Jonathan,Castro Otto,Jonny,2280
114241,Harry,Toffolo,Toffolo,10758
114243,Jacob,Murphy,Murphy,6063
114245,Josh,Murphy,Murphy,6828
114283,Jack,Grealish,Grealish,675
114536,Ryan,Inniss,Inniss,8822
115357,Mouez,Hassen,Hassen,3313
115382,Neal,Maupay,Maupay,3621
115556,Ben,Davies,Davies,660
115854,Duncan,Watmore,Watmore,919
115858,Rachid,Ghezzal,Ghezzal,3276
115918,Rúnar Alex,Rúnarsson,Rúnarsson,6875
116216,Leandro,Trossard,Trossard,7698
116404,Felipe Augusto,de Almeida Monteiro,Felipe,7921
116535,Alisson,Ramses Becker,Alisson,1257
116543,Valentino,Lazaro,Lazaro,6352
116594,N'Golo,Kanté,Kanté,751
116643,Fabio Henrique,Tavares,Fabinho,3420
118335,Abdul Rahman,Baba,Baba Rahman,684
118342,Mark,Flekken,Flekken,7047
118748,Mohamed,Salah,Salah,1250
118884,Erik,Durm,Durm,2640
119471,Fabian,Schär,Schär,76
119765,Allan,Marques Loureiro,Allan,1379
120202,Wout,Weghorst,Weghorst,7052
120250,André,Tavares Gomes,André Gomes,2383
120447,Bradley,Smith,Brad Smith,477
120721,Kevin,Mbabu,Mbabu,983
121145,João,Cancelo,Cancelo,2379
121160,Ederson,Santana de Moraes,Ederson,6054
121221,Ramiro,Funes Mori,Funes Mori,597
121570,Julian,Jeanvier,Jeanvier,10545
121599,Abdoulaye,Doucouré,A.Doucouré,1726
122074,Marcus,Bettinelli,Bettinelli,7076
122342,Emerson,Hyndman,Hyndman,6457
122411,Cameron,Burgess,Burgess,12755
122775,Morgan,Sanson,Sanson,3696
122797,Callum,Paterson,Paterson,6826
122798,Andrew,Robertson,Robertson,1688
122806,John,McGinn,McGinn,7723
123125,Viktor,Fischer,Fischer,1713
123354,Kortney,Hause,Hause,6859
124165,Patrick,Roberts,Roberts,925
124183,Hakim,Ziyech,Ziyech,8992
126184,Nathan,Aké,Aké,579
126187,Ruben,Loftus-Cheek,Loftus-Cheek,688
126407,Nabil,Bentaleb,Bentaleb,914
126468,Tokelo,Rantie,Rantie,958
128198,Sofiane,Boufal,Boufal,1734
128295,Christian,Nørgaard,Nørgaard,7083
128309,Jamal,Lowe,Lowe,10865
128340,Kieffer,Moore,Moore,10743
128348,Ibrahim,Amadou,Amadou,3358
128389,Aleksandar,Mitrović,Mitrović,773
130025,Luis,Hernández,Hernández,1680
130036,Ozan,Tufan,Tufan,9957
130103,Hiram,Boateng,Boateng,1059
131304,William,Troost-Ekong,Troost-Ekong,6996
131403,Rhys,Healey,Healey,7340
131897,Mathew,Ryan,Ryan,2385
132015,Pierre-Emile,Højbjerg,Højbjerg,343
133085,Lawrence,Vigouroux,Vigouroux,12196
133798,Serge,Gnabry,Gnabry,993
133801,Jerome,Sinclair,Sinclair,972
133845,Emiliano,Marcondes,Marcondes,10745
134383,Connor,Randall,Randall,474
135363,Andreas,Christensen,Christensen,200
135365,Jeremie,Boga,Boga,3544
135720,Kevin,Danso,Danso,5261
138001,Tom,King,King,12245
138009,Sullay,Kaikai,Kaikai,1070
139110,Ondrej,Duda,Duda,5240
140200,Thomas,Strakosha,Strakosha,1214
140941,Stipe,Perica,Perica,1154
141020,Max,Meyer,Meyer,338
141569,Léo,Bonatini,Bonatini,6855
141746,Bruno,Borges Fernandes,Fernandes,1228
141921,Oluwaseyi,Ojo,Sheyi Ojo,478
143877,Alexander,Sørloth,Sørloth,6531
144485,Ivan,Toney,Toney,998
144660,Didier,Ndong,Ndong,1720
145212,Clinton,N'Jie,N'Jie,960
145235,José Ángel,Esmorís Tasende,Angeliño,1040
146426,Oluwasemilogo Adesewo Ibidapo,Ajayi,Ajayi,4490
146610,Jack,O'Connell,O'Connell,7705
146941,Aymeric,Laporte,Laporte,2498
147303,Laurent,Depoitre,Depoitre,6038
147611,Paul,Onuachu,Onuachu,11360
147612,Richairo,Zivkovic,Zivkovic,8472
147668,Cameron,Brannagan,Brannagan,1023
147675,Chuba,Akpom,Akpom,1790
148179,Enner,Valencia,Valencia,539
148225,Anthony,Martial,Martial,553
148508,Mahmoud Ahmed,Ibrahim Hassan,Trézéguet,7722
149016,Lynden,Gooch,Gooch,1027
149051,Ethan,Robson,Ethan Robson,5581
149065,José,Malheiro de Sá,Sá,9740
149266,Alfie,Mawson,Mawson,1727
149468,Tyias,Browning,Browning,977
149484,Tyrone,Mings,Mings,1024
149519,Maxwel,Cornet,Cornet,3278
149736,Chancel,Mbemba,Mbemba,849
149828,Islam,Slimani,Slimani,1682
149915,Diego,Llorente,Llorente,2163
149929,Wes,Burns,Burns,12749
151086,Mario,Lemina,Lemina,1299
151119,DeAndre,Yedlin,Yedlin,727
151589,Leander,Dendoncker,Dendoncker,7236
152015,Guillermo,Varela,Varela,547
152551,Jefferson,Lerma Solís,Lerma,2182
152590,Alex,Telles,Telles,1828
152760,Divock,Origi,Origi,484
152898,Ben,Davies,Davies,9318
153127,Isaac,Hayden,Hayden,6062
153133,Alex,Iwobi,Iwobi,500
153256,Mohamed,Elneny,Elneny,496
153366,Harrison,Reed,Reed,910
153371,Sam,Gallagher,Gallagher,4483
153373,Sam,McQueen,McQueen,1733
153379,Josh,Sims,Sims,5565
153477,Conor,Masterson,Masterson,6664
153601,Carlos,De Pena,De Pena,
153673,Jonjoe,Kenny,Kenny,1084
153678,Chris,Long,Long,
153682,Harry,Wilson,Wilson,5596
153723,John,Lundstram,Lundstram,7708
153772,Luke,McGee,McGee,1769
154043,Ainsley,Maitland-Niles,Maitland-Niles,1750
154048,Stephy,Mavididi,Mavididi,7484
154050,Olufela,Olomola,Olomola,911
154051,Oviemuno,Ejaria,Ejaria,1762
154131,Jack,Stacey,Stacey,7823
154138,Tariqe,Fosu-Henry,Fosu,10092
154296,João,Palhinha Gonçalves,Palhinha,10715
154506,Daniel,Bachmann,Bachmann,1025
154558,Thomas,Robson,Thomas Robson,1079
154559,Michael,Ledger,Ledger,5591
154561,David,Raya Martin,Raya,9676
154566,Dominic,Solanke,Solanke,1679
154976,Adnan,Januzaj,Januzaj,323
154998,Takuma,Asano,Asano,6087
155197,Max,Lowe,Lowe,8918
155405,Kalvin,Phillips,Phillips,8719
155408,Lewis,Cook,Cook,1789
155503,Freddie,Woodman,Woodman,852
155509,Greg,Olley,Olley,1773
155511,Adam,Armstrong,A.Armstrong,4419
155513,Rolando,Aarons,Aarons,915
155529,Marek,Rodák,Rodák,8704
155561,Ludwig,Augustinsson,Augustinsson,6083
155569,Daniel,Amartey,Amartey,759
155651,Adam,Masina,Masina,1441
155706,Dionatan do Nascimento,Teixeira,Teixeira,869
155851,Lucas,Pérez,Lucas,1700
156069,Liam,Gibson,Gibson,1076
156074,Rob,Holding,Holding,1749
156658,Reece,Burke,Burke,1771
156660,Moses,Makasi,Makasi,5566
156683,Pierluigi,Gollini,Gollini,1841
156685,Joe,Rothwell,Rothwell,561
156686,James,Weir,Weir,562
156687,Ben,Pearson,Pearson,10742
156689,Andreas,Hoelgebaum Pereira,Andreas,922
156690,Joshua,Harrop,Harrop,5597
156700,Carlton,Morris,Morris,11717
157665,Filip,Lesniak,Lesniak,5571
157668,Harry,Winks,Winks,971
157775,Ken,Sema,Sema,6841
157882,Takumi,Minamino,Minamino,8239
158074,Gabriel Armando,de Abreu,Gabriel,493
158499,Ryan,Christie,Christie,10744
158534,Kyle,Walker-Peters,Walker-Peters,885
158544,Jake,Hesketh,Hesketh,1755
158983,Wataru,Endo,Endo,8808
159039,Antonio,Barreca,Barreca,1181
159506,Ola,Aina,Aina,725
159533,Adama,Traoré Diarra,Adama,900
160190,Kasey,Palmer,Palmer,705
160729,Jason,Denayer,Denayer,1039
160816,Donald,Love,Love,1048
160817,Patrick,McNair,McNair,559
160987,Jean-Philippe,Gbamin,Gbamin,4764
162344,Philip,Zinckernagel,Zinckernagel,
162651,Samir,Caetano de Souza Santos,Samir,1142
163463,Papa Alioune,Ndiaye,Badou Ndiaye,6525
163526,Edimilson,Fernandes,Fernandes,1673
163776,Erdal,Rakip,Rakip,6541
163793,Matt,Miazga,Miazga,683
164011,Mbaye,Diagne,Diagne,9290
164484,Zack,Steffen,Steffen,7817
164511,Yerry,Mina,Mina,6521
164555,Vladimir,Coufal,Coufal,8965
165152,Glen,Rea,Rea,
165153,Timo,Werner,Werner,65
165183,Amari'i,Bell,Bell,11713
165210,Alireza,Jahanbakhsh,Jahanbakhsh,6842
165659,Diego Carlos,Santos Silva,Diego Carlos,5712
165808,Hélder Wander,Sousa de Azevedo e Costa,Costa,3428
165809,Bernardo,Veiga de Carvalho e Silva,Bernardo,3635
165911,Bartosz,Kapustka,Kapustka,1786
165990,Vincent,Janssen,Janssen,1730
166324,Ivan,Neves Abreu Cavaleiro,Cavaleiro,3683
166325,Carlos,Ribeiro Dias,Cafú,5646
166477,Timothy,Castagne,Castagne,6157
166640,Fabián,Balbuena,Balbuena,6892
166989,Youri,Tielemans,Tielemans,5956
167074,Kenny,Tete,Tete,5973
167075,Wesley,Hoedt,Hoedt,1203
167191,Marcus,Myers-Harness,Harness,12753
167199,Thomas,Partey,Partey,2328
167473,José,Izquierdo,Izquierdo,6231
167522,Jordan,Hugill,Hugill,6526
167541,Jack,Payne,Payne,
167767,Robert Kenedy,Nunes do Nascimento,Kenedy,689
167789,Baily,Cargill,Cargill,976
167878,Ben,Osborn,Osborn,7714
167888,Joe,Lumley,Lumley,12762
168035,Fred,Onyedinma,Onyedinma,12549
168090,Mahmoud,Dahoud,Dahoud,205
168172,Joe,Lolley,Lolley,6139
168196,Joel Dinis,Castro Pereira,Joel Pereira,5575
168281,Scott,McKenna,McKenna,10757
168287,Jonathan,Calleri,Calleri,1672
168290,Ignacio,Pussetto,Pussetto,6997
168399,Will,Norris,Norris,7459
168547,Ethan,Horvath,Horvath,11708
168566,Georges-Kévin,Nkoudou,Nkoudou,1729
168580,Ayoze,Pérez,Pérez,770
168636,Enes,Ünal,Enes Ünal,6219
168717,Maksymilian,Stryjek,Stryjek,1770
168763,Cameron,Carter-Vickers,Carter-Vickers,1758
168764,Luke,Amos,Amos,6819
168765,Josh,Onomah,Onomah,661
168977,Joel,Coleman,Coleman,6041
168991,Philip,Billing,Billing,6034
169061,Dael,Fry,Fry,5577
169102,Tiemoué,Bakayoko,Bakayoko,3429
169130,Joel,Taylor,Taylor,5588
169141,Steve,Mounie,Mounie,3800
169187,Trent,Alexander-Arnold,Alexander-Arnold,1791
169359,Matt,Targett,Targett,884
169432,Oliver,McBurnie,McBurnie,1736
169527,Joe,Williams,Joe Williams,5547
169528,Antonee,Robinson,Robinson,8940
169535,Julien,de Sart,de Sart,1751
169593,Remi,Matthews,Matthews,9834
169735,Noor,Husin,Husin,5582
169743,Connor,Mahoney,Mahoney,6458
170137,Allan,Saint-Maximin,Saint-Maximin,101
170154,Pablo,Maffeo,Maffeo,1003
170271,Jean Michaël,Seri,Seri,3312
170851,Josh,Robson,Josh Robson,1781
171099,Hassane,Kamara,Kamara,3729
171101,Clément,Lenglet,Lenglet,5050
171129,Diego,Rico,Rico,5065
171162,Charly,Musonda,Musonda,2147
171270,Kieran,Dowell,Dowell,1032
171273,Cameron,Borthwick-Jackson,Borthwick-Jackson,1037
171277,Demetri,Mitchell,Mitchell,5574
171287,Joseph,Gomez,Gomez,987
171314,Rúben,Gato Alves Dias,Dias,8961
171317,Rúben,da Silva Neves,Neves,6853
171319,Renato,Sanches,Sanches,5228
171771,Jan,Bednarek,Bednarek,6042
171975,Callum,Robinson,Callum Robinson,4476
171982,Brian,Lenihan,Lenihan,
172246,Florent,Hadergjonaj,Hadergjonaj,5215
172453,Sam,Szmodics,Szmodics,12752
172551,Callum,Roberts,Roberts,7347
172567,Josh,Cullen,Cullen,1018
172632,Demarai,Gray,Gray,762
172649,Dean,Henderson,Henderson,7702
172780,James,Maddison,Maddison,6818
172782,Josh,Brownhill,Brownhill,8323
172841,Saïd,Benrahma,Benrahma,3585
172850,Ben,Chilwell,Chilwell,782
172912,Sofyan,Amrabat,Amrabat,7927
173268,Ivo,Grbic,Grbić,8923
173271,Duje,Caleta-Car,Caleta-Car,7007
173399,Mohamed,Dräger,Dräger,6476
173514,Isaac,Success Ajayi,Success,1724
173515,Kelechi,Iheanacho,Iheanacho,620
173792,Reece,Oxford,Oxford,543
173804,Layton,Ndukwu,Ndukwu,6755
173807,Tom,Davies,Davies,1042
173809,Jonathan,Leko,Leko,879
173810,Darnell,Johnson,Johnson,8564
173818,Nathan,Broadhead,Broadhead,9406
173821,Tyler,Roberts,Roberts,1014
173879,Tammy,Abraham,Abraham,702
173904,Davinson,Sánchez,Sánchez,6249
173954,Jairo,Riedewald,Riedewald,6027
174248,George,Thomas,Thomas,6462
174254,Pedro,Chirivella,Chirivella,1022
174292,Marco,Asensio,M.Asensio,2117
174310,Elijah,Adebayo,Adebayo,11718
174590,Jacob,Maddox,Maddox,8565
174593,Kyle,Edwards,Edwards,8758
174594,Lukas,Nmecha,Nmecha,6544
174595,Admiral,Muskwe,Muskwe,
174597,Andre,Green,Green,874
174874,Joachim,Andersen,Andersen,6314
174932,Sergi,Canós Tenés,Canós,1078
175351,Demeaco,Duhaney,Duhaney,7437
175353,Ayotomiwa,Dele-Bashiru,Dele-Bashiru,8162
175592,Naby,Keita,Keita,5247
175941,Alfie,Whiteman,Whiteman,6397
175946,Víctor,Camarasa,Camarasa,2390
176295,Matthew,Willock,Willock,5579
176296,Ashley,Fletcher,Fletcher,1675
176297,Marcus,Rashford,Rashford,556
176413,Christian,Pulisic,Pulisic,2662
176414,Luca,De La Torre,De La Torre,7600
176420,Darnell,Furlong,Furlong,4391
176706,Alfie,Jones,Jones,7391
177815,Dominic,Calvert-Lewin,Calvert-Lewin,5555
178173,Matt,Clarke,Clarke,
178186,Jarrod,Bowen,Bowen,1776
178301,Ollie,Watkins,Watkins,8865
178304,Lys,Mousset,Mousset,1748
178867,Antonio,Martinez Lopez,Martínez,6400
178871,Aleix,García Serrano,García,1055
178876,Jesús,Vallejo Lázaro,Vallejo,5234
179018,Miguel,Almirón Rejala,Almirón,7420
179261,Zachary,Dearnley,Dearnley,5600
179268,Marc,Cucurella Saseta,Cucurella,7134
179276,Mathias,Normann,Normann,7470
179456,Oskar,Buur,Buur,8227
179458,Jacob,Bruun Larsen,Bruun Larsen,5355
179519,Orel,Mangala,Mangala,6088
179587,Dennis,Srbeny,Srbeny,7822
179596,Elliott,Moore,Moore,5570
179620,Mamadou Obbi,Oularé,Oularé,898
179725,Carl,Stewart,Stewart,5578
179829,Josh,Pask,Pask,6650
179830,Grady,Diangana,Diangana,6651
180135,Sean,Longstaff,S.Longstaff,7078
180151,Nikola,Vlasic,Vlasic,6276
180184,Donny,van de Beek,Van de Beek,8821
180294,Karlan,Grant,Grant,7390
180736,Trevoh,Chalobah,Chalobah,6615
180804,Axel,Tuanzebe,Tuanzebe,934
180974,Joelinton Cássio,Apolinário de Lira,Joelinton,87
181008,Albian,Ajeti,Ajeti,2673
181284,Gonçalo Manuel,Ganchinho Guedes,Guedes,5682
181397,Jamie,Sterry,Sterry,779
181489,Alex,Pike,Pike,5589
181911,Kyle,Scott,Scott,6043
182156,Leroy,Sané,Sané,337
182436,Ben,Woodburn,Woodburn,5557
182539,Daniel,Ceballos Fernández,Ceballos,2446
182960,Pau,López Sabata,Pau López,2107
183015,Cedric,Kipre,Kipre,8785
183487,Nathan,Holland,Holland,5567
183656,Josh,Dasilva,Dasilva,10405
183751,Manuel Benson,Hedilazio,Benson,11702
184029,Martin,Ødegaard,Ødegaard,2517
184193,Jordan,Smith,Smith,11245
184254,Guglielmo,Vicario,Vicario,8858
184259,Richard,Nartey,Nartey,9313
184341,Mason,Mount,Mount,7768
184349,Ryan,Sessegnon,R.Sessegnon,6837
184386,James,Bree,Bree,11359
184667,Victor,Lindelöf,Lindelöf,6080
184704,Marvelous,Nakamba,Nakamba,8040
184754,Hwang,Hee-chan,Hwang,8845
185056,Mateusz,Hewelt,Hewelt,5546
185253,Gustavo Henrique,Furtado Scarpa,Scarpa,11284
185431,Ali,Gabr,Gabr,6652
185478,Jarosław,Jach,Jach,6621
189627,Dimitris,Giannoulis,Giannoulis,9745
189776,Samuel,Bastien,Bastien,1343
191769,Jonathan,Benteke,Jonathan Benteke,1765
191866,Kristoffer,Ajer,Ajer,9677
192182,Kieran,O'Hara,O'Hara,5599
192290,Connor,Roberts,Roberts,5568
192301,Jon Gorenc,Stankovic,Stankovic,2641
192303,Christoph,Zimmermann,Zimmermann,7990
192895,Kieran,Tierney,Tierney,8089
193109,Callum,Slattery,Slattery,7335
193111,Todd,Cantwell,Cantwell,7695
193195,Allan,Campbell,Campbell,11727
193204,Joe,Ayodele-Aribo,Aribo,10766
193488,Anwar,El Ghazi,El Ghazi,5612
193645,Robin,Koch,Koch,6273
194010,Rico,Henry,Henry,9679
194126,Michael,Verrips,Verrips,8169
194164,Mason,Holgate,Holgate,985
194190,Harry,Souttar,Souttar,6329
194252,Steven,Bergwijn,Bergwijn,8300
194401,Adalberto,Peñaranda,Peñaranda,1548
194634,Diogo,Teixeira da Silva,Diogo Jota,6854
194794,Fikayo,Tomori,Tomori,703
194798,Bernard,Ashley-Seal,Ashley-Seal,8128
194799,Jamal,Lewis,Lewis,7691
195064,Mace,Goodridge,Goodridge,8194
195384,Mikel,Merino,Merino,5304
195471,Anthony,Driscoll-Glennon,Driscoll-Glennon,7572
195473,Rhian,Brewster,Brewster,5569
195480,Josh,Maja,Maja,5587
195546,Emiliano,Buendía Stati,Buendía,2203
195728,Alex,Kral,Kral,8017
195735,Nicolas,Pépé,Pépé,5656
195774,Gedson,Carvalho Fernandes,Fernandes,8257
195851,Scott,McTominay,McTominay,5560
195855,Beni,Baningime,Baningime,6384
195859,Marcus,Browne,Browne,1052
195860,Joe,Powell,Powell,7238
195864,Sam,Field,Field,1013
195899,Gianluca,Scamacca,Scamacca,6253
196100,Gustavo,Hamer,Hamer,11839
196118,Yoshinori,Muto,Muto,47
196411,Conor,Chaplin,Chaplin,12750
197024,Guido,Rodríguez,G.Rodríguez,8267
197030,Aboubakar,Kamara,Kamara,4866
197365,Eric,Bailly,Bailly,1739
197464,Nathaniel,Phillips,Phillips,8228
197469,Hamza,Choudhury,Choudhury,6418
197937,Oliver,Burke,Burke,5256
198044,Harry,Lewis,Lewis,5592
198501,Sead,Haksabanovic,Haksabanovic,6393
198504,Kazaiah,Sterling,Sterling,6684
198826,Ben,Godfrey,Godfrey,7689
198842,Connor,Ronan,Ronan,10753
198847,Bright,Enobakhare,Enobakhare,6858
198849,Lucas,Torreira di Pascua,Torreira,1227
198869,Benjamin,White,White,7298
199056,Gabriel,Osho,Osho,12151
199170,Moussa,Niakhaté,Niakhaté,5989
199249,Sergio,Reguilón,Reguilón,7187
199404,Tashan,Oakley-Boothe,Oakley-Boothe,6250
199583,Dujon,Sterling,Sterling,6491
199584,Japhet,Tanganga,Tanganga,8222
199598,Ethan,Ampadu,Ampadu,6369
199670,Odsonne,Edouard,Edouard,3697
199796,Matty,Cash,Cash,8864
199798,Ezri,Konsa Ngoyo,Konsa,7726
199806,Dion,Henry,Henry,6358
200088,Daniel,N'Lundulu,Nlundulu,7983
200089,Joe,Willock,Willock,6630
200370,Matt,Butcher,Butcher,1069
200402,Nélson,Cabral Semedo,Semedo,6163
200428,Mateusz,Lis,Lis,11103
200439,Che,Adams,Adams,7700
200455,Julien,Ngoy,Ngoy,1777
200600,Daniel,Castelo Podence,Podence,8291
200617,Daniel,James,James,5595
200641,Reiss,Nelson,Nelson,6492
200720,Caoimhin,Kelleher,Kelleher,7904
200785,Tyler,Adams,Adams,7352
200826,Giovani,Lo Celso,Lo Celso,5681
200878,Filip,Krovinovic,Krovinovic,8966
200884,Tyrese,Campbell,Campbell,6561
201057,Thilo,Kehrer,Kehrer,2674
201084,Timothy,Fosu-Mensah,Fosu-Mensah,549
201410,Auston,Trusty,Trusty,11732
201440,Hwang,Ui-jo,Ui-jo,7746
201595,Lucas,Perri,Perri,12369
201658,Marcus,Tavernier,Tavernier,10741
201666,Harvey,Barnes,Barnes,6681
201667,Josh,Knight,Knight,7294
202174,Greg,Luer,Luer,1780
202641,André,Onana,Onana,10913
202993,Rodrigo,Bentancur,Bentancur,6108
203325,André-Frank,Zambo Anguissa,Anguissa,6434
203341,Wilfred,Ndidi,Ndidi,5545
203368,Frédéric,Guilbert,Guilbert,3253
203389,Nathan,Tella,Tella,8456
204043,Arthur Henrique,Ramos de Oliveira Melo,Arthur,6942
204214,Pervis,Estupiñán,Estupiñán,5136
204216,Keshi,Anderson,Anderson,1779
204380,Juninho,Bacuna,Bacuna,7219
204454,Isaac,Mbenza,Mbenza,5662
204480,Declan,Rice,Rice,5553
204481,Tyreke,Johnson,Johnson,7314
204580,Vitaly,Janelt,Janelt,9680
204642,Jay-Roy,Grot,Grot,
204646,Donyell,Malen,Malen,9749
204676,Andi,Zeqiri,Zeqiri,9099
204716,Ibrahima,Konaté,Konaté,6326
204727,Malang,Sarr,Sarr,5648
204760,Michael,Folivi,Folivi,5586
204814,Ben,Brereton,Brereton Díaz,11815
204819,Elliot,Embleton,Embleton,5564
204820,George,Marsh,Marsh,7542
204822,Omar,Richards,Richards,9675
204863,Ryan,Manning,Manning,
204968,Ryan,Yates,Yates,11003
205102,Ramadan,Sobhi,Sobhi,1764
205135,Samuel,Shashoua,Shashoua,5572
205533,Eddie,Nketiah,Nketiah,6482
205651,Gabriel,Fernando de Jesus,Jesus,5543
205836,Saman,Ghoddos,Ghoddos,7069
206325,Oleksandr,Zinchenko,Zinchenko,2958
206882,Pontus,Dahlberg,Dahlberg,
206915,Curtis,Jones,Jones,6665
207189,Sander,Berge,Berge,8285
207270,Daniel,Iversen,Iversen,10808
207283,Mathias,Jensen,Jensen,7166
207300,Mihai-Alexandru,Dobre,Dobre,8208
207722,Jack,Walton,Walton,
207725,Daniel,Agyei,Agyei,5563
208706,Bruno,Guimarães Rodriguez Moura,Bruno Guimarães,8327
208904,Mads Juel,Andersen,Andersen,11715
208912,Joe,Worrall,Worrall,10756
208973,Francisco,Sierralta,Sierralta,7081
208987,Jeff,Reine-Adelaide,Reine-Adelaide,1056
208998,Zeze Steven,Sessegnon,Sessegnon,7205
209035,Jonathan,Panzo,Panzo,7247
209036,Marc,Guéhi,Guéhi,7603
209037,Zech,Medley,Medley,7231
209040,Timothy,Eyoma,Eyoma,7311
209041,Angel,Gomes,Gomes,5598
209042,Oliver,Skipp,Skipp,7198
209043,Nya,Kirby,Kirby,6563
209045,Taylor,Richards,Richards,9735
209046,Callum,Hudson-Odoi,Hudson-Odoi,6456
209212,Thomas,Edwards,Edwards,5593
209243,Jadon,Sancho,Sancho,6345
209244,Phil,Foden,Foden,6055
209288,Tom,McGill,McGill,9319
209289,Emile,Smith Rowe,Smith Rowe,7230
209293,Daiki,Hashioka,Hashioka,12509
209353,Patrick,Cutrone,Cutrone,4918
209362,Bernardo,Fernandes Da Silva Junior,Bernardo,5245
209365,Matthijs,de Ligt,De Ligt,7902
209400,Daichi,Kamada,Kamada,6145
209411,Joe,Tupper,Tupper,7348
209413,Jordi,Osei-Tutu,Osei-Tutu,6723
209418,Tobi,Omole,Omole,9950
209419,Max,Melbourne,Melbourne,6423
209420,Joy,Mukena,Mukena,6539
209925,Xande,Nascimento da Costa Silva,Xande Silva,7312
210156,Taiwo,Awoniyi,Awoniyi,7814
210207,Fousseni,Diabaté,Diabaté,5767
210237,Marko,Grujic,Grujic,1669
210407,Matheus,Pereira,Pereira,7153
210462,Ibrahim,Sangaré,Sangaré,5722
210494,Nayef,Aguerd,Aguerd,6935
211975,Manuel,Akanji,Akanji,6490
212314,Sasa,Lukic,Lukic,1537
212319,Richarlison,de Andrade,Richarlison,6026
212325,Pierre,Lees-Melou,Lees-Melou,5619
212701,Denis,Zakaria,Zakaria,6147
212721,Lyanco,Silveira Neves Vojnovic,Lyanco,6252
212723,Milot,Rashica,Rashica,6523
213056,Tudor,Baluta,Baluta,8019
213198,Christopher,Nkunku,Nkunku,3300
213280,Jake,Eastwood,Eastwood,8233
213345,Wesley,Moraes,Wesley,7724
213384,Josh,Clackstone,Clackstone,1774
213405,Filip,Benkovic,Benkovic,8238
213482,Yan,Valery,Valery,7280
213687,Charlie,Goode,Goode,9687
213999,Edson,Álvarez Velázquez,Álvarez,11926
214048,Max,Kilman,Kilman,7332
214225,Joe,Rodon,Rodon,6377
214285,Konstantinos,Tsimikas,Tsimikas,8852
214466,Will,Smallbone,Smallbone,8224
214470,Jake,Vokins,Vokins,8493
214572,Brandon,Austin,Austin,8093
214590,Aaron,Wan-Bissaka,Wan-Bissaka,5584
214964,George,Edmundson,Edmundson,12947
214987,Kamil,Miazek,Miazek,
215059,Robert,Sánchez,Sánchez,9098
215062,Max,Sanders,Sanders,7341
215066,Alex,Cochrane,Cochrane,8581
215136,Neco,Williams,N.Williams,8204
215379,Elliot,Anderson,Anderson,9154
215407,Alfie,Lewis,Lewis,8521
215409,Cameron,John,John,7389
215413,Kiernan,Dewsbury-Hall,Dewsbury-Hall,9739
215439,Tomas,Soucek,Soucek,8288
215457,Kane,Wilson,Wilson,1766
215460,Ian Carlo,Poveda-Ocampo,Poveda,8723
215476,Joshua,Sargent,Sargent,7295
215531,Ionuț,Radu,Radu,1830
215610,Marcel,Lavinier,Lavinier,10549
215711,Leon,Bailey,Bailey,5221
215885,Michael,Phillips,Phillips,5583
216051,Diogo,Dalot Teixeira,Dalot,7281
216054,Rúben,Nascimento Vinagre,Vinagre,6856
216058,Domingos,Quina,Quina,5573
216183,Brahim,Diaz,Diaz,6421
216208,Matija,Šarkić,Šarkić,10754
216554,Sam,Hughes,Hughes,6729
216616,Dara,O'Shea,O'Shea,8756
216620,Marcus,Forss,Forss,9684
216646,Yoane,Wissa,Wissa,5786
217331,Sam,Surridge,Surridge,5602
217401,Josh,Benson,Benson,7383
217487,Mbwana Ally,Samatta,Samatta,8287
217593,Pablo,Fornals Malla,Fornals,2335
217989,Rafael,Camacho,Camacho,6666
218023,Jimmy,Dunne,Dunne,8481
218031,Çaglar,Söyüncü,Söyüncü,5264
218112,Jason,Lokilo,Lokilo,6028
218218,Wout,Faes,Faes,8646
218430,Gonzalo,Montiel,G.Montiel,9897
218997,Ellis,Simms,Simms,8582
219002,Dodi,Lukebakio,Lukebakio,5706
219168,Alexander,Isak,Isak,5232
219249,Matt,O'Riley,O'Riley,
219265,Felix,Nmecha,Nmecha,9202
219279,Sugawara,Yukinari,Sugawara,12761
219291,Claudio,Gomes,Gomes,9314
219352,Ademola,Lookman,Lookman,5556
219727,Joel,Asoro,Asoro,1754
219847,Kai,Havertz,Havertz,5220
219924,Issa,Diop,Diop,3203
219929,Rafa,Mir,Mir,2589
219937,Rhys,Williams,R.Williams,9086
219961,Raphael,Dias Belloli,Raphinha,8026
220037,Bailey,Peacock-Farrell,Peacock-Farrell,8482
220087,Maximilian,Wöber,Wöber,7366
220166,Marc,Navarro,Navarro,5085
220237,Sven,Botman,Botman,8635
220307,Arnaut,Danjuma,Danjuma,8066
220362,Axel,Disasi,Disasi,6885
220394,Tommy,Doyle,Doyle,8496
220566,Rodrigo,Hernandez,Rodri,2496
220583,Luke,Woolfenden,Woolfenden,12746
220585,Flynn,Downes,Downes,10845
220598,Michael,Obafemi,Obafemi,6504
220627,James,Justin,Justin,7753
220650,Thibaud,Verlinden,Verlinden,5594
220682,Arthur,Okonkwo,Okonkwo,9909
220684,Ajibola,Alese,Alese,10165
220686,Bali,Mumba,Mumba,9747
220688,Mason,Greenwood,Greenwood,7490
220693,Rayhaan,Tulloch,Tulloch,6432
220695,Paris,Maghoma,Maghoma,10053
220738,Jayson,Molumby,Molumby,6350
221239,Keinan,Davis,Davis,1053
221245,Levi,Lumeka,Lumeka,6283
221267,Josh,Tymon,Tymon,1745
221268,Ben,Hinchcliffe,Hinchcliffe,1775
221271,Ben,Wynter,Wynter,1756
221272,Sam,Woods,Woods,7534
221275,Luke,Dreher,Dreher,636
221286,Charlie,Rowan,Rowan,5585
221399,Jack,Harrison,Harrison,8720
221403,Richie,Laryea,Laryea,
221466,Marcos,Senesi,Senesi,10864
221568,Daniel,Kemp,Kemp,5605
221610,Jamie,Shackleton,Shackleton,8721
221632,Cristian,Romero,Romero,7218
221820,Lisandro,Martínez,Martínez,10802
222017,Conor,Coventry,Coventry,7239
222018,Ben,Johnson,Johnson,6424
222434,Jack,Simpson,Simpson,6410
222531,Morgan,Gibbs-White,Gibbs-White,6857
222564,Francisco,Machado Mota de Castro Trincão,Trincão,8934
222625,George,Hirst,Hirst,8563
222627,João,Virgínia,Virgínia,8366
222677,Tahith,Chong,Chong,7439
222683,Justin,Kluivert,Kluivert,6963
222690,Tyrell,Malacia,Malacia,10803
222694,Pascal,Struijk,Struijk,8717
222786,Panagiotis,Retsos,Retsos,6316
223081,Kristoffer,Klaesson,Klaesson,9700
223094,Erling,Haaland,Haaland,8260
223175,Matthew,Longstaff,M.Longstaff,8016
223332,Faustino,Anjorin,Anjorin,8383
223333,Louie,Watson,Watson,
223335,Sylvester,Jasper,Jasper,9553
223337,Jamie,Bowden,Bowden,10537
223340,Bukayo,Saka,Saka,7322
223349,Indiana,Vassilev,Vassilev,8254
223434,Igor Julio,dos Santos de Paulo,Igor,7943
223541,Federico,Chiesa,Chiesa,1433
223723,Takehiro,Tomiyasu,Tomiyasu,7931
223824,Reece,Hannam,Hannam,9394
223911,Chris,Mepham,Mepham,7384
224024,Lucas,Tolentino Coelho de Lima,Paquetá,7365
224068,Matt,Turner,Turner,10700
224117,Viktor,Gyokeres,Gyokeres,7254
224209,Rasmus,Kristensen,Kristensen,10750
224444,Ferran,Torres,Torres,6441
224860,Carlos,Soler,C.Soler,2478
224946,Matthew,Worthington,Worthington,5601
224967,Vitalii,Mykolenko,Mykolenko,10291
224995,Luis,Sinisterra Lucumí,Sinisterra,10866
225000,Dion,Sanderson,Sanderson,10294
225295,Mateus,Cardoso Lemos Martins,Tetê,10536
225321,Aaron,Ramsdale,Ramsdale,5603
225368,Meritan,Shabani,Shabani,6642
225702,Samuel,Kalu,Kalu,6947
225796,Reece,James,James,8067
225897,Fodé,Ballo-Touré,Ballo-Touré,
225902,Boubakary,Soumaré,Soumaré,6310
226029,Lasse,Sorenson,Sorenson,6657
226182,Jayden,Bogle,Bogle,9205
226473,Scott,Twine,Twine,
226597,Gabriel,dos Santos Magalhães,Gabriel,5613
226944,Boubacar,Kamara,Kamara,5789
226956,Mads,Roerslev Rasmussen,Roerslev,9685
227127,Yves,Bissouma,Bissouma,5609
227444,Nikola,Milenković,Milenković,6174
227560,Oghenekaro Peter,Etebo,Etebo,6538
228044,Mads,Bech Sørensen,Bech,9683
228286,Edouard,Mendy,Mendy,6880
228798,Cengiz,Ünder,Ünder,6162
229164,Chiedozie,Ogbene,Ogbene,11719
229384,Andy,Irving,Irving,12774
229415,Jon,McCracken,McCracken,10207
229600,Mark,Travers,Travers,7582
230001,Noussair,Mazraoui,Mazraoui,10696
230046,Douglas Luiz,Soares de Paulo,Douglas Luiz,6122
230127,Percy,Tau,Tau,9249
230251,Emmanuel,Dennis,Dennis,9301
230348,Ross,Stewart,Stewart,
230428,Philippe,Sandler,Sandler,7440
231057,Jean-Ricner,Bellegarde,Bellegarde,7762
231065,Ethan,Pinnock,Pinnock,9678
231172,Brandon,Mason,Mason,5558
231372,Tanguy,Ndombele,Ndombele,5962
231416,Ferdi,Kadioglu,F.Kadıoğlu,
231480,Santiago,Bueno,S.Bueno,10945
231747,Jean-Philippe,Mateta,Mateta,5735
231899,Jack,Taylor,Taylor,12754
232112,Manuel,Ugarte,Ugarte,11766
232185,Ismaila,Sarr,Sarr,5675
232223,Folarin,Balogun,Balogun,9690
232228,Harry,Clarke,Clarke,
232229,Vontae,Daley-Campbell,Daley-Campbell,9312
232233,Tyreece,John-Jules,John-Jules,8225
232241,Matthew,Smith,Smith,8494
232245,Zak,Swanson,Swanson,10436
232247,Dominic,Thompson,Thompson,9915
232351,Ryan,Giles,Giles,7277
232361,Taylor,Perry,Perry,8139
232391,Jeremy,Ngakia,Ngakia,8235
232398,Nathan,Trott,Trott,6425
232413,Eberechi,Eze,Eze,8706
232423,Nathan,Ferguson,Ferguson,6451
232427,Rekeem,Harper,Harper,5562
232456,Dilan,Markanday,Markanday,9949
232477,Elliot,Thorpe,Thorpe,
232620,Lewis,Brunt,Brunt,10168
232653,Jacob,Ramsey,Ramsey,8941
232667,Akin,Famewo,Famewo,8080
232787,Conor,Gallagher,Gallagher,9040
232792,Tariq,Lamptey,Lamptey,8226
232797,Kayne,Ramsay,Ramsay,7326
232826,Anthony,Gordon,Gordon,8150
232829,Kyle,John,John,9408
232859,Djed,Spence,Spence,10764
232881,Thakgalo,Leshabela,Leshabela,9311
232892,Calvin,Bassey,Bassey,11728
232917,Arijanet,Muric,Muric,7027
232928,James,Garner,Garner,7438
232937,Brandon,Williams,B.Williams,8075
232957,Thomas,Allan,Allan,8237
232960,Lewis,Cass,Cass,7601
232964,Lewis,Gibson,Gibson,8262
232977,Kelland,Watts,Watts,7602
232979,Jack,Young,Young,8538
232980,Max,Aarons,Aarons,7688
233420,Renan Augusto,Lodi dos Santos,Renan Lodi,7891
233425,Aaron,Connolly,Connolly,7991
233489,Leighton,Clarkson,Clarkson,9151
233497,Adama,Diakhaby,Diakhaby,5740
233821,Anel,Ahmedhodžić,Ahmedhodžić,10386
233849,Archie,Mair,Mair,8081
233963,Konstantinos,Mavropanos,Mavropanos,6722
234370,Marc,Roca Junqué,Roca,5086
234483,Aiden,O'Neill,O'Neill,1662
234720,Giovanni,McGregor,McGregor,8261
234908,Juan,Foyth,Foyth,6306
235382,Steven,Alzate,Alzate,8020
235448,Ellery,Balcombe,Balcombe,11985
235449,George,Wickens,Wickens,11459
235530,Lloyd,Kelly,Kelly,8090
235546,Jacob,Sørensen,Sørensen,9748
235599,Nikola,Tavares,Tavares,7599
235640,Harry,Boyes,Boyes,9541
235674,Manor,Solomon,Solomon,10716
240143,Ibrahima,Diallo,Diallo,6736
240299,Joseph,Hodge,Hodge,10755
240499,Daniel,Batty,Batty,5604
240514,Kjell,Scherpen,Scherpen,9960
240796,Álvaro,Fernández,Fernández,5191
241157,Emerson,Leite de Souza Junior,Emerson Royal,7430
241231,Jordan,Beyer,Beyer,6557
241289,Ben,Wilmot,Wilmot,7216
241519,Weston,McKennie,McKennie,5360
241791,Ryan,Schofield,Schofield,7111
242058,Moise,Kean,Kean,1304
242166,Mattéo,Guendouzi,Guendouzi,5759
242183,James,Morris,Morris,990
242453,Jacob,Brown,Brown,11720
242500,Joe,Taylor,Taylor,
242510,Louie,Moulden,Moulden,10030
242880,Benoît,Badiashile,Badiashile,7240
242885,Loïc,Mbe Soh,Mbe Soh,7577
242898,Brennan,Johnson,Johnson,10760
243016,Alexis,Mac Allister,Mac Allister,8379
243298,Cody,Gakpo,Gakpo,11296
243343,Jake,Cain,Cain,9192
243345,Lewis,O'Brien,O'Brien,10759
243505,Jakub,Moder,Moder,9284
243531,Andrew,Eleftheriou,Eleftheriou,5548
243532,Dion,Pereira,Pereira,5559
243557,Moussa,Diaby,Diaby,6556
243568,Billy,Gilmour,Gilmour,7988
243569,Adedapo,Awokoya-Mebude,Mebude,
243571,Nathan,Patterson,Patterson,10292
243710,Bernardo,Costa Da Rosa,Rosa,8236
244042,Rodrigo,Muniz Carvalho,Muniz,10717
244085,Siriki,Dembélé,Dembélé,10749
244262,Alfie,Doughty,Doughty,11723
244560,Romain,Perraud,Perraud,6500
244619,Luke,Thomas,Thomas,8562
244704,Matías,Viña,Viña,9892
244716,Juan Camilo,Hernández Suárez,Cucho,6954
244723,Tyrick,Mitchell,Mitchell,8214
244731,Luis,Díaz,Luis Díaz,10408
244845,Nathan,Wood-Gordon,Wood,12763
244848,Teddy,Jenks,Jenks,9253
244850,Morgan,Rogers,Rogers,12412
244851,Cole,Palmer,Palmer,8497
244856,Teden,Mengi,Mengi,12073
244858,Fábio,Freitas Gouveia Carvalho,Carvalho,9501
244890,Joseph,Hungbo,Hungbo,
244930,Alex,Mighten,Mighten,10761
244932,Ben,Knight,Knight,11032
244954,Pau,Torres,Pau,6221
245414,Nicolò,Zaniolo,Zaniolo,6686
245419,Patson,Daka,Daka,9738
245719,Taylor,Harwood-Bellis,Harwood-Bellis,8495
245824,Carlos Vinícius,Alves Morais,Vinícius,7395
245830,Josh,Bowler,Bowler,
245923,Luke,Cundle,Cundle,8179
246265,Corrie,Ndaba,Ndaba,
246301,Jorge,Cuenca Barreno,J.Cuenca,8489
246799,Jackson,Smith,Smith,
246878,Abdelhamid,Sabiri,Sabiri,6296
247245,Hannes,Delcroix,Delcroix,11998
247286,Kyle,Jameson,Jameson,6527
247348,Daniel,Muñoz,Muñoz,12408
247412,Jørgen,Strand Larsen,Strand Larsen,11070
247632,Pedro,Lomba Neto,Neto,6382
247664,Terry,Ablade,Ablade,11004
248164,Viljami,Sinisalo,Sinisalo,9967
248853,Dynel,Simeu,Simeu,10204
248854,Josh,Brooking,Brooking,12130
248857,Noni,Madueke,Madueke,11357
248859,Amadou,Diallo,Diallo,12200
248865,Armstrong,Oko-Flex,Oko-Flex,10179
248875,Jérémy,Doku,Doku,8981
248937,Sam,Greenwood,Greenwood,9493
249231,Keane,Lewis-Potter,Lewis-Potter,10809
250199,Nicolás,Domínguez,Dominguez,8252
250370,Nathan,Bishop,Bishop,9433
250604,Owen,Otasowie,Otasowie,8180
250735,Darko,Churlinov,Churlinov,7790
420922,Jan,Zamburek,Zamburek,
421796,Sidnei,Tavares,Tavares,9395
422287,Kofi,Balmer,Balmer,11169
422303,John,McAtee,McAtee,11726
422306,Will,Ferry,Ferry,8535
422612,Ryan,Astley,Astley,9407
423649,Enock,Mwepu,Mwepu,9734
424001,Vini,de Souza Costa,Vini Souza,10872
424044,Hamed,Traorè,H.Traorè,6986
424876,Dominik,Szoboszlai,Szoboszlai,9788
427420,Giovanni,Reyna,Reyna,8191
427623,Chris,Richards,Richards,8430
427637,Brenden,Aaronson,Aaronson,10751
428399,João,Félix Sequeira,João Félix,7892
428580,Frank,Onyeka,Onyeka,9681
428610,Bruno André,Cavaco Jordão,Jordão,6336
428626,Przemyslaw,Placheta,Placheta,10097
428971,Steven,Benda,Benda,12735
429414,Sasa,Kalajdzic,Kalajdžić,8812
430367,Joel,Mumbongo,Mumbongo,8566
430871,Matheus,Santos Carneiro Da Cunha,Cunha,7080
430992,Owen,Beck,Beck,10119
431019,Karlo,Ziger,Ziger,9083
431131,Moussa,Djenepo,Djenepo,7701
431774,Kyle,Taylor,Taylor,6493
431924,Daniel,Adshead,Adshead,8590
431960,Bendegúz,Bolla,Bolla,
432160,Shandon,Baptiste,Baptiste,9914
432422,Sandro,Tonali,Tonali,7958
432656,Eric,Garcia,Garcia,8045
432705,James,Daly,Daly,6668
432711,Conrad,Egan-Riley,Egan-Riley,10174
432712,Owen,Hesketh,Hesketh,12289
432714,James,McAtee,McAtee,10126
432720,James,Trafford,Trafford,9077
432735,Adam,Idah,Idah,8021
432793,Abd-Al-Ali Morakinyo Olaposi,Koiki,Koiki,7323
432830,Nathan,Collins,Collins,9733
432927,Daniel,Langley,Langley,9188
432931,Tyrese,Francois,Francois,9552
432987,Vítezslav,Jaros,Jaros,13103
432990,Yasser,Larouci,Larouci,10041
433019,Liam,Hughes,Hughes,9404
433138,Marc,Leonard,Leonard,10176
433154,Dwight,McNeil,McNeil,6756
433312,Marshall,Munetsi,Munetsi,7908
433589,Haydon,Roberts,Roberts,9845
433590,Cody,Drameh,Drameh,9499
433979,Cameron,Archer,Archer,9912
434024,Patrik,Gunnarsson,Gunnarsson,9688
434043,Alex,Robertson,Robertson,11593
434044,Cieran,Slicker,Slicker,10052
434138,Jordan,Stevens,Stevens,
434662,Halil,Dervişoğlu,Dervişoğlu,9686
435973,Lyle,Foster,Foster,7498
436234,Bryan,Gil Salvatierra,Bryan,7338
436680,Jakub,Stolarczyk,Stolarczyk,13301
436893,Julián,Araujo Zúñiga,J.Araujo,11745
437468,Sergio,Gómez,Sergio Gómez,6656
437476,Braian,Ojeda Rodríguez,Ojeda,
437495,Illan,Meslier,Meslier,8715
437499,Maxence,Lacroix,Lacroix,8853
437626,Nuno,Varela Tavares,Tavares,9691
437688,Lewis,Richards,Richards,9082
437730,Antoine,Semenyo,Semenyo,11363
437742,Albert,Sambi Lokonga,Sambi,9689
437748,Mike,Trésor,M.Trésor,12094
437753,Giulian,Biancone,Biancone,7282
437757,Han-Noah,Massengo,Massengo,7264
437858,Vitor,Ferreira,Vitinha,8777
438098,Fábio,Ferreira Vieira,Fábio Vieira,11007
438234,Omar Khaled Mohamed Abd Elsala,Marmoush,Marmoush,8393
438277,Ozan,Kabak,Kabak,7376
438405,Billy,Crellin,Crellin,12634
438464,Cheick,Doucouré,C.Doucouré,8666
439135,Eiran,Cashin,Cashin,13459
439242,Taylor,Gardner-Hickman,Gardner-Hickman,9522
439482,Miguel,Azeez,Azeez,9468
439483,Hubert,Graczyk,Graczyk,13473
439485,Josh,Martin,Martin,8455
439509,Christos,Tzolis,Tzolis,9746
439510,Luke,Mbete-Tabu,Mbete,9228
440089,Mikkel,Damsgaard,Damsgaard,8859
440113,Aaron,Rowe,Rowe,7487
440120,Daniel,Chesters,Chesters,10424
440123,James,Furlong,Furlong,11194
440148,Tyler,Morton,Morton,10091
440241,Jensen,Weir,Weir,9252
440323,Armando,Broja,Broja,8384
440854,Jakub,Kiwior,Kiwior,10012
440993,Iliman,Ndiaye,Ndiaye,9307
441024,Harrison,Ashby,Ashby,10061
441164,Pedro,Porro,Pedro Porro,6912
441191,Tino,Livramento,Livramento,9512
441192,Jeremy,Sarmiento Morante,Sarmiento,10036
441240,Romain,Faivre,Faivre,6420
441266,Ryan,Gravenberch,Gravenberch,10697
441271,Ki-Jana,Hoever,Hoever,8351
441302,Ian,Maatsen,Maatsen,11807
441428,Jarell,Quansah,Quansah,10187
441455,Victor,da Silva,Vitinho,11700
442229,Michal,Karbownik,Karbownik,9320
442335,Edo,Kayembe,Kayembe,10290
443211,Rhys,Norrington-Davies,Norrington-Davies,12291
443261,Jack,Clarke,J.Clarke,13019
443296,Theo,Corbeanu,Corbeanu,9209
443629,Marcelo,de Araújo Pitaluga Filho,Pitaluga,10180
443661,Michael,Olise,Olise,9948
443967,Junior,Firpo Adames,Firpo,6485
444102,Francisco Evanilson,de Lima Barbosa,Evanilson,12963
444145,Gabriel,Martinelli Silva,Martinelli,7752
444172,Will,Dennis,Dennis,10748
444180,Jaidon,Anthony,Anthony,10746
444181,Nnamdi,Ofoborh,Ofoborh,7564
444183,Gavin,Kilkenny,Kilkenny,8172
444253,Jordan,Thomas,Thomas,8518
444463,Wesley,Fofana,W.Fofana,7589
444575,Toby,King,King,9542
444765,Sepp,van den Berg,Van den Berg,10721
444880,Mika,Biereth,Biereth,10349
444884,Harvey,Elliott,Elliott,7546
445044,Dejan,Kulusevski,Kulusevski,6691
445122,Jurriën,Timber,J.Timber,11707
445548,Odeluga,Offiah,Offiah,10453
445550,Thomas,Dickson-Peters,Dickson-Peters,10171
445896,Kgaogelo,Chauke,Chauke,9232
446008,Bryan,Mbeumo,Mbeumo,6552
446189,Matej,Kovár,Kovár,11069
446281,Tony,Springett,Springett,10525
447093,Allan,Tchaptchet,Tchaptchet,9257
447107,Ethan,Wady,Wady,11584
447203,Darwin,Núñez Ribeiro,Darwin,10720
447235,Troy,Parrott,Parrott,8145
447261,Mackenzie,Hunt,Hunt,12103
447325,Harry,Tyrer,Tyrer,9411
447372,Ryan,Finnigan,Finnigan,9309
447373,Shane,Flynn,Flynn,9418
447715,Aaron,Ramsey,Ramsey,9913
447720,Imari,Samuels,Samuels,11571
447879,Joseph,Anang,Anang,8223
447880,Josh,Wilson-Esbrand,Wilson-Esbrand,10005
447932,Jordan,Zemura,Zemura,10740
448047,Enzo,Fernández,Enzo,11356
448089,João Victor,Gomes da Silva,João Gomes,11384
448482,Robert,Street,Street,9736
448487,Andreas,Söndergaard,Söndergaard,9223
448496,Ed,Turns,Turns,10178
448514,Rayan,Aït-Nouri,Aït-Nouri,6674
448791,Harvey,White,White,8458
449133,Harvey,Griffiths,Griffiths,11209
449429,Jacob,Greaves,Greaves,12745
449434,Anthony,Elanga,Elanga,9524
449444,Mazeed,Ogungbo,Ogungbo,10541
449781,Alexandre,Jankewitz,Jankewitz,8511
449871,Amadou,Onana,Onana,9667
449926,Adrián,Bernabé,Bernabé,8867
449974,Lukas,Jensen,Jensen,8484
449988,Fabio,Silva,Fabio Silva,8778
450070,Crysencio,Summerville,Summerville,9492
450197,George,Shelvey,G.Shelvey,11462
450314,Matthew,Daly,Daly,7458
450434,Deniz,Undav,Undav,10804
450527,Mohammed,Salisu,Salisu,6923
450529,Lewis,Bate,Bate,8544
450535,Malcolm,Ebiowei,Ebiowei,10698
450539,Myles,Peart-Harris,Peart-Harris,10205
450541,Luke,Plange,Plange,10699
450542,Jesurun,Rak-Sakyi,Rak-Sakyi,9461
450544,Charlie,Patino,Patino,10202
450550,Fin,Stevens,Stevens,9916
450553,Alex,Kirk,Kirk,10582
451302,Altay,Bayindir,Altay,12054
451310,Jonathan,Tomkinson,Tomkinson,10162
451340,Kaoru,Mitoma,Mitoma,10806
453537,Carlos,Mendes Gomes,Mendes,
454667,Jens,Cajuste,Cajuste,10301
455084,Leif,Davis,Davis,8919
456350,Gavin,Bazunu,Bazunu,10765
456966,Caleb,Watts,Watts,9256
457569,Đorđe,Petrović,Petrović,12032
458249,Joshua,Zirkzee,Zirkzee,8044
458297,Pierre,Ekwah,Ekwah,10284
459373,Gonçalo Bento,Soares Cardoso,Cardoso,8234
460028,Levi,Colwill,Colwill,10805
460029,Nathan,Young-Coombes,Young-Coombes,10150
460842,Mohammed,Kudus,Kudus,12027
461012,Cameron,Plain,Plain,11196
461013,Euan,Pollock,Pollock,11316
461017,Christian,Saydee,Saydee,8173
461023,Ryan,Alebiosu,Alebiosu,10350
461025,Nathan,Butler-Oyedeji,Butler-Oyedeji,11272
461026,Chem,Campbell,Campbell,9741
461080,Joseph,McGlynn,McGlynn,10598
461096,Lewis,Richardson,Richardson,9082
461102,Bobby,Thomas,Thomas,8483
461188,Bashir,Humphreys,Humphreys,11243
461195,Dennis,Cirkin,Cirkin,8537
461199,Romaine,Mundle,Mundle,11461
461201,Matthew,Craig,Craig,10579
461212,Nile,John,John,9555
461358,Julián,Álvarez,Álvarez,10846
461382,John-Kymani,Gordon,Gordon,8583
461416,Thomas,Cannon,Cannon,11232
461421,Lewis,Dobbin,Dobbin,10027
461446,Tyler,Onyango,Onyango,9287
461450,Max,Thompson,Thompson,8480
461453,Lewis,Warrington,Warrington,10775
461484,Joe,White,White,9959
461508,Lucas,De Bolle,De Bolle,10416
461529,Charlie,Savage,Savage,10617
461533,Ademipo,Odubeko,Odubeko,9255
461537,Dermot,Mee,Mee,12531
461548,Zidane,Iqbal,Iqbal,11173
461558,Maxwell,Haygarth,Haygarth,10114
461566,William,Fish,Fish,9557
461567,Owen,Dodgson,Dodgson,9827
461584,Wanya,Marçal-Madivadua,Marçal-Madivadua,11368
461585,Tawanda,Maswanhise,Maswanhise,9525
461587,Kasey,McAteer,McAteer,10166
461682,Brandon,Aguilera Zamora,B.Aguilera,12034
462116,Jean-Clair,Todibo,Todibo,6816
462381,Filip,Marschall,Marschall,10173
462384,Jamal,Baptiste,Baptiste,9347
462387,Ali,Al-Hamadi,Al-Hamadi,12751
462424,William,Saliba,Saliba,6888
462438,Micah,Hamilton,Hamilton,12292
462491,Luke,Chambers,Chambers,10722
462492,Joe,Gauci,Gauci,12445
462635,Joe,Gelhardt,Gelhardt,9339
462831,Scott,Banks,Banks,9737
463034,Liam,Delap,Delap,8868
463067,Georginio,Rutter,Rutter,6937
463210,Shea,Charles,Charles,11594
463212,Carlos Roberto,Forbs Borges,Forbs,13092
463748,Karl,Hein,Hein,9692
463903,Jesper,Lindstrøm,Lindstrøm,9752
463912,Elia,Caprile,Caprile,7087
463981,James,Hill,Hill,10747
464353,Harvey,Davies,H.Davies,11028
464618,Liam,McCarron,McCarron,9933
465299,Anthony,Mancini,Mancini,7168
465351,Matheus Luiz,Nunes,Matheus,11000
465390,Kaine,Hayden,Hayden,9409
465527,Hannibal,Mejbri,Mejbri,9558
465551,Nigel,Lonwijk,Lonwijk,9248
465572,Reda,Khadra,Khadra,9250
465607,Anssumane,Fati Vieira,Ansu Fati,7967
465694,Nico,González,N.Gonzalez,9802
465920,Mykhailo,Mudryk,Mudryk,11305
466075,Riccardo,Calafiori,Calafiori,8129
466117,Naouirou,Ahamada,Ahamada,9274
466404,Andrew,Omobamidele,Omobamidele,9833
466955,Brandon,Pierrick,Pierrick,8216
467114,Oliver,Casey,Casey,8724
467169,Antony Matheus,dos Santos,Antony,11094
467189,Mads,Hermansen,Hermansen,12910
467311,Matthew,Pollock,Pollock,
467779,Mats,Wieffer,Wieffer,12758
468243,Kamil,Conteh,Conteh,10208
469142,Jan Paul,van Hecke,Van Hecke,10807
469247,Samuel,Iling-Junior,Iling Jr,10616
469249,Nohan,Kenneh,Kenneh,10000
470255,Caleb,Taylor,Taylor,9521
470294,Darko,Gyabi,Gyabi,10752
470296,Jeremiah,Chilokoa-Mullen,Chilokoa-Mullen,11391
471471,Imrân,Louza,Louza,7278
471798,Gabriel,Słonina,Slonina,
471848,Femi,Seriki,Seriki,9540
472464,Shola,Shoretire,Shoretire,9359
472713,Aaron,Hickey,Hickey,8942
472739,Carl,Rushworth,Rushworth,12760
472769,Nico,O'Reilly,O'Reilly,11592
473341,Caleb,Okoli,Okoli,7333
473342,Stuart,McKinstry,McKinstry,10001
474003,Leonardo,Campana,Campana,8529
474120,Julio,Enciso,Enciso,11058
474772,Ben,Greenwood,Greenwood,11364
474803,Eddie,Beach,Beach,11979
474907,Reece,Welch,Welch,9469
474908,Jadan,Raymond,Raymond,12138
475123,Carlos Miguel,dos Santos Pereira,C.Miguel,12764
475168,João Pedro,Junqueira de Jesus,João Pedro,8272
475480,Benicio,Baker-Boaitey,Baker-Boaitey,12204
475492,Oliver,Hammond,Hammond,10763
476161,Lewis,Payne,Payne,11190
476344,Jhon,Durán,Durán,11366
476369,Issa,Kaboré,Kaboré,9619
476502,Boubacar,Traoré,Traoré,8119
476888,Sékou,Mara,Mara,8970
476938,Ismaila,Coulibaly,Coulibaly,11999
477064,Rico,Lewis,Lewis,10847
477386,Armel,Bella-Kotchap,Bella-Kotchap,9710
477424,Joško,Gvardiol,Gvardiol,9790
477547,Leo Fuhr,Hjelde,Hjelde,10028
477555,Oscar,Bobb,Bobb,11903
477580,Illia,Zabarnyi,Zabarnyi,11486
477717,Maxime,Esteve,Estève,9487
477733,Radek,Vítek,Vítek,
478028,Kayky da Silva,Chagas,Kayky,10203
478227,Stefan,Parkes,Parkes,11145
478449,Kyron,Gordon,Gordon,9289
478912,Carney,Chukwuemeka,Chukwuemeka,9356
478969,Hjalmar,Ekdal,Ekdal,11704
479641,Sebastian,Revan,Revan,11497
479683,Marcus,Oliveira Alencar,Marquinhos,11035
480216,Mateusz,Bogusz,Bogusz,8817
480455,Jarrad,Branthwaite,Branthwaite,8476
480818,Billy,Koumetio,Koumetio,9513
481283,James,Wright,Wright,11488
481371,Zak,Brunt,Brunt,9308
481405,Mads,Bidstrup,Bidstrup,9682
481510,Victor,Kristiansen,Kristiansen,11367
481624,Jaden,Philogene-Bidace,Philogene-Bidace,9415
481626,Christian,Marques,Marques,9215
482158,Lucas,Bergström,Bergström,11809
482442,Pape Matar,Sarr,Sarr,9021
482609,Malo,Gusto,Gusto,9017
482769,Máximo,Perrone,Perrone,11378
483081,Rodrigo,Martins Gomes,R.Gomes,12756
483364,Krisztián,Hegyi,Hegyi,11369
483365,Jonathan,Rowe,Rowe,10172
483391,Luke,McNally,McNally,
483398,Matthew,Whittingham,Whittingham,12235
484658,Kacper,Kozłowski,Kozłowski,
485047,Felipe,Rodrigues da Silva,Morato,13068
485055,Antonín,Kinsky,Kinsky,13348
486385,Norberto Bercique,Gomes Betuncal,Beto,9983
486623,Sean,McAllister,McAllister,11575
486672,Moisés,Caicedo Corozo,Caicedo,9453
486870,Frederik,Alves,Alves,9254
487053,Destiny,Udogie,Udogie,8831
487117,Evan,Ferguson,Ferguson,10177
487693,Devan,Tanton,Tanton,12176
487702,Luca,Koleosho,Koleosho,10620
487818,Joseph,Whitworth,Whitworth,11005
487828,Omari,Forson,Forson,12340
487835,Benjamin,Chrisene,Chrisene,10406
487836,Antwoine,Hackford,Hackford,9222
487837,Divin,Mubama,Mubama,11242
487838,Lewis,Hall,Hall,10216
487968,Ameen,Al-Dakhil,Al-Dakhil,11699
488404,Facundo,Pellistri Rebollo,Pellistri,9324
488439,Woyo,Coulibaly,Coulibaly,12782
488464,Caleb,Wiley,Wiley,12837
489580,Calvin,Ramsay,Ramsay,11214
489639,Bart,Verbruggen,Verbruggen,11711
489706,Justin,Devenny,Devenny,13038
490094,Tim,Iroegbunam,Iroegbunam,9554
490095,Ty,Barnett,Barnett,12290
490098,Kaine,Hayden,Hayden,9409
490138,Jakub,Ojrzynski,Ojrzynski,9405
490145,Dane,Scarlett,Scarlett,9332
490146,Jay,Stansfield,Stansfield,10718
490150,Michael,Ndiweni,Ndiweni,12215
490161,Abu,Kamara,Kamara,10526
490180,Aribim,Pepple,Pepple,
490503,Samuel,Edozie,Edozie,10072
490721,Hugo,Bueno López,Bueno,10140
490881,Toby,Collyer,Collyer,12461
490885,George,Earthy,Earthy,12474
490887,Zach,Awe,Awe,10407
491008,Diogo,Pinheiro Monteiro,Monteiro,11390
491011,Diego Manuel Jadon,da Silva Moreira,Diego Moreira,11978
491012,Youssef,Ramalho Chermiti,Y. Chermiti,11984
491279,Micky,van de Ven,Van de Ven,10050
491287,Enzo,Barrenechea,Barrenechea,11140
491501,James,McConnell,McConnell,11811
491551,Thierry,Small,Small,10206
491556,Charlie,Whitaker,Whitaker,10033
491557,Jenson,Metcalfe,Metcalfe,12269
491559,Isaac,Price,Price,9470
491598,Cameron,Peupion,Peupion,11544
491745,Elijah,Campbell,Campbell,12270
491785,Harvey,Vale,Vale,10215
491970,Bobby,Clark,Clark,10997
492066,Niall,Huggins,Huggins,9219
492373,Charlie,Cresswell,Cresswell,9220
492374,Jack,Jenkins,Jenkins,9102
492776,Dexter,Lembikisa,Lembikisa,11233
492777,Conor,Bradley,Bradley,10120
492779,Yago,de Santiago Alonso,Alonso,11617
492831,Zeki,Amdouni,Amdouni,11701
492859,Wilfried,Gnonto,Gnonto,11155
493105,Alejandro,Garnacho,Garnacho,10552
493121,Roshaun,Mathurin,Mathurin,12548
493125,Radu,Dragusin,Drăgușin,9105
493250,Amad,Diallo,Amad,8127
493347,Denis,Franchi,Franchi,9475
493736,Jimmy,Morgan,Morgan,11239
493928,Marcelo,Flores,Flores,10540
493934,Kwadwo,Baah,Baah,9846
494041,Ethan,Brierley,Brierley,11986
494307,Max,Alleyne,Alleyne,13298
494541,Kamari,Doyle,Doyle,11582
494543,Dominic,Ballard,Ballard,11583
494779,Albert,Grønbæk,Grønbæk,
495145,Alex,Paulsen,Paulsen,
495542,Niels,Nkounkou,Nkounkou,8109
496178,Roman,Dixon,Dixon,12946
496179,Alfie,Devine,Devine,9306
496185,Kaide,Gordon,Gordon,10118
496208,Ben,Doak,Doak,11231
496221,Adam,Wharton,Wharton,12409
496222,Zak,Sturge,Sturge,12602
496228,Sonny,Perkins,Perkins,10141
496279,Isaac,Heath,Heath,13457
496283,Mahamadou,Susoho,Susoho,12268
496661,Tyler,Dibling,Dibling,10586
496683,Max,Kinsey-Wellings,Kinsey-Wellings,11365
497605,Liam,Gibbs,Gibbs,10285
497606,Tawanda,Chirewa,Chirewa,12234
497894,Rasmus,Højlund,Højlund,11055
498046,Salah-Eddine,Oulad M'hand,Oulad M'hand,10351
499167,Josh,Nichols,Nichols,13115
499169,Myles,Lewis-Skelly,Lewis-Skelly,12272
499175,Ethan,Nwaneri,Nwaneri,11132
499309,Marc,Guiu Paz,Marc Guiu,11633
499717,Jayden,Meghoma,Meghoma,13067
499721,Mikey,Moore,Moore,12603
499724,Samuel,Amo-Ameyaw,Amo-Ameyaw,11618
499726,Callum,Olusesi,Olusesi,13224
499857,Teddy,Sharman-Lowe,Sharman-Lowe,12561
500016,Welington Damascena,Santos,Welington,
500052,Luca,Barrington,Barrington,12246
500058,Jayden,Danns,Danns,12455
500267,Loïc,Badé,Badé,8665
500926,Ronnie,Edwards,Edwards,
501284,Michael,Olakigbe,Olakigbe,11487
501468,Tayo,Adaramola,Adaramola,10429
501620,Dante,Cassanova,Cassanova,13409
501770,Ben,Nelson,Nelson,10167
501837,Yerson,Mosquera Valdelamar,Mosquera,9958
502222,Ramón,Sosa,Sosa,13021
502500,Igor Thiago,Nascimento Rodrigues,Thiago,
502697,Carlos,Alcaraz,Alcaraz,11297
503139,Alex,Scott,Scott,12149
503300,Matthew,Cox,Cox,10093
503301,Omari,Hutchinson,Hutchinson,10348
503308,James,Sweet,Sweet,12444
503714,Lesley,Ugochukwu,Ugochukwu,9451
503724,Lorenz,Assignon,Assignon,8973
504198,Anis,Slimane,Slimane,11730
504296,Coby,Ebere,Coby Ebere,13462
504598,Daniel,Gore,Gore,11987
504750,Justin,Hubner,Hubner,12236
504751,Mauro,Bandeira,Bandeira,11578
504783,Kamaldeen,Sulemana,Kamaldeen,9630
505187,Cesare,Casadei,Casadei,10433
505265,Cheikh,Diaby,Diaby,9224
507433,Hákon,Valdimarsson,Valdimarsson,12595
508395,Yegor,Yarmoliuk,Yarmoliuk,11772
508479,Filip,Jørgensen,Jørgensen,9272
509291,André,Trindade da Costa Neto,André,13022
509416,Yasin,Ayari,Ayari,11385
510281,Sávio 'Savinho',Moreira de Oliveira,Sávio,11735
510328,Stanley,Mills,Mills,10776
510362,Toti António,Gomes,Toti,10293
510363,Francisco Jorge,Tomás Oliveira,Chiquinho,10327
510500,João Pedro,Ferreira Silva,Jota Silva,12766
511499,Mathys,Tel,Tel,9780
511504,Kristian,Sekularac,Sekularac,11237
511783,Anass,Zaroury,Zaroury,11703
512462,Jake,O'Brien,O'Brien,12014
513046,Danilo,dos Santos de Oliveira,Danilo,11317
513418,Kevin,Schade,Schade,9156
513433,Brajan,Gruda,Gruda,11310
513527,Bilal,El Khannouss,El Khannouss,13020
513588,Jamie,Donley,Donley,12118
513789,Thanawat,Suengchitthawon,Suengchitthawon,9446
513834,Andrew,Moran,Moran,11193
513836,Leigh,Kavanagh,Kavanagh,12242
513840,Samy,Chouchane,Chouchane,12554
513852,Kris,Moore,Moore,10185
514154,Ben,Jackson,Jackson,12216
514229,Sam,Waller,Waller,10428
514254,Diego,Gómez,Gómez,13364
514277,Jimi,Tauriainen,Tauriainen,12497
514280,Alfie,Gilchrist,Gilchrist,11595
514284,Joe,Wormleighton,Wormleighton,11181
514287,Sil,Swinkels,Swinkels,11393
514315,Lino,Sousa,Sousa,11133
514356,Roméo,Lavia,Lavia,10004
514362,Temple,Ojinnaka,Ojinnaka,12575
514514,Lewis,Koumas,Koumas,12434
515023,Matthew,Dibley-Dias,Dibley-Dias,11553
515024,Luke,Harris,Harris,10719
515496,Owen,Goodman,Goodman,11180
515500,Rhys,Bennett,Bennett,11244
515501,Álvaro,Fernández,Álvaro Fernández,5191
515503,Jack,Wells-Morrison,Wells-Morrison,11192
515504,Joe,Hugill,Hugill,12224
515571,Juan,Larios López,Larios,11078
515597,Lamare,Bogarde,Bogarde,10025
515599,Tommi,O'Reilly,O'Reilly,10454
515621,Chadi,Riad Dnanou,Chadi Riad,11167
516159,Oliwier,Zych,Zych,11394
516250,Jacob,Wright,Wright,12427
516432,Valintino,Adedokun,Adedokun,12179
516874,Charles,Sagoe,Sagoe,12195
516895,Kobbie,Mainoo,Mainoo,11174
516939,Emmanuel,Agbadou,Agbadou,10856
517052,Nicolas,Jackson,N.Jackson,10048
517178,Elkan,Baggott,Baggott,
517179,Alfie,Pond,Pond,13117
517995,Leo,Castledine,Castledine,12247
517996,Ronnie,Stutter,Stutter,12085
518199,Fabian,Mrozek,Mrozek,12433
518438,Kaelan,Casey,Casey,11409
518442,Lewis,Orford,Orford,12296
518466,Willy,Kambwala,Kambwala,12275
518467,Marc,Jurado Gomez,Jurado,11518
518504,James,Storer,Storer,10103
518620,Ângelo Gabriel,Borges Damaceno,Ângelo,11818
518892,Ted,Curd,Curd,12596
518906,Owen,Bevan,Bevan,11034
519198,Alex,Matos,Matos,12086
519223,Sammy,Braybrooke,Braybrooke,11160
519321,Alfie,Dorrington,Dorrington,12193
519324,Amario,Cozier-Duberry,Cozier-Duberry,11241
519325,Habeeb,Ogunneye,Ogunneye,12520
519327,George,Abbott,Abbott,11509
519328,Callum,Scanlon,Scanlon,12147
520295,David Datro,Fofana,D.D.Fofana,11295
521966,Finley,Munroe,Munroe,12581
523700,Daniel,Jebbison,Jebbison,9509
523957,Bénie,Traoré,T.Bénie,11729
524069,Dale,Taylor,Dale Taylor,11230
524070,Jamie,McDonnell,McDonnell,12349
524180,Cameron,Humphreys,Humphreys,1061
524196,Shaqai,Forde,Forde,10553
530117,Louis,Jackson,Jackson,12590
530121,Zain,Silcott-Duberry,Silcott-Duberry,13351
530318,Kaden,Rodney,Rodney,11033
530873,Dara,Costelloe,Costelloe,10568
531076,Frankie,Maguire,Maguire,9348
531170,Nasser,Djiga,Djiga,13463
531363,Nathan,Fraser,Fraser,11210
531442,Abdul,Fatawu,A.Fatawu,12911
531989,David,Ozoh,Ozoh,11268
531993,Ademola,Ola-Adebomi,Ola-Adebomi,12116
531997,Henry,Cartwright,Cartwright,13273
532135,Killian,Phillips,Phillips,11059
532372,Oliver,Arblaster,Arblaster,12449
532377,Louie,Marsh,Marsh,11734
532528,Joshua,Duffus,Duffus,12217
532529,Jack,Hinshelwood,Hinshelwood,11269
532534,Will,Alves,Alves,
532535,Thomas,Wilson-Brown,Wilson-Brown,13304
532605,Andrey,Nascimento dos Santos,Andrey Santos,11808
533463,Dango,Ouattara,Ouattara,9662
533710,Iwan,Morgan,Morgan,13472
533719,Adrian,Blake,Blake,10592
534392,Mason,Burstow,Burstow,11810
534836,Travis,Patterson,Patterson,11507
535017,Julian,Eyestone,Eyestone,13408
535262,Reuell,Walters,Walters,11475
535264,Bradley,Ibrahim,Ibrahim,12194
535301,Carlos,Baleba,Baleba,10527
535339,Tiago,Çukur,Çukur,10591
535818,Simon,Adingra,Adingra,11710
535928,Stefan,Bajcetic,Bajcetic,10723
536109,Oliver,Scarles,Scarles,12358
536110,Josh,Feeney,Feeney,10211
536238,Ishé,Samuels-Smith,Samuels-Smith,11508
536241,Martin,Sherif,Sherif,13345
536677,Detlef Esapa,Osong,Osong,12351
536681,Joe,Gardner,Gardner,12350
536694,Matheus,França de Oliveira,Matheus França,12152
536908,Alejo,Véliz,Veliz,12105
536916,Facundo,Buonanotte,Buonanotte,11362
537043,Kaine,Kesler Hayden,Kesler Hayden,9409
537403,Kadan,Young,Kadan Young,11240
538206,Jordan,Amissah,Amissah,12156
538207,William,Osula,Osula,9556
538210,Andre,Brooks,Brooks,11731
539721,Ruairi,McConville,McConville,13219
541462,Matai,Akinmboni,Akinmboni,13344
543158,Valentín,Barco,Barco,12498
544877,Milos,Kerkez,Kerkez,11709
545477,Alex,Murphy,A.Murphy,12199
545508,Joseph,O'Brien-Whitmarsh,O'Brien-Whitmarsh,13258
547037,Jack,Fletcher,Fletcher,13150
547659,Josh,Powell,Powell,
547668,Axel,Piesold,Piesold,12510
547673,Charlie,Robinson,C.Robinson,11467
547676,Tyler,Fredricson,Fredricson,13467
547686,Luc,De Fougerolles,De Fougerolles,12172
547692,Samuel,Rak-Sakyi,Rak-Sakyi,13286
547701,Archie,Gray,Gray,10184
547716,Ben,Parkinson,Parkinson,12198
547719,Lewis,Miley,Miley,11386
547801,Callum,Bates,Bates,13204
548308,Ashley,Phillips,Phillips,12031
549014,Noël,Atom,Atom,12625
549067,Zach,Abbott,Abbott,13306
549068,Omari,Kellyman,Kellyman,11739
549344,Sam,Curtis,Curtis,12465
549640,Michael,Golding,Golding,
550141,Adrian,Mazilu,Mazilu,
550596,Dominic,Sadi,Sadi,11300
550615,Tyrique,George,George,12573
550833,Noha,Lemina,N.Lemina,12499
550839,Wilson,Odobert,Odobert,10822
550864,Leny,Yoro,Yoro,10564
551221,Tommy,Setford,Setford,13011
551226,Mateus Gonçalo,Espanha Fernandes,M.Fernandes,12948
551230,Renato,Palma Veiga,Renato Veiga,11383
551232,Rodrigo,Duarte Ribeiro,Ribeiro,12418
551995,Taylan,Harris,Harris,12565
552030,Aidan,Francis-Clarke,Francis-Clarke,11725
552425,Sydie,Peck,Peck,12251
552427,Will,Lankshear,Lankshear,13127
554194,Jahmai,Simpson-Pusey,Simpson-Pusey,13185
554605,Dean,Huijsen,Huijsen,11943
556639,Jayce,Fitzgerald,Fitzgerald,13196
559684,Jack,Moorhouse,Moorhouse,13468
559962,Jamaldeen,Jimoh,Jimoh,13310
559963,Kiano,Dyer,Dyer,12574
560248,Bastien,Meupiyou,Meupiyou,11775
563883,Vincent,Angelini,Angelini,10158
563934,Tyrese,Hall,Hall,12623
564505,Sam,Proctor,Proctor,12273
564510,Garang,Kuol,Kuol,
565297,Mateo Joseph,Fernández,Mateo Joseph,11208
565431,Callum,Marshall,Marshall,12359
565858,Killian,Cahill,Cahill,13170
567119,Shumaira,Mheuka,Mheuka,13476
567121,Joe,Knight,Knight,13399
568791,Callan,McKenna,McKenna,12582
569014,Eric,da Silva Moreira,Da Silva Moreira,12765
570241,Ji-Soo,Kim,Kim Ji-Soo,12136
570526,Lucas,Bergvall,Bergvall,12912
573062,Martial,Godo,Godo,11164
573808,Jack,Grieves,Grieves,10593
574398,Franco,Umeh-Chibueze,Umeh-Chibueze,12454
574402,Mark,O’Mahony,O’Mahony,12205
574799,Damola,Ajayi,Ajayi,13363
575034,Ethan,Wheatley,Wheatley,12568
575204,Claudio,Echeverri,Echeverri,
575476,Murillo,Santiago Costa dos Santos,Murillo,12123
575901,Julio,Soler,Soler,
576637,Godwill,Kukonki,Kukonki,13259
576980,Zach,Marsh,Marsh,13203
577016,Josh,Acheampong,Acheampong,12535
577114,Luis Guilherme,Lira dos Santos,L.Guilherme,13026
577725,Joshua,King,King,12410
577731,Ben,Broggio,Broggio,13221
577974,Harry,Amass,Amass,12559
578153,Abdukodir,Khusanov,Khusanov,11763
578512,Miodrag,Pivaš,Pivas,
578545,Kosta,Nedeljković,Nedeljkovic,12775
578614,Enock,Agyei,Agyei,5563
579075,Asher,Agbinone,Agbinone,13039
585472,Ryan,Oné,Oné,12158
588555,Elyh,Harrison,Harrison,13410
588793,Maldini,Kacurri,Kacurri,13081
588796,Ismeal,Kabia,Kabia,13082
589100,Jacob,Slater,Slater,13238
589114,Zack,Nelson,Nelson,12188
589507,Leon,Chiwome,Chiwome,12532
590012,Caleb,Kporha,Kporha,13130
590760,Daniel,Adu-Adjei,Adu-Adjei,11301
591357,Ryan,Trevitt,Trevitt,11146
591382,Genesis,Antwi,Genesis Antwi,13527
591385,Samuel,Amissah,Amissah,13250
591386,Treymaurice,Nyoni,Nyoni,12203
591538,Owen,Hampson,Hampson,12591
591539,Billy,Blacker,Blacker,12450
592031,Yankuba,Minteh,Minteh,12759
592436,Travis,Hernes,Hernes,12396
592661,Tristan,Crama,Crama,11189
592662,Tony,Yogane,Yogane,13104
592736,Maeson,King,King,13287
593001,Enso,González,González,12047
596047,Chido,Obi-Martin,Obi,13466
596054,Tom,Edozie,Edozie,13220
596572,Michael,Dacosta Gonzalez,Dacosta Gonzalez,11302
596777,Patrick,Dorgu,Dorgu,11944
597983,Ollie,Harrison,Harrison,12447
599303,Sean,Neave,Neave,13532
601496,Jili,Buyabu,Buyabu,12157
601975,Yegor,Yarmolyuk,Yarmolyuk,11195
602903,Ezra,Mayers,Mayers,13247
602934,Fletcher,Holman,Holman,12551
606745,Ayden,Heaven,Heaven,13080
606774,Remy,Rees-Dottin,Rees-Dottin,13307
606775,Ben,Winterburn,Winterburn,13242
606798,Andrés,García,A. Garcia,
606921,Romain,Esse,Esse,
607464,Michael,Kayode,Kayode,11281
608060,Jayden,Luker,Luker,12150
609640,Mathis,Amougou,Amougou,12808
609873,Harrison,Armstrong,Armstrong,12757
611011,Joseph,Johnson,Johnson,11980
611917,Luca,Williams-Barnett,Williams-Barnett,13249
611920,Malachi,Hardy,Hardy,13225
611926,Amara,Nallo,Nallo,12534
612534,Benjamin,Fredrick,Fredrick,12397
612855,Ibrahim,Osman,I.Osman,
613120,Spike,Brits,Brits,13299
613467,Wesley,Okoduwa,Okoduwa,12500
616059,Jack,Porter,Porter,13378
616094,Dovydas,Sasnauskas,Sasnauskas,12466
616222,Vitor,de Oliveira Nunes dos Reis,Vitor Reis,
617054,Deivid Washington,de Souza Eugênio,Deivid,12033
618873,Sékou,Koné,Koné,13469
620408,Joachim,Kayi-Sanda,Kayi Sanda,
622536,Benjamin,Arthur,Arthur,12533
622758,Aaron,Anselmino,Anselmino,13460
623095,Min-Hyeok,Yang,Yang,13362
626464,Gustavo,Nunes Fernandes Gomes,G.Nunes,
628204,Yunus,Konak,Konak,12633
632822,Archie,Harris,Harris,13300
634640,Christian,Chigozie,Chigozie,12557
641221,Pedro,Cardoso de Lima,Pedro Lima,
646754,Lander,Emery,Emery,12632
647597,Dominic,Dos Santos Martins,Martins,12536
647671,Mateus,Mané,Mané,13484
