code,first_name,second_name,web_name,16-17
48844,David,Ospina,Ospina,1
11334,Petr,Cech,Cech,2
51507,Laurent,Koscielny,Koscielny,3
17127,Per,Mertesacker,Mertesacker,4
158074,Gabriel Armando,de Abreu,Gabriel,5
98745,Héctor,Bellerín,Bellerín,6
42427,Kieran,Gibbs,Gibbs,7
27334,Mathieu,Debuchy,Debuchy,8
80254,Carl,Jenkinson,Jenkinson,9
38411,Nacho,Monreal,Monreal,10
101184,Calum,Chambers,Chambers,11
37265,Alexis,Sánchez,Sánchez,12
20467,Theo,Walcott,Walcott,13
37605,Mesut,Özil,Özil,14
19524,Santiago,Cazorla,Cazorla,15
41792,Aaron,Ramsey,Ramsey,16
54102,Jack,Wilshere,Wilshere,17
81880,Alex,Oxlade-Chamberlain,Chamberlain,18
133798,Serge,Gnabry,Gnabry,19
56864,Francis,Coquelin,Coquelin,20
153133,Alex,Iwobi,Iwobi,21
153256,Mohamed,Elneny,Elneny,22
99127,Joel,Campbell,Campbell,23
84450,Granit,Xhaka,Xhaka,24
44346,Olivier,Giroud,Giroud,25
50175,Danny,Welbeck,Welbeck,26
80711,Yaya,Sanogo,Sanogo,27
154998,Takuma,Asano,Asano,28
18726,Artur,Boruc,Boruc,29
15885,Adam,Federici,Federici,30
15149,Simon,Francis,Francis,31
56917,Steve,Cook,Steve Cook,32
41320,Charlie,Daniels,Daniels,33
54469,Adam,Smith,Smith,34
149484,Tyrone,Mings,Mings,35
126184,Nathan,Aké,Aké,36
48615,Harry,Arter,Arter,37
20037,Marc,Pugh,Pugh,38
15237,Andrew,Surman,Surman,39
80498,Eunan,O'Kane,O'Kane,40
20669,Shaun,MacDonald,MacDonald,41
56872,Junior,Stanislas,Stanislas,42
40387,Dan,Gosling,Gosling,43
59741,Max,Gradel,Gradel,44
122342,Emerson,Hyndman,Hyndman,45
103912,Jordon,Ibe,Ibe,46
155408,Lewis,Cook,Lewis Cook,47
78007,Joshua,King,King,48
75115,Callum,Wilson,Callum Wilson,49
126468,Tokelo,Rantie,Rantie,50
21246,Lewis,Grabban,Grabban,51
88498,Benik,Afobe,Afobe,52
178304,Lys,Mousset,Mousset,53
21205,Tom,Heaton,Heaton,54
68983,Matthew,Lowton,Lowton,55
51927,Ben,Mee,Mee,56
40616,Stephen,Ward,Ward,57
106611,Michael,Keane,Keane,58
17761,James,Tarkowski,Tarkowski,59
85017,Tendayi,Darikwa,Darikwa,60
19556,David,Jones,Jones,61
28244,George,Boyd,Boyd,62
39158,Scott,Arfield,Arfield,63
15982,Dean,Marney,Marney,64
95508,Fredrik,Ulvestad,Ulvestad,65
15944,Michael,Kightly,Kightly,66
40399,Sam,Vokes,Vokes,67
73426,Andre,Gray,Gray,68
34654,Lukas,Jutkiewicz,Jutkiewicz,69
44699,Ashley,Barnes,Barnes,70
37002,Rouwen,Hennings,Hennings,71
153678,Chris,Long,Long,72
60772,Thibaut,Courtois,Courtois,73
40349,Asmir,Begovic,Begovic,74
1718,John,Terry,Terry,75
41135,Branislav,Ivanovic,Ivanovic,76
41328,César,Azpilicueta,Azpilicueta,77
19419,Gary,Cahill,Cahill,78
103192,Kurt,Zouma,Zouma,79
118335,Abdul Rahman,Baba,Baba Rahman,80
163793,Matt,Miazga,Miazga,81
42786,Eden,Hazard,Hazard,82
17878,Cesc,Fàbregas,Fàbregas,83
61262,Oscar,dos Santos Emboaba Junior,Oscar,84
66733,Juan,Cuadrado,Cuadrado,85
47431,Willian,Borges Da Silva,Willian,86
62398,Nemanja,Matic,Matic,87
126187,Ruben,Loftus-Cheek,Loftus-Cheek,88
28495,John Obi,Mikel,Mikel,89
49579,Pedro,Rodríguez Ledesma,Pedro,90
110504,Bertrand,Traore,Traore,91
49013,Victor,Moses,Moses,92
82660,Marco,Van Ginkel,Van Ginkel,93
167767,Robert Kenedy,Nunes do Nascimento,Kenedy,94
116594,N'Golo,Kanté,Kanté,95
94245,Michy,Batshuayi,Batshuayi,96
18507,Diego,Da Silva Costa,Costa,97
38419,Loïc,Remy,Remy,98
11554,Julian,Speroni,Speroni,99
20066,Wayne,Hennessey,Hennessey,100
58376,Alex,McCarthy,McCarthy,101
44413,Steve,Mandanda,Mandanda,102
49413,James,Tomkins,Tomkins,103
19188,Scott,Dann,Dann,104
55494,Joel,Ward,Ward,105
58786,Martin,Kelly,Kelly,106
7906,Damien,Delaney,Delaney,107
79228,Pape,Souaré,Souaré,108
55452,Yannick,Bolasie,Bolasie,109
19197,Jason,Puncheon,Puncheon,110
82403,Wilfried,Zaha,Zaha,111
59115,Mile,Jedinak,Jedinak,112
18805,Joe,Ledley,Ledley,113
50471,James,McArthur,McArthur,114
49438,Jordon,Mutch,Mutch,115
103100,Jonathan,Williams,Williams,116
75773,Chung-yong,Lee,Lee Chung-yong,117
27341,Yohan,Cabaye,Cabaye,118
44343,Bakary,Sako,Sako,119
60252,Andros,Townsend,Townsend,120
28541,Fraizer,Campbell,Campbell,121
59125,Connor,Wickham,Wickham,122
78315,Joel,Robles,Robles,123
10318,Maarten,Stekelenburg,Stekelenburg,124
12745,Leighton,Baines,Baines,125
59949,Seamus,Coleman,Coleman,126
7645,Phil,Jagielka,Jagielka,127
97299,John,Stones,Stones,128
108824,Brendan,Galloway,Galloway,129
149468,Tyias,Browning,Browning,130
114093,Matthew,Pennington,Pennington,131
121221,Ramiro,Funes Mori,Funes Mori,132
26901,Kevin,Mirallas,Mirallas,133
88894,Ross,Barkley,Barkley,134
43250,Tom,Cleverley,Cleverley,135
50472,James,McCarthy,McCarthy,136
1632,Gareth,Barry,Barry,137
27707,Darron,Gibson,Gibson,138
87447,Muhamed,Besic,Besic,139
77762,Bryan,Oviedo,Oviedo,140
94924,Gerard,Deulofeu,Deulofeu,141
17349,Aaron,Lennon,Lennon,142
66749,Romelu,Lukaku,Lukaku,143
26921,Arouna,Koné,Koné,144
113688,Oumar,Niasse,Niasse,145
12390,Allan,McGregor,McGregor,146
11974,Eldin,Jakupovic,Jakupovic,147
171982,Brian,Lenihan,Lenihan,148
19115,Curtis,Davies,Davies,149
12679,Michael,Dawson,Dawson,150
88898,Moses,Odubajo,Odubajo,151
122798,Andrew,Robertson,Robertson,152
95658,Harry,Maguire,Maguire,153
19687,Alex,Bruce,Bruce,154
18987,Robert,Snodgrass,Snodgrass,155
74033,Sam,Clucas,Clucas,156
49944,Jake,Livermore,Livermore,157
37339,Ahmed,Elmohamady,Elmohamady,158
28147,Mohamed,Diamé,Diamé,159
15109,Tom,Huddlestone,Huddlestone,160
53371,David,Meyler,Meyler,161
9110,Shaun,Maloney,Maloney,162
59856,Abel,Hernández,Hernández,163
111847,Adama,Diomande,Diomande,164
17745,Kasper,Schmeichel,Schmeichel,165
51934,Ron-Robert,Zieler,Zieler,166
15033,Wes,Morgan,Morgan,167
37402,Christian,Fuchs,Fuchs,168
86417,Jeffrey,Schlupp,Schlupp,169
37388,Marcin,Wasilewski,Wasilewski,170
46695,Ritchie,de Laet,de Laet,171
40725,Danny,Simpson,Simpson,172
12413,Robert,Huth,Huth,173
41321,Yohan,Benalouane,Benalouane,174
130025,Luis,Hernández,Hernández,175
103025,Riyad,Mahrez,Mahrez,176
51938,Marc,Albrighton,Albrighton,177
13152,Andy,King,King,178
61603,Daniel,Drinkwater,Drinkwater,179
40772,Gökhan,Inler,Inler,180
172632,Demarai,Gray,Gray,181
155569,Daniel,Amartey,Amartey,182
86881,Nampalys,Mendy,Mendy,183
101668,Jamie,Vardy,Vardy,184
54316,Leonardo,Ulloa,Ulloa,185
78412,Shinji,Okazaki,Okazaki,186
90714,Ahmed,Musa,Musa,187
66797,Simon,Mignolet,Mignolet,188
104542,Loris,Karius,Karius,189
40784,Mamadou,Sakho,Sakho,190
38454,Dejan,Lovren,Lovren,191
100059,Alberto,Moreno,Moreno,192
57328,Nathaniel,Clyne,Clyne,193
91979,Jon,Flanagan,Flanagan,194
171287,Joseph,Gomez,Gomez,195
134383,Connor,Randall,Randall,196
120447,Bradley,Smith,Smith,197
106449,Kevin,Stewart,Stewart,198
60914,Joel,Matip,Matip,199
43191,Leiva,Lucas,Lucas,200
56979,Jordan,Henderson,Henderson,201
40555,Joe,Allen,Allen,202
84583,Philippe,Coutinho,Coutinho,203
112338,Emre,Can,Can,204
39155,Adam,Lallana,Lallana,205
99323,Lazar,Markovic,Markovic,206
141921,Oluwaseyi,Ojo,Sheyi Ojo,207
15157,James,Milner,Milner,208
92217,Roberto,Firmino,Firmino,209
147668,Cameron,Brannagan,Brannagan,210
174254,Pedro,Chirivella,Chirivella,211
110979,Sadio,Mané,Mané,212
54861,Christian,Benteke,Christian Benteke,213
40755,Daniel,Sturridge,Sturridge,214
42493,Mario,Balotelli,Balotelli,215
84939,Danny,Ings,Ings,216
152760,Divock,Origi,Origi,217
15749,Joe,Hart,Hart,218
20310,Willy,Caballero,Caballero,219
42593,Aleksandar,Kolarov,Kolarov,220
20658,Pablo,Zabaleta,Zabaleta,221
17476,Vincent,Kompany,Kompany,222
17336,Gaël,Clichy,Clichy,223
37748,Bacary,Sagna,Sagna,224
57112,Eliaquim,Mangala,Mangala,225
57410,Nicolás,Otamendi,Otamendi,226
41823,Fabian,Delph,Delph,227
103955,Raheem,Sterling,Sterling,228
28554,Samir,Nasri,Nasri,229
20664,David,Silva,Silva,230
14664,Gnegneri Yaya,Touré,Yaya Touré,231
17740,Jesús,Navas,Navas,232
27789,Fernando,Luiz Rosa,Fernandinho,233
52538,Fernando Francisco,Reges,Fernando,234
61366,Kevin,De Bruyne,De Bruyne,235
59859,Ilkay,Gündogan,Gündogan,236
86173,Manuel,Agudo Durán,Nolito,237
206325,Oleksandr,Zinchenko,Zinchenko,238
37572,Sergio,Agüero,Agüero,239
57001,Wilfried,Bony,Bony,240
173515,Kelechi,Iheanacho,Iheanacho,241
51940,David,de Gea,de Gea,242
42899,Sergio,Romero,Romero,243
55909,Chris,Smalling,Smalling,244
76359,Phil,Jones,Jones,245
152015,Guillermo,Varela,Varela,246
106760,Luke,Shaw,Shaw,247
58893,Marcos,Rojo,Rojo,248
160817,Patrick,McNair,McNair,249
20695,Antonio,Valencia,Valencia,250
40002,Matteo,Darmian,Darmian,251
171273,Cameron,Borthwick-Jackson,Borthwick-Jackson,252
201084,Timothy,Fosu-Mensah,Fosu-Mensah,253
58877,Daley,Blind,Blind,254
197365,Eric,Bailly,Bailly,255
43670,Juan,Mata,Mata,256
41184,Marouane,Fellaini,Fellaini,257
106824,Memphis,Depay,Depay,258
2404,Michael,Carrick,Carrick,259
18892,Ashley,Young,Young,260
154976,Adnan,Januzaj,Januzaj,261
59846,Ander,Herrera,Herrera,262
156689,Andreas,Pereira,Pereira,263
42774,Morgan,Schneiderlin,Schneiderlin,264
15208,Bastian,Schweinsteiger,Schweinsteiger,265
109322,Jesse,Lingard,Lingard,266
148225,Anthony,Martial,Martial,267
57249,Henrikh,Mkhitaryan,Mkhitaryan,268
13017,Wayne,Rooney,Rooney,269
112139,James,Wilson,Wilson,270
176297,Marcus,Rashford,Rashford,271
9808,Zlatan,Ibrahimovic,Ibrahimovic,272
19101,Dimitrios,Konstantopoulos,Konstantopoulos,273
12496,Víctor,Valdés,Valdés,274
75880,Daniel,Ayala,Ayala,275
40202,George,Friend,Friend,276
169061,Dael,Fry,Fry,277
83312,Ben,Gibson,Gibson,278
48771,Emilio,Nsue Lopez,Nsue,279
55317,Bernardo,Espinosa Zúñiga,Bernardo,280
49773,Albert,Adomah,Adomah,281
12002,Stewart,Downing,Downing,282
59044,Adam,Clayton,Clayton,283
10460,Grant,Leadbitter,Leadbitter,284
96778,Adam,Reach,Reach,285
80179,Adam,Forshaw,Forshaw,286
153601,Carlos,De Pena,De Pena,287
169535,Julien,de Sart,de Sart,288
123125,Viktor,Fischer,Fischer,289
82428,Marten,de Roon,de Roon,290
12744,David,Nugent,Nugent,291
20047,Jordan,Rhodes,Rhodes,292
49464,Cristhian,Stuani,Stuani,293
40383,Fraser,Forster,Forster,294
102884,Paulo,Gazzaniga,Gazzaniga,295
40146,Ryan,Bertrand,Bertrand,296
38580,Jose,Fonte,Fonte,297
80447,Maya,Yoshida,Yoshida,298
169359,Matt,Targett,Targett,299
84395,Florin,Gardos,Gardos,300
58822,Cédric,Soares,Cédric,301
56192,Cuco,Martina,Martina,302
97032,Virgil,van Dijk,van Dijk,303
83283,Nathan,Redmond,Redmond,304
17339,Steven,Davis,Davis,305
101178,James,Ward-Prowse,Ward-Prowse,306
153366,Harrison,Reed,Reed,307
62399,Dusan,Tadic,Tadic,308
85654,Jordy,Clasie,Clasie,309
78056,Oriol,Romeu Vidal,Oriol Romeu,310
44683,Jay,Rodriguez,Rodriguez,311
132015,Pierre-Emile,Højbjerg,Højbjerg,312
20452,Shane,Long,Long,313
78356,Charlie,Austin,Austin,314
1822,Shay,Given,Given,315
105666,Jack,Butland,Butland,316
112316,Jakob,Haugaard,Haugaard,317
37869,Ryan,Shawcross,Shawcross,318
32318,Marc,Wilson,Marc Wilson,319
50089,Geoff,Cameron,Cameron,320
39487,Erik,Pieters,Pieters,321
61595,Marc,Muniesa,Muniesa,322
17997,Phil,Bardsley,Bardsley,323
69960,Philipp,Wollscheid,Wollscheid,324
9047,Glen,Johnson,Johnson,325
155706,Dionatan do Nascimento,Teixeira,Teixeira,326
20481,Stephen,Ireland,Ireland,327
20208,Charlie,Adam,Adam,328
12150,Glenn,Whelan,Whelan,329
12813,Jonathan,Walters,Walters,330
41464,Marko,Arnautovic,Arnautovic,331
19568,Ibrahim,Afellay,Afellay,332
68312,Xherdan,Shaqiri,Shaqiri,333
102738,Giannelli,Imbula,Imbula,334
40276,Bojan,Krkic,Bojan,335
3773,Peter,Crouch,Crouch,336
61858,Mame Biram,Diouf,Diouf,337
61316,Jose Luis,Mato Sanmartín,Joselu,338
20487,Vito,Mannone,Mannone,339
111234,Jordan,Pickford,Pickford,340
37742,Younes,Kaboul,Kaboul,341
3736,John,O'Shea,O'Shea,342
11467,Billy,Jones,Jones,343
74230,Patrick,van Aanholt,van Aanholt,344
60794,Adam,Matthews,Matthews,345
45076,Lamine,Koné,Koné,346
57736,Jan,Kirchhoff,Kirchhoff,347
28448,Lee,Cattermole,Cattermole,348
19057,Sebastian,Larsson,Larsson,349
49384,Jack,Rodwell,Rodwell,350
39187,Jeremain,Lens,Lens,351
60165,Wahbi,Khazri,Khazri,352
115854,Duncan,Watmore,Watmore,353
77454,Fabio,Borini,Borini,354
7958,Jermain,Defoe,Defoe,355
37096,Lukasz,Fabianski,Fabianski,356
61760,Kristoffer,Nordfeldt,Nordfeldt,357
49539,Kyle,Naughton,Naughton,358
19159,Ashley,Williams,Williams,359
47390,Neil,Taylor,Taylor,360
42996,Angel,Rangel,Rangel,361
80789,Jordi,Amat,Amat,362
57145,Federico,Fernández,Fernández,363
55313,Franck,Tabanou,Tabanou,364
96306,Stephen,Kingsley,Kingsley,365
97615,Mike,van der Hoorn,van der Hoorn,366
40145,Jack,Cork,Cork,367
55422,Gylfi,Sigurdsson,Sigurdsson,368
11829,Wayne,Routledge,Routledge,369
15114,Leon,Britton,Britton,370
96305,Jay,Fulton,Fulton,371
76542,Sung-yueng,Ki,Ki Sung-yueng,372
49195,Jefferson,Montero,Montero,373
45124,André,Ayew,Ayew,374
49277,Leroy,Fer,Fer,375
21083,Nathan,Dyer,Dyer,376
37998,Bafétimbi,Gomis,Gomis,377
39270,Marvin,Emnes,Emnes,378
111787,Modou,Barrow,Barrow,379
37915,Hugo,Lloris,Lloris,380
39215,Michel,Vorm,Vorm,381
55605,Toby,Alderweireld,Alderweireld,382
38290,Danny,Rose,Rose,383
58621,Kyle,Walker,Walker,384
39194,Jan,Vertonghen,Vertonghen,385
115556,Ben,Davies,Davies,386
77794,Kieran,Trippier,Trippier,387
97485,Kevin,Wimmer,Wimmer,388
151119,DeAndre,Yedlin,Yedlin,389
93264,Eric,Dier,Dier,390
39104,Mousa,Dembélé,Dembélé,391
54908,Nacer,Chadli,Chadli,392
62974,Erik,Lamela,Lamela,393
80607,Christian,Eriksen,Eriksen,394
126407,Nabil,Bentaleb,Bentaleb,395
58791,Ryan,Mason,Mason,396
93464,Tom,Carroll,Carroll,397
108823,Bamidele,Alli,Alli,398
168765,Joshua,Onomah,Onomah,399
54756,Victor,Wanyama,Wanyama,400
106450,Alex,Pritchard,Pritchard,401
85971,Heung-Min,Son,Son,402
78830,Harry,Kane,Kane,403
145212,Clinton,N'Jie,N'Jie,404
165990,Vincent,Janssen,Janssen,405
56827,Costel,Pantilimon,Pantilimon,406
18656,Heurelho,Gomes,Gomes,407
41338,Craig,Cathcart,Cathcart,408
41945,Sebastian,Prödl,Prödl,409
98780,Juan Carlos,Paredes,Paredes,410
40868,José,Holebas,Holebas,411
67527,Allan-Roméo,Nyom,Nyom,412
52153,Miguel,Britos,Britos,413
85624,Christian,Kabasele,Kabasele,414
44302,Adlène,Guédioura,Guédioura,415
38439,Etienne,Capoue,Capoue,416
41926,Almen,Abdi,Abdi,417
16045,Ben,Watson,Watson,418
19342,Ikechi,Anya,Anya,419
21123,Valon,Behrami,Behrami,420
88935,Steven,Berghuis,Berghuis,421
44604,Nordin,Amrabat,Amrabat,422
28160,Mario,Suárez,Suárez,423
173514,Isaac,Success,Success,424
41725,Troy,Deeney,Deeney,425
58498,Odion,Ighalo,Ighalo,426
179620,Mamadou Obbi,Oularé,Oularé,427
133801,Jerome,Sinclair,Sinclair,428
12086,Boaz,Myhill,Myhill,429
9089,Ben,Foster,Foster,430
37642,Jonny,Evans,Evans,431
39253,Jonas,Olsson,Olsson,432
60232,Craig,Dawson,Dawson,433
42583,Sébastien,Pocognoli,Pocognoli,434
77760,Cristian,Gamboa,Gamboa,435
19272,Gareth,McAuley,McAuley,436
43252,James,Chester,Chester,437
19151,Chris,Brunt,Brunt,438
14295,Darren,Fletcher,Fletcher,439
28468,Craig,Gardner,Gardner,440
18008,James,Morrison,Morrison,441
55829,Claudio,Yacob,Yacob,442
61538,Callum,McManaman,McManaman,443
63370,James,McClean,McClean,444
173809,Jonathan,Leko,Leko,445
50229,Matt,Phillips,Phillips,446
11037,Rickie,Lambert,Lambert,447
91972,Saido,Berahino,Berahino,448
57134,Salomón,Rondón,Rondón,449
60706,Adrián,San Miguel del Castillo,Adrián,450
32259,Darren,Randolph,Randolph,451
8380,James,Collins,Collins,452
48717,Winston,Reid,Reid,453
55459,Aaron,Cresswell,Cresswell,454
173792,Reece,Oxford,Oxford,455
40669,Angelo,Ogbonna,Ogbonna,456
113564,Sam,Byram,Byram,457
18073,Mark,Noble,Noble,458
55037,Cheikhou,Kouyaté,Kouyaté,459
59779,Pedro,Obiang,Obiang,460
37901,Dimitri,Payet,Payet,461
86934,Manuel,Lanzini,Lanzini,462
172567,Josh,Cullen,Cullen,463
57531,Michail,Antonio,Antonio,464
43626,Håvard,Nordtveit,Nordtveit,465
44336,Sofiane,Feghouli,Feghouli,466
59796,Gökhan,Töre,Töre,467
40142,Andy,Carroll,Carroll,468
148179,Enner,Valencia,Valencia,469
73889,Diafra,Sakho,Sakho,470
98747,Nick,Pope,Pope,471
1801,Paul,Robinson,Robinson,472
60586,Johann Berg,Gudmundsson,Gudmundsson,473
33871,Ragnar,Klavan,Klavan,474
210237,Marko,Grujic,Grujic,475
160729,Jason,Denayer,Denayer,476
20399,Antonio,Barragán,Barragán,477
42892,Álvaro,Negredo,Negredo,478
42738,Juan,Zuñiga,Zuñiga,479
97296,Tommie,Hoban,Hoban,480
86431,Brice,Dja Djédjé,Dja Djédjé,481
121599,Abdoulaye,Doucouré,Doucouré,482
81183,Matej,Vydra,Vydra,483
156074,Rob,Holding,Holding,484
41733,Georginio,Wijnaldum,Wijnaldum,485
205102,Ramadan,Sobhi,Sobhi,486
159506,Ola,Aina,Aina,487
80801,Idrissa,Gueye,Gueye,488
182156,Leroy,Sané,Sané,489
41705,Bradley,Guzan,Guzan,490
78091,Gastón,Ramírez,Ramírez,491
40833,Jérémy,Pied,Pied,492
147675,Chuba,Akpom,Akpom,493
138009,Sullay,Kaikai,Kaikai,494
194164,Mason,Holgate,Holgate,495
172850,Benjamin,Chilwell,Chilwell,496
165911,Bartosz,Kapustka,Kapustka,497
145235,Jose Angel,Esmoris Tasende,Angelino,498
80935,Papy,Djilobodji,Djilobodji,499
19760,Fernando,Llorente,Llorente,500
168763,Cameron,Carter-Vickers,Carter-Vickers,501
80788,Daniel,Lafferty,Lafferty,502
74208,Paul,Pogba,Pogba,503
88900,Jack,Stephens,Stephens,504
105717,Arthur,Masuaku,Masuaku,505
160816,Donald,Love,Love,506
83091,Borja,Bastón,Bastón,507
94926,Olayinka Fredrick Oladotun,Ladapo,Ladapo,508
204216,Keshi,Anderson,Anderson,509
215457,Kane,Wilson,Wilson,510
195864,Sam,Field,Field,511
173807,Tom,Davies,Davies,512
157668,Harry,Winks,Winks,513
155509,Greg,Olley,Olley,514
213384,Josh,Clackstone,Clackstone,515
178186,Jarrod,Bowen,Bowen,516
19812,Dusan,Kuciak,Kuciak,517
202174,Greg,Luer,Luer,518
221267,Josh,Tymon,Tymon,519
149016,Lynden,Gooch,Gooch,520
219727,Joel,Asoro,Asoro,521
15633,Alex,Baptiste,Baptiste,522
169187,Trent,Alexander-Arnold,Alexander-Arnold,523
1616,Alexander,Manninger,Manninger,524
39847,Steven,Defour,Defour,525
168287,Jonathan,Calleri,Calleri,526
54771,Fabio Pereira,da Silva,Fabio,527
170154,Pablo,Maffeo,Maffeo,528
153772,Luke,McGee,McGee,529
89085,Nathaniel,Chalobah,Chalobah,530
234483,Aiden,O'Neill,O'Neill,531
170851,Josh,Robson,Josh Robson,532
7525,Steven,Pienaar,Pienaar,533
156658,Reece,Burke,Burke,534
176296,Ashley,Fletcher,Fletcher,535
90105,Ryan,Fraser,Fraser,536
154558,Thomas,Robson,Thomas Robson,537
109528,Javier,Manquillo,Manquillo,538
61566,Roberto,Pereyra,Pereyra,539
52940,Daryl,Janmaat,Janmaat,540
33148,Claudio,Bravo,Bravo,541
163526,Edimilson,Fernandes,Fernandes,542
130103,Hiram,Boateng,Boateng,543
200455,Julien,Ngoy,Ngoy,544
221268,Ben,Hinchcliffe,Hinchcliffe,545
169432,Oliver,McBurnie,McBurnie,546
168717,Maksymilian,Stryjek,Stryjek,547
112507,Jack,Rose,Rose,548
155851,Lucas,Pérez,Pérez,549
60270,Simone,Zaza,Zaza,550
128198,Sofiane,Boufal,Boufal,551
20046,Stefano,Okaka,Okaka,552
106617,Patrick,Bamford,Bamford,553
15144,David,Marshall,Marshall,554
69140,Shkodran,Mustafi,Mustafi,555
20145,Adrian,Mariappa,Mariappa,556
91126,Will,Keane,Keane,557
149266,Alfie,Mawson,Mawson,558
144660,Didier,Ndong,Ndong,559
83314,Jeff,Hendrick,Hendrick,560
82263,Marcos,Alonso,Alonso,561
85352,Bruno,Martins Indi,Martins Indi,562
159533,Adama,Traoré,Traoré,563
182960,Pau,López Sabata,Pau López,564
168566,Georges-Kévin,Nkoudou,Nkoudou,565
156686,James,Weir,Weir,566
149828,Islam,Slimani,Slimani,567
18759,Álvaro,Arbeloa,Arbeloa,568
39472,Dieumerci,Mbokani,Mbokani,569
41270,David,Luiz Moreira Marinho,David Luiz,570
49440,Hal,Robson-Kanu,Robson-Kanu,571
45268,Moussa,Sissoko,Sissoko,572
82771,Markus,Henriksen,Henriksen,573
6744,Lee,Grant,Grant,574
28593,Victor,Anichebe,Anichebe,575
18155,Mathieu,Flamini,Flamini,576
81061,Michael,Simões Domingues,Mika,577
178871,Aleix,García Serrano,García,578
191769,Jonathan,Benteke,Jonathan Benteke,579
106603,Ezekiel,Fryers,Fryers,580
221275,Luke,Dreher,Dreher,581
154051,Oviemuno,Ejaria,Ejaria,582
38038,Ben,Hamer,Hamer,583
101179,Lloyd,Isgrove,Isgrove,584
221271,Ben,Wynter,Wynter,585
158544,Jake,Hesketh,Hesketh,586
114000,George,Honeyman,Honeyman,587
208987,Jeff,Reine-Adelaide,Reine-Adelaide,588
154050,Olufela,Olomola,Olomola,589
154566,Dominic,Solanke,Solanke,590
82257,Raphael,Spiegel,Spiegel,591
153373,Sam,McQueen,McQueen,592
154043,Ainsley,Maitland-Niles,Maitland-Niles,593
41674,Kevin,Long,Long,594
177815,Dominic,Calvert-Lewin,Calvert-Lewin,595
185056,Mateusz,Hewelt,Hewelt,596
3201,Stuart,Taylor,Taylor,597
200617,Daniel,James,James,598
220650,Thibaud,Verlinden,Verlinden,599
61302,Ryan,Allsop,Allsop,600
112520,Alex,Palmer,Palmer,601
61604,Matthew,James,James,602
182436,Ben,Woodburn,Woodburn,603
153379,Joshua,Sims,Sims,604
243531,Andrew,Eleftheriou,Eleftheriou,605
215885,Michael,Phillips,Phillips,606
109646,Oluwatosin,Adarabioyo,Tosin Adarabioyo,607
181489,Alex,Pike,Pike,608
195859,Marcus,Browne,Browne,609
216058,Domingos,Quina,Quina,610
169735,Noor,Husin,Husin,611
214590,Aaron,Wan-Bissaka,Wan-Bissaka,612
195480,Josh,Maja,Maja,613
232427,Rekeem,Harper,Harper,614
149051,Ethan,Robson,Ethan Robson,615
153673,Jonjoe,Kenny,Kenny,616
204819,Elliot,Embleton,Embleton,617
204480,Declan,Rice,Rice,618
221286,Charlie,Rowan,Rowan,619
204760,Michael,Folivi,Folivi,620
231172,Brandon,Mason,Mason,621
179725,Carl,Stewart,Stewart,622
198044,Harry,Lewis,Lewis,623
154559,Michael,Ledger,Ledger,624
205651,Gabriel Fernando,de Jesus,Jesus,625
15276,Joey,Barton,Barton,626
219352,Ademola,Lookman,Lookman,627
203341,Wilfred,Ndidi,Ndidi,628
49207,Rudy,Gestede,Gestede,629
52287,Evandro,Goebel,Evandro,630
169130,Joel,Taylor,Taylor,631
57586,Luciano,Narsingh,Narsingh,632
28654,Martin,Olsson,Olsson,633
92293,Omar,Elabdellaoui,Elabdellaoui,634
7551,Joleon,Lescott,Lescott,635
49696,Mauro,Zárate,Zárate,636
96764,M'Baye,Niang,Niang,637
39167,Andrea,Ranocchia,Ranocchia,638
57187,Giedrius,Arlauskis,Arlauskis,639
90517,Robbie,Brady,Brady,640
60551,Ashley,Westwood,Westwood,641
80146,Jordan,Ayew,Ayew,642
61548,Manolo,Gabbiadini,Gabbiadini,643
49688,Alfred,N'Diaye,N'Diaye,644
103127,Molla,Wagué,Wagué,645
66975,Luka,Milivojevic,Milivojevic,646
49957,Kamil,Grosicki,Grosicki,647
209212,Thomas,Edwards,Edwards,648
167789,Baily,Cargill,Cargill,649
115357,Mouez,Hassen,Hassen,650
207725,Daniel,Agyei,Agyei,651
43693,Martín,Cáceres,Cáceres,652
153682,Harry,Wilson,Wilson,653
192290,Connor,Roberts,Roberts,654
176295,Matthew,Willock,Willock,655
180804,Axel,Tuanzebe,Tuanzebe,656
98980,Damian Emiliano,Martinez,Martinez,657
169527,Joe,Williams,Joe Williams,658
243532,Dion,Pereira,Pereira,659
113534,Matt,Macey,Macey,660
90263,James,Husband,Husband,661
168196,Joel Dinis,Castro Pereira,Joel Pereira,662
41251,Eduardo,Dos Reis Carvalho,Eduardo,663
156660,Moses,Makasi,Makasi,664
183487,Nathan,Holland,Holland,665
195473,Rhian,Brewster,Brewster,666
195851,Scott,McTominay,McTominay,667
107265,Angus,Gunn,Gunn,668
171277,Demetri,Mitchell,Mitchell,669
179596,Elliott,Moore,Moore,670
157665,Filip,Lesniak,Lesniak,671
205135,Samuel,Shashoua,Shashoua,672
179261,Zachary,Dearnley,Dearnley,673
156690,Joshua,Harrop,Harrop,674
221568,Daniel,Kemp,Kemp,675
240499,Daniel,Batty,Batty,676
225321,Aaron,Ramsdale,Ramsdale,677
224946,Matthew,Worthington,Worthington,678
217331,Sam,Surridge,Surridge,679
209041,Angel,Gomes,Gomes,680
192182,Kieran,O'Hara,O'Hara,681
5288,Gerhard,Tremmel,Tremmel,682
26719,Rene,Gilmartin,Gilmartin,683
