code,first_name,second_name,web_name,18-19
11334,Petr,Cech,Cech,1
80201,Bernd,Leno,Leno,2
51507,Laurent,Koscielny,Koscielny,3
98745,Héctor,Bellerín,Bellerín,4
38411,Nacho,Monreal,Monreal,5
156074,Rob,Holding,Holding,6
69140,Shkodran,Mustafi,Mustafi,7
111457,Sead,Kolasinac,Kolasinac,8
101184,Calum,Chambers,Chambers,9
233963,Konstantinos,Mavropanos,Mavropanos,10
27335,Stephan,Lichtsteiner,Lichtsteiner,11
39476,Sokratis,Papastathopoulos,Sokratis,12
37605,Mesut,Özil,Özil,13
41792,Aaron,Ramsey,Ramsey,14
153133,Alex,Iwobi,Iwobi,15
153256,Mohamed,Elneny,Elneny,16
84450,Granit,Xhaka,Xhaka,17
57249,Henrikh,Mkhitaryan,Mkhitaryan,18
200641,Reiss,Nelson,Nelson,19
154043,Ainsley,Maitland-Niles,Maitland-Niles,20
50175,Danny,Welbeck,Welbeck,21
59966,Alexandre,Lacazette,Lacazette,22
54694,Pierre-Emerick,Aubameyang,Aubameyang,23
40349,Asmir,Begovic,Begovic,24
18726,Artur,Boruc,Boruc,25
15149,Simon,Francis,Francis,26
56917,Steve,Cook,Steve Cook,27
41320,Charlie,Daniels,Daniels,28
54469,Adam,Smith,Adam Smith,29
149484,Tyrone,Mings,Mings,30
126184,Nathan,Aké,Aké,31
222434,Jack,Simpson,Simpson,32
48615,Harry,Arter,Arter,33
20037,Marc,Pugh,Pugh,34
15237,Andrew,Surman,Surman,35
56872,Junior,Stanislas,Stanislas,36
40387,Dan,Gosling,Gosling,37
103912,Jordon,Ibe,Ibe,38
155408,Lewis,Cook,Lewis Cook,39
90105,Ryan,Fraser,Fraser,40
122342,Emerson,Hyndman,Hyndman,41
111317,David,Brooks,Brooks,42
75115,Callum,Wilson,Wilson,43
178304,Lys,Mousset,Mousset,44
78007,Joshua,King,King,45
7958,Jermain,Defoe,Defoe,46
131897,Mathew,Ryan,Ryan,47
83299,Lewis,Dunk,Dunk,48
61933,Shane,Duffy,Duffy,49
11352,Bruno,Saltor Grau,Bruno,50
42748,Gaëtan,Bong,Bong,51
43808,Markus,Suttner,Suttner,52
74375,Ezequiel,Schelotto,Schelotto,53
52484,Leon,Balogun,Balogun,54
83543,Anthony,Knockaert,Knockaert,55
40845,Dale,Stephens,Stephens,56
38490,Beram,Kayal,Kayal,57
109345,Solomon,March,March,58
60307,Pascal,Groß,Groß,59
66242,Davy,Pröpper,Pröpper,60
167473,José Heriberto,Izquierdo Mena,Izquierdo,61
20529,Glenn,Murray,Murray,62
38499,Tomer,Hemed,Hemed,63
28462,Sam,Baldock,Baldock,64
106757,Jürgen,Locadia,Locadia,65
93284,Florin,Andone,Andone,66
21205,Tom,Heaton,Heaton,67
98747,Nick,Pope,Pope,68
68983,Matthew,Lowton,Lowton,69
51927,Ben,Mee,Mee,70
40616,Stephen,Ward,Ward,71
17761,James,Tarkowski,Tarkowski,72
41674,Kevin,Long,Long,73
103914,Charlie,Taylor,Taylor,74
17997,Phil,Bardsley,Bardsley,75
60586,Johann Berg,Gudmundsson,Gudmundsson,76
39847,Steven,Defour,Defour,77
83314,Jeff,Hendrick,Hendrick,78
90517,Robbie,Brady,Brady,79
60551,Ashley,Westwood,Westwood,80
12813,Jonathan,Walters,Walters,81
40145,Jack,Cork,Cork,82
17349,Aaron,Lennon,Lennon,83
40399,Sam,Vokes,Vokes,84
44699,Ashley,Barnes,Barnes,85
92383,Nahki,Wells,Wells,86
60689,Chris,Wood,Wood,87
88734,Neil,Etheridge,Etheridge,88
45220,Alex,Smithies,Smithies,89
49982,Sean,Morrison,Morrison,90
19523,Sol,Bamba,Bamba,91
49382,Bruno,Ecuele Manga,Ecuele Manga,92
27698,Matthew,Connolly,Connolly,93
56981,Joe,Bennett,Bennett,94
38716,Lee,Peltier,Peltier,95
73459,Ashley Darel Jazz,Richards,Jazz Richards,96
14927,Greg,Halford,Halford,97
104073,Joe,Ralls,Ralls,98
49806,David Junior,Hoilett,Hoilett,99
76360,Nathaniel,Mendez-Laing,Mendez-Laing,100
122797,Callum,Paterson,Paterson,101
49845,Aron,Gunnarsson,Gunnarsson,102
40451,Anthony,Pilkington,Pilkington,103
54527,Loïc,Damour,Damour,104
75826,Danny,Ward,Ward,105
114245,Josh,Murphy,Murphy,106
82078,Kenneth,Zohore,Zohore,107
114054,Omar,Bogle,Bogle,108
45196,Gary,Madine,Madine,109
96994,Bobby,Reid,Reid,110
60772,Thibaut,Courtois,Courtois,111
20310,Willy,Caballero,Caballero,112
41328,César,Azpilicueta,Azpilicueta,113
19419,Gary,Cahill,Cahill,114
82263,Marcos,Alonso,Alonso,115
41270,David,Luiz Moreira Marinho,David Luiz,116
49013,Victor,Moses,Moses,117
102380,Antonio,Rüdiger,Rüdiger,118
135363,Andreas,Christensen,Christensen,119
105700,Davide,Zappacosta,Zappacosta,120
109533,Emerson,Palmieri dos Santos,Emerson,121
42786,Eden,Hazard,Hazard,122
17878,Cesc,Fàbregas,Fàbregas,123
47431,Willian,Borges Da Silva,Willian,124
49579,Pedro,Rodríguez Ledesma,Pedro,125
116594,N'Golo,Kanté,Kanté,126
88894,Ross,Barkley,Barkley,127
61603,Daniel,Drinkwater,Drinkwater,128
169102,Tiemoué,Bakayoko,Bakayoko,129
199598,Ethan,Ampadu,Ampadu,130
209046,Callum,Hudson-Odoi,Hudson-Odoi,131
126187,Ruben,Loftus-Cheek,Loftus-Cheek,132
44346,Olivier,Giroud,Giroud,133
88482,Álvaro,Morata,Morata,134
20066,Wayne,Hennessey,Hennessey,135
11554,Julian,Speroni,Speroni,136
40836,Vicente,Guaita,Guaita,137
49413,James,Tomkins,Tomkins,138
19188,Scott,Dann,Dann,139
58786,Martin,Kelly,Kelly,140
86417,Jeffrey,Schlupp,Schlupp,141
74230,Patrick,van Aanholt,van Aanholt,142
40784,Mamadou,Sakho,Sakho,143
173954,Jairo,Riedewald,Riedewald,144
214590,Aaron,Wan-Bissaka,Wan-Bissaka,145
19197,Jason,Puncheon,Puncheon,146
50471,James,McArthur,McArthur,147
44343,Bakary,Sako,Sako,148
60252,Andros,Townsend,Townsend,149
66975,Luka,Milivojevic,Milivojevic,150
82403,Wilfried,Zaha,Zaha,151
54861,Christian,Benteke,Benteke,152
143877,Alexander,Sørloth,Sørloth,153
111234,Jordan,Pickford,Pickford,154
10318,Maarten,Stekelenburg,Stekelenburg,155
12745,Leighton,Baines,Baines,156
59949,Seamus,Coleman,Coleman,157
7645,Phil,Jagielka,Jagielka,158
19159,Ashley,Williams,Williams,159
194164,Mason,Holgate,Holgate,160
153673,Jonjoe,Kenny,Kenny,161
106611,Michael,Keane,Keane,162
56192,Cuco,Martina,Martina,163
20467,Theo,Walcott,Walcott,164
55452,Yannick,Bolasie,Bolasie,165
50472,James,McCarthy,McCarthy,166
42774,Morgan,Schneiderlin,Schneiderlin,167
80801,Idrissa,Gueye,Gueye,168
173807,Tom,Davies,Davies,169
219352,Ademola,Lookman,Lookman,170
109065,Davy,Klaassen,Klaassen,171
55422,Gylfi,Sigurdsson,Sigurdsson,172
180151,Nikola,Vlasic,Vlasic,173
195855,Beni,Baningime,Baningime,174
177815,Dominic,Calvert-Lewin,Calvert-Lewin,175
113688,Oumar,Niasse,Niasse,176
66838,Cenk,Tosun,Tosun,177
122074,Marcus,Bettinelli,Bettinelli,178
50093,David,Button,Button,179
82514,Tim,Ream,Ream,180
72681,Denis,Odoi,Odoi,181
76357,Tom,Cairney,Cairney,182
55038,Kevin,McDonald,McDonald,183
184349,Ryan,Sessegnon,Sessegnon,184
61916,Stefan,Johansen,Johansen,185
54421,Floyd,Ayité,Ayité,186
92259,Neeskens,Kebano,Kebano,187
58476,Rui Pedro,da Rocha Fonte,Fonte,188
197030,Aboubakar,Kamara,Kamara,189
38038,Ben,Hamer,Hamer,190
57513,Jonas,Lössl,Lössl,191
85368,Christopher,Schindler,Schindler,192
54284,Chris,Löwe,Löwe,193
104545,Tommy,Smith,Smith,194
48760,Mathias,Jorgensen,Zanka,195
79733,Scott,Malone,Malone,196
172246,Florent,Hadergjonaj,Hadergjonaj,197
109434,Terence,Kongolo,Kongolo,198
74471,Aaron,Mooy,Mooy,199
51344,Rajiv,van La Parra,van La Parra,200
79619,Jonathan,Hogg,Hogg,201
168991,Philip,Billing,Billing,202
86176,Tom,Ince,Ince,203
80755,Danny,Williams,Williams,204
246878,Abdelhamid,Sabiri,Sabiri,205
106450,Alex,Pritchard,Pritchard,206
205102,Ramadan,Sobhi,Sobhi,207
204380,Juninho,Bacuna,Bacuna,208
84112,Collin,Quaner,Quaner,209
147303,Laurent,Depoitre,Depoitre,210
169141,Steve,Mounie,Mounie,211
87428,Elias,Kachunga,Kachunga,212
17745,Kasper,Schmeichel,Schmeichel,213
11974,Eldin,Jakupovic,Jakupovic,214
15033,Wes,Morgan,Morgan,215
37402,Christian,Fuchs,Fuchs,216
40725,Danny,Simpson,Simpson,217
41321,Yohan,Benalouane,Benalouane,218
172850,Benjamin,Chilwell,Chilwell,219
95658,Harry,Maguire,Maguire,220
111931,Ricardo Domingos,Barbosa Pereira,Pereira,221
37642,Jonny,Evans,Evans,222
103025,Riyad,Mahrez,Mahrez,223
51938,Marc,Albrighton,Albrighton,224
172632,Demarai,Gray,Gray,225
155569,Daniel,Amartey,Amartey,226
203341,Wilfred,Ndidi,Ndidi,227
54513,Vicente,Iborra,Iborra,228
61604,Matty,James,James,229
197469,Hamza,Choudhury,Choudhury,230
46483,Adrien Sebastian,Perruchet Silva,Silva,231
210207,Fousseni,Diabaté,Diabaté,232
172780,James,Maddison,Maddison,233
101668,Jamie,Vardy,Vardy,234
78412,Shinji,Okazaki,Okazaki,235
173515,Kelechi,Iheanacho,Iheanacho,236
66797,Simon,Mignolet,Mignolet,237
104542,Loris,Karius,Karius,238
38454,Dejan,Lovren,Lovren,239
100059,Alberto,Moreno,Moreno,240
57328,Nathaniel,Clyne,Clyne,241
171287,Joseph,Gomez,Gomez,242
60914,Joel,Matip,Matip,243
33871,Ragnar,Klavan,Klavan,244
169187,Trent,Alexander-Arnold,Alexander-Arnold,245
97032,Virgil,van Dijk,van Dijk,246
122798,Andrew,Robertson,Robertson,247
81880,Alex,Oxlade-Chamberlain,Chamberlain,248
56979,Jordan,Henderson,Henderson,249
39155,Adam,Lallana,Lallana,250
110979,Sadio,Mané,Mané,251
41733,Georginio,Wijnaldum,Wijnaldum,252
118748,Mohamed,Salah,Salah,253
15157,James,Milner,Milner,254
116643,Fabio Henrique,Tavares,Fabinho,255
175592,Naby,Keita,Keita,256
92217,Roberto,Firmino,Firmino,257
84939,Danny,Ings,Ings,258
154566,Dominic,Solanke,Solanke,259
121160,Ederson,Santana de Moraes,Ederson,260
33148,Claudio,Bravo,Bravo,261
97299,John,Stones,Stones,262
17476,Vincent,Kompany,Kompany,263
57410,Nicolás,Otamendi,Otamendi,264
58621,Kyle,Walker,Walker,265
100180,Danilo Luiz,da Silva,Danilo,266
102826,Benjamin,Mendy,Mendy,267
146941,Aymeric,Laporte,Laporte,268
41823,Fabian,Delph,Delph,269
103955,Raheem,Sterling,Sterling,270
20664,David,Silva,David Silva,271
27789,Fernando,Luiz Rosa,Fernandinho,272
61366,Kevin,De Bruyne,De Bruyne,273
59859,Ilkay,Gündogan,Gündogan,274
182156,Leroy,Sané,Sané,275
165809,Bernardo Mota,Veiga de Carvalho e Silva,Bernardo Silva,276
209244,Phil,Foden,Foden,277
216183,Brahim,Diaz,Diaz,278
206325,Oleksandr,Zinchenko,Zinchenko,279
37572,Sergio,Agüero,Agüero,280
205651,Gabriel Fernando,de Jesus,Jesus,281
51940,David,de Gea,de Gea,282
42899,Sergio,Romero,Romero,283
55909,Chris,Smalling,Smalling,284
76359,Phil,Jones,Jones,285
106760,Luke,Shaw,Shaw,286
58893,Marcos,Rojo,Rojo,287
20695,Antonio,Valencia,Valencia,288
40002,Matteo,Darmian,Darmian,289
58877,Daley,Blind,Blind,290
197365,Eric,Bailly,Bailly,291
184667,Victor,Lindelöf,Lindelöf,292
18892,Ashley,Young,Young,293
216051,José Diogo,Dalot Teixeira,Dalot,294
37265,Alexis,Sánchez,Sánchez,295
62398,Nemanja,Matic,Matic,296
43670,Juan,Mata,Mata,297
41184,Marouane,Fellaini,Fellaini,298
59846,Ander,Herrera,Herrera,299
109322,Jesse,Lingard,Lingard,300
148225,Anthony,Martial,Martial,301
74208,Paul,Pogba,Pogba,302
195851,Scott,McTominay,McTominay,303
101582,Frederico,Rodrigues de Paula Santos,Fred,304
176297,Marcus,Rashford,Rashford,305
66749,Romelu,Lukaku,Lukaku,306
19838,Robert,Elliot,Elliot,307
59735,Karl,Darlow,Darlow,308
67089,Martin,Dubravka,Dubravka,309
151119,DeAndre,Yedlin,Yedlin,310
58845,Ciaran,Clark,Clark,311
101148,Jamaal,Lascelles,Lascelles,312
106618,Paul,Dummett,Dummett,313
77359,Florian,Lejeune,Lejeune,314
109528,Javier,Manquillo,Manquillo,315
149736,Chancel,Mbemba,Mbemba,316
56983,Matt,Ritchie,Ritchie,317
50232,Jonjo,Shelvey,Shelvey,318
28147,Mohamed,Diamé,Diamé,319
104953,Christian,Atsu,Atsu,320
114243,Jacob,Murphy,Murphy,321
195384,Mikel,Merino,Merino,322
153127,Isaac,Hayden,Hayden,323
76542,Sung-yueng,Ki,Ki Sung-yueng,324
104547,Dwight,Gayle,Gayle,325
168580,Ayoze,Pérez,Pérez,326
61316,Jose Luis,Mato Sanmartín,Joselu,327
58376,Alex,McCarthy,McCarthy,328
40383,Fraser,Forster,Forster,329
40146,Ryan,Bertrand,Bertrand,330
80447,Maya,Yoshida,Yoshida,331
58822,Cédric,Soares,Cédric,332
88900,Jack,Stephens,Stephens,333
153373,Sam,McQueen,McQueen,334
171771,Jan,Bednarek,Bednarek,335
167075,Wesley,Hoedt,Hoedt,336
17339,Steven,Davis,Davis,337
101178,James,Ward-Prowse,Ward-Prowse,338
78056,Oriol,Romeu Vidal,Oriol Romeu,339
132015,Pierre-Emile,Højbjerg,Højbjerg,340
128198,Sofiane,Boufal,Boufal,341
153379,Joshua,Sims,Sims,342
83283,Nathan,Redmond,Redmond,343
151086,Mario,Lemina,Lemina,344
91047,Stuart,Armstrong,Armstrong,345
96787,Mohamed,Elyounoussi,Elyounoussi,346
20452,Shane,Long,Long,347
78356,Charlie,Austin,Austin,348
61548,Manolo,Gabbiadini,Gabbiadini,349
98914,Guido,Carrillo,Carrillo,350
37915,Hugo,Lloris,Lloris,351
39215,Michel,Vorm,Vorm,352
55605,Toby,Alderweireld,Alderweireld,353
38290,Danny,Rose,Rose,354
39194,Jan,Vertonghen,Vertonghen,355
115556,Ben,Davies,Davies,356
77794,Kieran,Trippier,Trippier,357
158534,Kyle,Walker-Peters,Walker-Peters,358
173904,Davinson,Sánchez,Sánchez,359
80226,Serge,Aurier,Aurier,360
93264,Eric,Dier,Dier,361
39104,Mousa,Dembélé,Dembélé,362
62974,Erik,Lamela,Lamela,363
80607,Christian,Eriksen,Eriksen,364
108823,Bamidele,Alli,Alli,365
54756,Victor,Wanyama,Wanyama,366
85971,Heung-Min,Son,Son,367
157668,Harry,Winks,Winks,368
45268,Moussa,Sissoko,Sissoko,369
95715,Lucas,Rodrigues Moura da Silva,Lucas Moura,370
19760,Fernando,Llorente,Llorente,371
78830,Harry,Kane,Kane,372
18656,Heurelho,Gomes,Gomes,373
206882,Pontus,Dahlberg,Dahlberg,374
37742,Younes,Kaboul,Kaboul,375
41338,Craig,Cathcart,Cathcart,376
41945,Sebastian,Prödl,Prödl,377
40868,José,Holebas,Holebas,378
52153,Miguel,Britos,Britos,379
85624,Christian,Kabasele,Kabasele,380
52940,Daryl,Janmaat,Janmaat,381
20145,Adrian,Mariappa,Mariappa,382
54484,Francisco,Femenía Far,Kiko Femenía,383
66247,Marvin,Zeegelaar,Zeegelaar,384
220166,Marc,Navarro,Navarro,385
155651,Adam,Masina,Masina,386
89085,Nathaniel,Chalobah,Chalobah,387
43250,Tom,Cleverley,Cleverley,388
38439,Etienne,Capoue,Capoue,389
121599,Abdoulaye,Doucouré,Doucouré,390
61566,Roberto,Pereyra,Pereyra,391
108413,Will,Hughes,Hughes,392
212319,Richarlison,de Andrade,Richarlison,393
94924,Gerard,Deulofeu,Deulofeu,394
73426,Andre,Gray,Gray,395
41725,Troy,Deeney,Deeney,396
20046,Stefano,Okaka,Okaka,397
133801,Jerome,Sinclair,Sinclair,398
60706,Adrián,San Miguel del Castillo,Adrián,399
37096,Lukasz,Fabianski,Fabianski,400
48717,Winston,Reid,Reid,401
55459,Aaron,Cresswell,Cresswell,402
40669,Angelo,Ogbonna,Ogbonna,403
113564,Sam,Byram,Byram,404
20658,Pablo,Zabaleta,Zabaleta,405
204480,Declan,Rice,Rice,406
173792,Reece,Oxford,Oxford,407
81012,Ryan,Fredericks,Fredericks,408
219924,Issa,Diop,Diop,409
105717,Arthur,Masuaku,Masuaku,410
18073,Mark,Noble,Noble,411
55037,Cheikhou,Kouyaté,Kouyaté,412
59779,Pedro,Obiang,Obiang,413
86934,Manuel,Lanzini,Lanzini,414
57531,Michail,Antonio,Antonio,415
163526,Edimilson,Fernandes,Fernandes,416
41464,Marko,Arnautovic,Arnautovic,417
40142,Andy,Carroll,Carroll,418
43020,Javier,Hernández Balcázar,Chicharito,419
167522,Jordan,Hugill,Hugill,420
19236,John,Ruddy,Ruddy,421
168399,Will,Norris,Norris,422
90585,Willy,Boly,Boly,423
57913,Barry,Douglas,Douglas,424
87835,Matt,Doherty,Doherty,425
107613,Romain,Saïss,Saïss,426
41727,Ryan,Bennett,Bennett,427
77610,Danny,Batth,Batth,428
67184,Roderick Jefferson,Gonçalves Miranda,Miranda,429
94147,Conor,Coady,Coady,430
216054,Rúben Gonçalo,Silva Nascimento Vinagre,Vinagre,431
194634,Diogo,Jota,Jota,432
171317,Rúben Diogo,da Silva Neves,Neves,433
166324,Ivan,Cavaleiro,Cavaleiro,434
165808,Hélder,Costa,Costa,435
198847,Bright,Enobakhare,Enobakhare,436
102057,Raúl,Jiménez,Jiménez,437
141569,Bonatini Lohner Maia,Bonatini,Bonatini,438
49262,Jason,Steele,Steele,439
209362,Bernardo,Fernandes da Silva Junior,Bernardo,440
55494,Joel,Ward,Ward,441
185478,Jaroslaw,Jach,Jach,442
79228,Pape,Souaré,Souaré,443
59125,Connor,Wickham,Wickham,444
9089,Ben,Foster,Foster,445
157775,Ken,Sema,Sema,446
54102,Jack,Wilshere,Wilshere,447
222531,Morgan,Gibbs-White,Gibbs-White,448
219929,Rafa,Mir,Mir,449
198849,Lucas,Torreira,Torreira,450
242166,Matteo,Guendouzi,Guendouzi,451
107265,Angus,Gunn,Gunn,452
56377,Andriy,Yarmolenko,Yarmolenko,453
38533,Rui Pedro,dos Santos Patrício,Patrício,454
61739,Maxime,Le Marchand,Le Marchand,455
170271,Jean Michael,Seri,Seri,456
95463,Danny,Ward,Ward,457
167767,Robert Kenedy,Nunes do Nascimento,Kenedy,458
85955,Jorge Luiz,Frello Filho,Jorginho,459
87107,Cyrus,Christie,Christie,460
118884,Erik,Durm,Durm,461
68312,Xherdan,Shaqiri,Shaqiri,462
93100,Jannik,Vestergaard,Vestergaard,463
166640,Fabián,Balbuena,Balbuena,464
101537,Felipe Anderson,Pereira Gomes,Felipe Anderson,465
227127,Yves,Bissouma,Bissouma,466
80792,Greg,Cunninghamm,Cunningham,467
116535,Alisson,Ramses Becker,Alisson,468
26901,Kevin,Mirallas,Mirallas,469
108438,Sandro,Ramírez,Sandro,470
233497,Adama,Diakhaby,Diakhaby,471
40755,Daniel,Sturridge,Sturridge,472
171129,Diego,Rico,Rico,473
40559,Fabricio,Agosto Ramírez,Fabri,474
19624,João Filipe Iria,Santos Moutinho,Moutinho,475
165210,Alireza,Jahanbakhsh,Jahanbakhsh,476
138009,Sullay,Kaikai,Kaikai,477
66842,André,Schürrle,Schürrle,478
169359,Matt,Targett,Targett,479
128389,Aleksandar,Mitrovic,Mitrovic,480
156689,Andreas,Pereira,Pereira,481
119471,Fabian,Schär,Schär,482
114128,Jonathan,Castro Otto,Jonny,483
101188,Lucas,Digne,Digne,484
39725,Anders,Lindegaard,Lindegaard,485
141020,Max,Meyer,Meyer,486
149266,Alfie,Mawson,Mawson,487
196118,Yoshinori,Muto,Muto,488
18987,Robert,Snodgrass,Snodgrass,489
15749,Joe,Hart,Hart,490
83312,Ben,Gibson,Gibson,491
115858,Rachid,Ghezzal,Ghezzal,492
57134,Salomón,Rondón,Rondón,493
152551,Jefferson,Lerma,Lerma,494
81183,Matej,Vydra,Vydra,495
173879,Tammy,Abraham,Abraham,496
168566,Georges-Kévin,Nkoudou,Nkoudou,497
109745,Kepa,Arrizabalaga,Kepa,498
91651,Mateo,Kovacic,Kovacic,499
159533,Adama,Traoré,Traoré,500
213405,Filip,Benkovic,Benkovic,501
155851,Lucas,Pérez,Lucas,502
86153,Martín,Montoya,Montoya,503
175946,Víctor,Camarasa,Camarasa,504
80146,Jordan,Ayew,Ayew,505
164511,Yerry,Mina,Mina,506
100649,Bernard,Anício Caldeira Duarte,Bernard,507
120250,André Filipe,Tavares Gomes,André Gomes,508
94248,Sergio,Rico,Rico,509
101105,Joe,Bryan,Bryan,510
201084,Timothy,Fosu-Mensah,Fosu-Mensah,511
203325,André-Frank,Zambo Anguissa,Zambo Anguissa,512
108093,Luciano,Vietto,Vietto,513
204454,Isaac,Mbenza,Mbenza,514
218031,Çaglar,Söyüncü,Söyüncü,515
57145,Federico,Fernández,Fernández,516
216058,Domingos,Quina,Quina,517
42824,Carlos,Sánchez,Carlos Sánchez,518
151589,Leander,Dendoncker,Dendoncker,519
6744,Lee,Grant,Grant,520
109999,Ibrahima,Cissé,Cissé,521
192301,Jon Gorenc,Stankovic,Stankovic,522
168764,Luke,Amos,Amos,523
173514,Isaac,Success Ajayi,Success,524
123354,Kortney,Hause,Hause,525
103192,Kurt,Zouma,Zouma,526
86881,Nampalys,Mendy,Mendy,527
171270,Kieran,Dowell,Dowell,528
232917,Arijanet,Muric,Muric,529
181397,Jamie,Sterry,Sterry,530
180135,Sean,Longstaff,Longstaff,531
149468,Tyias,Browning,Browning,532
241791,Ryan,Schofield,Schofield,533
433154,Dwight,McNeil,McNeil,534
78911,Kadeem,Harris,Harris,535
102884,Paulo,Gazzaniga,Gazzaniga,536
10589,Brian,Murphy,Brian Murphy,537
175941,Alfie,Whiteman,Whiteman,538
179830,Grady,Diangana,Diangana,539
209042,Oliver,Skipp,Skipp,540
208998,Zeze Steven,Sessegnon,Steven Sessegnon,541
98980,Emiliano,Martínez,Martínez,542
152760,Divock,Origi,Origi,543
241289,Ben,Wilmot,Wilmot,544
209289,Emile,Smith-Rowe,Smith-Rowe,545
209037,Zech,Medley,Medley,546
195860,Joe,Powell,Powell,547
222017,Conor,Coventry,Coventry,548
234908,Juan,Foyth,Foyth,549
220598,Michael,Obafemi,Obafemi,550
224117,Viktor,Gyokeres,Gyokeres,551
205533,Edward,Nketiah,Nketiah,552
155503,Frederick,Woodman,Woodman,553
194401,Adalberto,Peñaranda,Peñaranda,554
232351,Ryan John,Giles,Giles,555
213482,Yan,Valery,Valery,556
217989,Rafael,Camacho,Camacho,557
201667,Josh,Knight,Knight,558
198869,Ben,White,White,559
209925,Alexandre Nascimento,Costa Silva,Xande Silva,560
209040,Timothy,Eyoma,Eyoma,561
204481,Tyreke,Johnson,Johnson,562
223340,Bukayo,Saka,Saka,563
432793,Abd-Al-Ali Morakinyo Olaposi,Koiki,Koiki,564
232797,Kayne,Ramsay,Ramsay,565
200089,Joseph,Willock,Willock,566
214048,Max,Kilman,Kilman,567
209041,Angel,Gomes,Gomes,568
28554,Samir,Nasri,Nasri,569
193109,Callum,Slattery,Slattery,570
201666,Harvey,Barnes,Barnes,571
215062,Max,Sanders,Sanders,572
131403,Rhys,Healey,Healey,573
153371,Sam,Gallagher,Gallagher,574
19520,Ryan,Babel,Babel,575
209411,Joe,Tupper,Tupper,576
172551,Callum,Roberts,Roberts,577
198504,Kazaiah,Sterling,Sterling,578
40232,Gonzalo,Higuaín,Higuaín,579
223911,Chris,Mepham,Mepham,580
80254,Carl,Jenkinson,Jenkinson,581
78916,Dan,Burn,Burn,582
217401,Josh,Benson,Benson,583
201595,Lucas,Perri,Perri,584
180294,Karlan,Grant,Grant,585
89572,Denis,Suárez,Suárez,586
179018,Miguel,Almirón,Almirón,587
159039,Antonio,Barreca,Barreca,588
74297,Leandro,Bacuna,Bacuna,589
3773,Peter,Crouch,Crouch,590
166989,Youri,Tielemans,Tielemans,591
94245,Michy,Batshuayi,Batshuayi,592
43626,Håvard,Nordtveit,Nordtveit,593
99323,Lazar,Markovic,Markovic,594
176706,Alfie,Jones,Jones,595
215409,Cameron,John,John,596
206915,Curtis,Jones,Jones,597
168977,Joel,Coleman,Coleman,598
217331,Sam,Surridge,Surridge,599
431774,Kyle,Taylor,Taylor,600
175351,Demeaco,Duhaney,Duhaney,601
232928,James,Garner,Garner,602
222677,Tahith,Chong,Chong,603
230428,Philippe,Sandler,Sandler,604
222018,Ben,Johnson,Johnson,605
450314,Matthew,Daly,Daly,606
440113,Aaron,Rowe,Rowe,607
220688,Mason,Greenwood,Greenwood,608
221272,Sam,Woods,Woods,609
444884,Harvey,Elliott,Elliott,610
183487,Nathan,Holland,Holland,611
204820,George,Marsh,Marsh,612
444181,Nnamdi,Ofoborh,Ofoborh,613
165990,Vincent,Janssen,Janssen,614
195471,Anthony,Driscoll-Glennon,Driscoll-Glennon,615
229600,Mark,Travers,Travers,616
220738,Jayson,Molumby,Molumby,617
221275,Luke,Dreher,Dreher,618
235599,Nikola,Tavares,Tavares,619
200370,Matt,Butcher,Butcher,620
176414,Luca,De La Torre,De La Torre,621
232977,Kelland,Watts,Watts,622
232960,Lewis,Cass,Cass,623
209036,Addji Keaninkin Marc-Israel,Guehi,Guehi,624
