code,first_name,second_name,web_name,23-24
232223,Folarin,Balogun,Balogun,1
58822,Cédric,Alves Soares,Cédric,2
153256,Mohamed,Elneny,M.Elneny,3
438098,Fábio,Ferreira Vieira,Fábio Vieira,4
226597,Gabriel,dos Santos Magalhães,Gabriel,5
219847,Kai,Havertz,Havertz,6
156074,Rob,Holding,Holding,7
205651,Gabriel,Fernando de Jesus,G.Jesus,8
85955,Jorge Luiz,Frello Filho,Jorginho,9
440854,Jakub,Kiwior,Kiwior,10
479683,Marcus,Oliveira Alencar,Marquinhos,11
444145,Gabriel,Martinelli Silva,Martinelli,12
205533,Eddie,Nketiah,Nketiah,13
184029,Martin,Ødegaard,Ødegaard,14
167199,Thomas,Partey,Thomas,15
195735,Nicolas,Pépé,Pepe,16
225321,Aaron,Ramsdale,Ramsdale,17
115918,Rúnar Alex,Rúnarsson,Rúnarsson,18
223340,Bukayo,Saka,Saka,19
462424,William,Saliba,Saliba,20
437742,Albert,Sambi Lokonga,Sambi,21
209289,Emile,Smith Rowe,Smith Rowe,22
437626,Nuno,Varela Tavares,Tavares,23
192895,Kieran,Tierney,Tierney,24
223723,Takehiro,Tomiyasu,Tomiyasu,25
116216,Leandro,Trossard,Trossard,26
201410,Auston,Trusty,Trusty,27
224068,Matt,Turner,Turner,28
198869,Benjamin,White,White,29
84450,Granit,Xhaka,Xhaka,30
206325,Oleksandr,Zinchenko,Zinchenko,31
106468,Alexandre,Moreno Lopera,Alex Moreno,32
433979,Cameron,Archer,Archer,33
215711,Leon,Bailey,Bailey,34
195546,Emiliano,Buendía Stati,Buendia,35
199796,Matty,Cash,Cash,36
101184,Calum,Chambers,Chambers,37
84583,Philippe,Coutinho Correia,Coutinho,38
221239,Keinan,Davis,Davis,39
151589,Leander,Dendoncker,Dendoncker,40
165659,Diego Carlos,Santos Silva,Diego Carlos,41
101188,Lucas,Digne,Digne,42
230046,Douglas Luiz,Soares de Paulo,Douglas Luiz,43
476344,Jhon,Durán,Duran,44
123354,Kortney,Hause,Hause,45
490094,Tim,Iroegbunam,Iroegbunam,46
226944,Boubacar,Kamara,Kamara,47
199798,Ezri,Konsa Ngoyo,Konsa,48
98980,Emiliano,Martínez Romero,Martinez,49
122806,John,McGinn,McGinn,50
149484,Tyrone,Mings,Mings,51
184704,Marvelous,Nakamba,Nakamba,52
111782,Robin,Olsen,Olsen,53
481624,Jaden,Philogene-Bidace,Philogene,54
232653,Jacob,Ramsey,J.Ramsey,55
122775,Morgan,Sanson,Sanson,56
248164,Viljami,Sinisalo,Sinisalo,57
166989,Youri,Tielemans,Tielemans,58
110504,Bertrand,Traoré,Bertrand Traoré,59
178301,Ollie,Watkins,Watkins,60
213345,Wesley,Moraes Ferreira da Silva,Wesley,61
444180,Jaidon,Anthony,Anthony,62
168991,Philip,Billing,Billing,63
111317,David,Brooks,Brooks,64
158499,Ryan,Christie,Christie,65
155408,Lewis,Cook,L.Cook,66
244085,Siriki,Dembélé,Siriki,67
81012,Ryan,Fredericks,Fredericks,68
463981,James,Hill,Hill,69
235530,Lloyd,Kelly,Kelly,70
444183,Gavin,Kilkenny,Kilkenny,71
222683,Justin,Kluivert,Kluivert,72
128309,Jamal,Lowe,Lowe,73
133845,Emiliano,Marcondes,Marcondes,74
223911,Chris,Mepham,Mepham,75
128340,Kieffer,Moore,Moore,76
69752,Norberto,Murara Neto,Neto,77
533463,Dango,Ouattara,O.Dango,78
156687,Ben,Pearson,Pearson,79
32259,Darren,Randolph,Randolph,80
156685,Joe,Rothwell,Rothwell,81
437730,Antoine,Semenyo,Semenyo,82
221466,Marcos,Senesi,Senesi,83
54469,Adam,Smith,Smith,84
154566,Dominic,Solanke,Solanke,85
201658,Marcus,Tavernier,Tavernier,86
424044,Hamed,Traorè,Hamed Traorè,87
229600,Mark,Travers,Travers,88
477580,Illia,Zabarnyi,Zabarnyi,89
191866,Kristoffer,Ajer,Ajer,90
235448,Ellery,Balcombe,Balcombe,91
432160,Shandon,Baptiste,Baptiste,92
228044,Mads,Bech Sørensen,Bech,93
481405,Mads,Bidstrup,Bidstrup,94
174932,Sergi,Canós Tenés,Canós,95
432830,Nathan,Collins,Collins,96
503300,Matthew,Cox,Cox,97
440089,Mikkel,Damsgaard,Damsgaard,98
183656,Josh,Dasilva,Dasilva,99
434662,Halil,Dervişoğlu,Dervişoğlu,100
118342,Mark,Flekken,Flekken,101
213687,Charlie,Goode,Goode,102
194010,Rico,Henry,Henry,103
472713,Aaron,Hickey,Hickey,104
204580,Vitaly,Janelt,Janelt,105
207283,Mathias,Jensen,Jensen,106
249231,Keane,Lewis-Potter,Lewis-Potter,107
446008,Bryan,Mbeumo,Mbeumo,108
51927,Ben,Mee,Mee,109
128295,Christian,Nørgaard,Nørgaard,110
428580,Frank,Onyeka,Onyeka,111
231065,Ethan,Pinnock,Pinnock,112
154561,David,Raya Martin,Raya,113
226956,Mads,Roerslev Rasmussen,Roerslev,114
513418,Kevin,Schade,Schade,115
140200,Thomas,Strakosha,Strakosha,116
144485,Ivan,Toney,Toney,117
591357,Ryan,Trevitt,Trevitt,118
216646,Yoane,Wissa,Wissa,119
508395,Yegor,Yarmoliuk,Yarmoliuk,120
48760,Mathias,Jorgensen,Zanka,121
535818,Simon,Adingra,Adingra,122
235382,Steven,Alzate,Alzate,123
509416,Yasin,Ayari,Ayari,124
536916,Facundo,Buonanotte,Buonanotte,125
486672,Moisés,Caicedo Corozo,Caicedo,126
233425,Aaron,Connolly,Connolly,127
168090,Mahmoud,Dahoud,Dahoud,128
83299,Lewis,Dunk,Dunk,129
474120,Julio,Enciso,Enciso,130
204214,Pervis,Estupiñán,Estupiñan,131
487117,Evan,Ferguson,Ferguson,132
243568,Billy,Gilmour,Gilmour,133
60307,Pascal,Groß,Gross,134
475168,João Pedro,Junqueira de Jesus,João Pedro,135
442229,Michał,Karbownik,Karbownik,136
484658,Kacper,Kozłowski,Kozłowski,137
39155,Adam,Lallana,Lallana,138
232792,Tariq,Lamptey,Lamptey,139
109345,Solly,March,March,140
209288,Tom,McGill,McGill,141
15157,James,Milner,Milner,142
451340,Kaoru,Mitoma,Mitoma,143
243505,Jakub,Moder,Moder,144
215059,Robert,Sánchez,Sanchez,145
441192,Jeremy,Sarmiento Morante,Sarmiento,146
240514,Kjell,Scherpen,Scherpen,147
49262,Jason,Steele,Steele,148
450434,Deniz,Undav,Undav,149
469142,Jan Paul,van Hecke,Van Hecke,150
111478,Joël,Veltman,Veltman,151
489639,Bart,Verbruggen,Verbruggen,152
110735,Adam,Webster,Webster,153
50175,Danny,Welbeck,Welbeck,154
204676,Andi,Zeqiri,Zeqiri,155
578614,Enock,Agyei,Agyei,156
487968,Ameen,Al-Dakhil,Al-Dakhil,157
189776,Samuel,Bastien,Bastien,158
183751,Manuel Benson,Hedilazio,Benson,159
241231,Jordan,Beyer,Beyer,160
172782,Josh,Brownhill,Brownhill,161
250735,Darko,Churlinov,Churlinov,162
40145,Jack,Cork,Cork,163
530873,Dara,Costelloe,Costelloe,164
172567,Josh,Cullen,Cullen,165
432711,CJ,Egan-Riley,Egan-Riley,166
478969,Hjalmar,Ekdal,Ekdal,167
435973,Lyle,Foster,Foster,168
493347,Denis,Franchi,Franchi,169
60586,Jóhann Berg,Gudmundsson,Gudmundsson,170
483391,Luke,McNally,McNally,171
232917,Arijanet,Muric,Muric,172
216616,Dara,O'Shea,O'Shea,173
220598,Michael,Obafemi,Obafemi,174
220037,Bailey,Peacock-Farrell,Peacock-Farrell,175
192290,Connor,Roberts,Roberts,176
44683,Jay,Rodriguez,Rodriguez,177
103914,Charlie,Taylor,Taylor,178
461102,Bobby,Thomas,Thomas,179
226473,Scott,Twine,Twine,180
133085,Lawrence,Vigouroux,Vigouroux,181
441455,Victor,da Silva,Vitinho,182
120202,Wout,Weghorst,Weghorst,183
511783,Anass,Zaroury,Zaroury,184
199598,Ethan,Ampadu,Ampadu,185
532605,Andrey,Nascimento dos Santos,Andrey,186
109745,Kepa,Arrizabalaga,Arrizabalaga,187
54694,Pierre-Emerick,Aubameyang,Aubameyang,188
41328,César,Azpilicueta,Azpilicueta,189
118335,Abdul Rahman,Baba,Baba,190
242880,Benoît,Badiashile,B.Badiashile,191
122074,Marcus,Bettinelli,Bettinelli,192
440323,Armando,Broja,Broja,193
180736,Trevoh,Chalobah,Chalobah,194
172850,Ben,Chilwell,Chilwell,195
478912,Carney,Chukwuemeka,Chukwuemeka,196
460028,Levi,Colwill,Colwill,197
179268,Marc,Cucurella Saseta,Cucurella,198
448047,Enzo,Fernández,Enzo,199
520295,David Datro,Fofana,D.D.Fofana,200
444463,Wesley,Fofana,W.Fofana,201
232787,Conor,Gallagher,Gallagher,202
482609,Malo,Gusto,Gusto,203
487838,Lewis,Hall,Hall,204
209046,Callum,Hudson-Odoi,Hudson-Odoi,205
225796,Reece,James,James,206
66749,Romelu,Lukaku Bolingoli,Lukaku,207
248857,Noni,Madueke,Madueke,208
184341,Mason,Mount,Mount,209
465920,Mykhailo,Mudryk,Mudryk,210
517052,Nicolas,Jackson,N.Jackson,211
213198,Christopher,Nkunku,Nkunku,212
176413,Christian,Pulisic,Pulisic,213
204727,Malang,Sarr,M.Sarr,214
471798,Gabriel,Słonina,Slonina,215
103955,Raheem,Sterling,Sterling,216
51090,Thiago,Emiliano da Silva,T.Silva,217
124183,Hakim,Ziyech,Ziyech,218
466117,Naouirou,Ahamada,Ahamada,219
174874,Joachim,Andersen,Andersen,220
80146,Jordan,Ayew,J.Ayew,221
57328,Nathaniel,Clyne,Clyne,222
438464,Cheick,Doucouré,C.Doucouré,223
450535,Malcolm,Ebiowei,Ebiowei,224
199670,Odsonne,Edouard,Edouard,225
232413,Eberechi,Eze,Eze,226
40836,Vicente,Guaita,Guaita,227
209036,Marc,Guéhi,Guéhi,228
108413,Will,Hughes,Hughes,229
101982,Sam,Johnstone,Johnstone,230
152551,Jefferson,Lerma Solís,Lerma,231
231747,Jean-Philippe,Mateta,Mateta,232
169593,Remi,Matthews,Matthews,233
244723,Tyrick,Mitchell,Mitchell,234
512462,Jake,O'Brien,O'Brien,235
443661,Michael,Olise,Olise,236
450541,Luke,Plange,Plange,237
427623,Chris,Richards,C.Richards,238
173954,Jairo,Riedewald,Riedewald,239
86417,Jeffrey,Schlupp,Schlupp,240
49413,James,Tomkins,Tomkins,241
55494,Joel,Ward,Ward,242
487818,Joe,Whitworth,Whitworth,243
120250,André,Tavares Gomes,André Gomes,244
480455,Jarrad,Branthwaite,Branthwaite,245
177815,Dominic,Calvert-Lewin,Calvert-Lewin,246
59949,Seamus,Coleman,Coleman,247
108823,Dele,Alli,Dele,248
121599,Abdoulaye,Doucouré,A.Doucoure,249
232928,James,Garner,Garner,250
160987,Jean-Philippe,Gbamin,Gbamin,251
198826,Ben,Godfrey,Godfrey,252
172632,Demarai,Gray,Gray,253
80801,Idrissa,Gueye,Gana,254
194164,Mason,Holgate,Holgate,255
153133,Alex,Iwobi,Iwobi,256
106611,Michael,Keane,Keane,257
115382,Neal,Maupay,Maupay,258
433154,Dwight,McNeil,McNeil,259
224967,Vitalii,Mykolenko,Mykolenko,260
449871,Amadou,Onana,Onana,261
243571,Nathan,Patterson,Patterson,262
111234,Jordan,Pickford,Pickford,263
218997,Ellis,Simms,Simms,264
17761,James,Tarkowski,Tarkowski,265
222627,João,Neves Virgínia,J.Virginia,266
156689,Andreas,Hoelgebaum Pereira,Andreas,267
76357,Tom,Cairney,Cairney,268
166324,Ivan,Neves Abreu Cavaleiro,I.Cavaleiro,269
96994,Bobby,De Cordova-Reid,De Cordova-Reid,270
219924,Issa,Diop,Diop,271
432931,Tyrese,Francois,Francois,272
83543,Anthony,Knockaert,Knockaert,273
109434,Terence,Kongolo,Kongolo,274
80201,Bernd,Leno,Leno,275
212314,Saša,Lukić,Lukić,276
120721,Kevin,Mbabu,Mbabu,277
128389,Aleksandar,Mitrović,Mitrović,278
244042,Rodrigo,Muniz Carvalho,Muniz,279
154296,João,Palhinha Gonçalves,J.Palhinha,280
82514,Tim,Ream,Ream,281
153366,Harrison,Reed,Reed,282
169528,Antonee,Robinson,Robinson,283
155529,Marek,Rodák,Rodák,284
167074,Kenny,Tete,Tete,285
109646,Tosin,Adarabioyo,Tosin,286
245824,Carlos Vinícius,Alves Morais,Vinícius,287
153682,Harry,Wilson,Wilson,288
60706,Adrián,San Miguel del Castillo,Adrián,289
169187,Trent,Alexander-Arnold,Alexander-Arnold,290
116535,Alisson,Ramses Becker,A.Becker,291
535928,Stefan,Bajcetic,Bajcetic,292
447203,Darwin,Núñez Ribeiro,Darwin,293
194634,Diogo,Teixeira da Silva,Diogo J.,294
444884,Harvey,Elliott,Elliott,295
116643,Fabio Henrique,Tavares,Fabinho,296
243298,Cody,Gakpo,Gakpo,297
171287,Joe,Gomez,Gomez,298
56979,Jordan,Henderson,Henderson,299
206915,Curtis,Jones,Jones,300
200720,Caoimhin,Kelleher,Kelleher,301
204716,Ibrahima,Konaté,Konaté,302
244731,Luis,Díaz,Luis Díaz,303
243016,Alexis,Mac Allister,Mac Allister,304
60914,Joel,Matip,Matip,305
197464,Nathaniel,Phillips,Phillips,306
122798,Andrew,Robertson,Robertson,307
118748,Mohamed,Salah,Salah,308
424876,Dominik,Szoboszlai,Szoboszlai,309
61558,Thiago,Alcántara do Nascimento,Thiago,310
214285,Konstantinos,Tsimikas,Tsimikas,311
444765,Sepp,van den Berg,Van den Berg,312
97032,Virgil,van Dijk,Virgil,313
174310,Elijah,Adebayo,Adebayo,314
208904,Mads Juel,Andersen,Andersen,315
165183,Amari'i,Bell,Bell,316
82738,Luke,Berry,Berry,317
156658,Reece,Burke,Burke,318
193195,Allan,Campbell,Campbell,319
96784,Jordan,Clark,Clark,320
244262,Alfie,Doughty,Doughty,321
49083,Luke,Freeman,Freeman,322
113534,Matt,Macey,Macey,323
422303,John,McAtee,McAtee,324
453537,Carlos,Mendes Gomes,Mendes,325
156700,Carlton,Morris,Morris,326
174595,Admiral,Muskwe,Muskwe,327
229164,Chiedozie,Ogbene,Ogbene,328
168035,Fred,Onyedinma,Onyedinma,329
199056,Gabriel,Osho,Osho,330
490180,Aribim,Pepple,Pepple,331
243532,Dion,Pereira,Pereira,332
108411,Dan,Potts,Potts,333
165152,Glen,Rea,Rea,334
77818,James,Shea,Shea,335
242500,Joe,Taylor,Taylor,336
232477,Elliot,Thorpe,Thorpe,337
207722,Jack,Walton,Walton,338
223333,Louie,Watson,Watson,339
91046,Cauley,Woodrow,Woodrow,340
211975,Manuel,Akanji,Akanji,341
126184,Nathan,Aké,Aké,342
461358,Julián,Álvarez,J.Alvarez,343
165809,Bernardo,Veiga de Carvalho e Silva,Bernardo,344
477555,Oscar,Bobb,Bobb,345
121145,João,Cancelo,Cancelo,346
17601,Scott,Carson,Carson,347
463210,Shea,Charles,Charles,348
61366,Kevin,De Bruyne,De Bruyne,349
171314,Rúben,Gato Alves Dias,Rúben,350
220394,Tommy,Doyle,Doyle,351
121160,Ederson,Santana de Moraes,Ederson M.,352
209244,Phil,Foden,Foden,353
114283,Jack,Grealish,Grealish,354
223094,Erling,Haaland,Haaland,355
91651,Mateo,Kovačić,Kovačić,356
146941,Aymeric,Laporte,Laporte,357
477064,Rico,Lewis,R.Lewis,358
103025,Riyad,Mahrez,Mahrez,359
432714,James,McAtee,McAtee,360
88248,Stefan,Ortega Moreno,Ortega Moreno,361
244851,Cole,Palmer,Palmer,362
482769,Máximo,Perrone,Perrone,363
155405,Kalvin,Phillips,Phillips,364
220566,Rodrigo,Hernandez,Rodrigo,365
437468,Sergio,Gómez,Sergio Gómez,366
164484,Zack,Steffen,Steffen,367
97299,John,Stones,Stones,368
58621,Kyle,Walker,Walker,369
152590,Alex,Telles,Alex Telles,370
493250,Amad,Diallo,Amad,371
467169,Antony Matheus,dos Santos,Antony,372
141746,Bruno,Borges Fernandes,B.Fernandes,373
232937,Brandon,Williams,B.Williams,374
197365,Eric,Bailly,Bailly,375
61256,Carlos Henrique,Casimiro,Casemiro,376
216051,Diogo,Dalot Teixeira,Dalot,377
449434,Anthony,Elanga,Elanga,378
80607,Christian,Eriksen,Eriksen,379
515501,Álvaro,Fernández Carreras,Fernandez,380
101582,Frederico,Rodrigues de Paula Santos,Fred,381
493105,Alejandro,Garnacho,Garnacho,382
465527,Hannibal,Mejbri,Hannibal,383
21205,Tom,Heaton,Heaton,384
172649,Dean,Henderson,Henderson,385
184667,Victor,Lindelöf,Lindelof,386
95658,Harry,Maguire,Maguire,387
516895,Kobbie,Mainoo,Mainoo,388
222690,Tyrell,Malacia,Malacia,389
148225,Anthony,Martial,Martial,390
221820,Lisandro,Martínez,Martinez,391
195851,Scott,McTominay,McTominay,392
244856,Teden,Mengi,Mengi,393
488404,Facundo,Pellistri Rebollo,Pellistri,394
90152,Raphaël,Varane,R.Varane,395
176297,Marcus,Rashford,Rashford,396
209243,Jadon,Sancho,Sancho,397
106760,Luke,Shaw,Shaw,398
472464,Shola,Shoretire,Shoretire,399
180184,Donny,van de Beek,Van de Beek,400
214590,Aaron,Wan-Bissaka,Wan-Bissaka,401
179018,Miguel,Almirón Rejala,Almirón,402
215379,Elliot,Anderson,Anderson,403
441024,Harrison,Ashby,Ashby,404
220237,Sven,Botman,Botman,405
208706,Bruno,Guimarães Rodriguez Moura,Bruno G.,406
78916,Dan,Burn,Burn,407
59735,Karl,Darlow,Darlow,408
67089,Martin,Dubravka,Dubravka,409
90105,Ryan,Fraser,Fraser,410
81441,Mark,Gillespie,Gillespie,411
232826,Anthony,Gordon,Gordon,412
153127,Isaac,Hayden,Hayden,413
83314,Jeff,Hendrick,Hendrick,414
219168,Alexander,Isak,Isak,415
180974,Joelinton Cássio,Apolinário de Lira,Joelinton,416
111773,Emil,Krafth,Krafth,417
564510,Garang,Kuol,Kuol,418
101148,Jamaal,Lascelles,Lascelles,419
194799,Jamal,Lewis,J.Lewis,420
180135,Sean,Longstaff,Longstaff,421
109528,Javier,Manquillo Gaitán,Manquillo,422
114243,Jacob,Murphy,J.Murphy,423
98747,Nick,Pope,Pope,424
56983,Matt,Ritchie,Ritchie,425
170137,Allan,Saint-Maximin,Saint-Maximin,426
119471,Fabian,Schär,Schär,427
169359,Matt,Targett,Targett,428
432422,Sandro,Tonali,Tonali,429
77794,Kieran,Trippier,Trippier,430
232977,Kell,Watts,Watts,431
200089,Joe,Willock,Willock,432
75115,Callum,Wilson,Wilson,433
461682,Brandon,Aguilera Zamora,B.Aguilera,434
48615,Harry,Arter,Arter,435
80226,Serge,Aurier,Aurier,436
210156,Taiwo,Awoniyi,Awoniyi,437
437753,Giulian,Biancone,Biancone,438
90585,Willy,Boly,Boly,439
245830,Josh,Bowler,Bowler,440
56917,Steve,Cook,Cook,441
513046,Danilo,dos Santos de Oliveira,Danilo,442
230251,Emmanuel,Dennis,Dennis,443
173399,Mohamed,Dräger,Dräger,444
116404,Felipe Augusto,de Almeida Monteiro,Felipe,445
89076,Remo,Freuler,Freuler,446
222531,Morgan,Gibbs-White,Gibbs-White,447
20066,Wayne,Hennessey,Hennessey,448
168547,Ethan,Horvath,Horvath,449
242898,Brennan,Johnson,Johnson,450
55037,Cheikhou,Kouyaté,Kouyaté,451
221403,Richie,Laryea,Laryea,452
179519,Orel,Mangala,Mangala,453
242885,Loïc,Mbe Soh,Mbe Soh,454
168281,Scott,McKenna,McKenna,455
244930,Alex,Mighten,Mighten,456
199170,Moussa,Niakhaté,Niakhaté,457
243345,Lewis,O'Brien,O'Brien,458
437476,Braian,Ojeda Rodríguez,Ojeda,459
209035,Jonathan,Panzo,Panzo,460
204822,Omar,Richards,O.Richards,461
185253,Gustavo Henrique,Furtado Scarpa,G.Scarpa,462
50232,Jonjo,Shelvey,J.Shelvey,463
217331,Sam,Surridge,Surridge,464
114241,Harry,Toffolo,Toffolo,465
201440,Hwang,Ui-jo,Ui-jo,466
215136,Neco,Williams,Williams,467
60689,Chris,Wood,Wood,468
208912,Joe,Worrall,Worrall,469
204968,Ryan,Yates,Yates,470
233821,Anel,Ahmedhodžić,Ahmedhodžić,471
538206,Jordan,Amissah,Amissah,472
82691,George,Baldock,Baldock,473
40386,Chris,Basham,Basham,474
207189,Sander,Berge,Berge,475
226182,Jayden,Bogle,Bogle,476
195473,Rhian,Brewster,Brewster,477
476938,Ismaila,Coulibaly,Coulibaly,478
102549,Adam,Davies,A.Davies,479
108416,John,Egan,Egan,480
47247,John,Fleck,Fleck,481
82143,Wes,Foderingham,Foderingham,482
523700,Daniel,Jebbison,Jebbison,483
155197,Max,Lowe,Lowe,484
169432,Oliver,McBurnie,McBurnie,485
440993,Iliman,Ndiaye,Ndiaye,486
443211,Rhys,Norrington-Davies,Norrington-Davies,487
79934,Oliver,Norwood,Norwood,488
167878,Ben,Osborn,Osborn,489
538207,William,Osula,Osula,490
214572,Brandon,Austin,Austin,491
202993,Rodrigo,Bentancur,Bentancur,492
227127,Yves,Bissouma,Bissouma,493
436234,Bryan,Gil Salvatierra,Bryan,494
115556,Ben,Davies,Davies,495
93264,Eric,Dier,Dier,496
241157,Emerson,Leite de Souza Junior,E.Royal,497
40383,Fraser,Forster,Forster,498
132015,Pierre-Emile,Højbjerg,Højbjerg,499
78830,Harry,Kane,Kane,500
445044,Dejan,Kulusevski,Kulusevski,501
37915,Hugo,Lloris,Lloris,502
200826,Giovani,Lo Celso,Lo Celso,503
172780,James,Maddison,Maddison,504
231372,Tanguy,Ndombélé Alvaro,Ndombele,505
441164,Pedro,Porro,Pedro Porro,506
45034,Ivan,Perišić,Perišić,507
199249,Sergio,Reguilón,Reguilón,508
212319,Richarlison,de Andrade,Richarlison,509
214225,Joe,Rodon,Rodon,510
221632,Cristian,Romero,Romero,511
173904,Davinson,Sánchez,Sánchez,512
482442,Pape Matar,Sarr,Sarr,513
184349,Ryan,Sessegnon,Sessegnon,514
209042,Oliver,Skipp,Skipp,515
85971,Son,Heung-min,Son,516
232859,Djed,Spence,Spence,517
199584,Japhet,Tanganga,Tanganga,518
487053,Destiny,Udogie,Udogie,519
184254,Guglielmo,Vicario,Vicario,520
175941,Alfie,Whiteman,Whiteman,521
210494,Nayef,Aguerd,N.Aguerd,522
57531,Michail,Antonio,Antonio,523
84182,Alphonse,Areola,Areola,524
172841,Saïd,Benrahma,Benrahma,525
178186,Jarrod,Bowen,Bowen,526
149519,Maxwel,Cornet,Cornet,527
164555,Vladimír,Coufal,Coufal,528
222017,Conor,Coventry,Coventry,529
55459,Aaron,Cresswell,Cresswell,530
220585,Flynn,Downes,Downes,531
109533,Emerson,Palmieri dos Santos,Emerson,532
37096,Lukasz,Fabianski,Fabianski,533
217593,Pablo,Fornals Malla,P.Fornals,534
84939,Danny,Ings,Ings,535
222018,Ben,Johnson,Johnson,536
201057,Thilo,Kehrer,Kehrer,537
487837,Divin,Mubama,Mubama,538
224024,Lucas,Tolentino Coelho de Lima,L.Paquetá,539
204480,Declan,Rice,Rice,540
195899,Gianluca,Scamacca,Scamacca,541
215439,Tomáš,Souček,Souček,542
180151,Nikola,Vlašić,Vlašić,543
103192,Kurt,Zouma,Zouma,544
448514,Rayan,Aït-Nouri,Aït-Nouri,545
79602,Daniel,Bentley,Bentley,546
431960,Bendegúz,Bolla,Bolla,547
490721,Hugo,Bueno López,H.Bueno,548
510363,Francisco Jorge,Tomás Oliveira,Chiquinho,549
245923,Luke,Cundle,Cundle,550
60232,Craig,Dawson,Dawson,551
449988,Fábio,Silva,Fábio Silva,552
232351,Ryan,Giles,Giles,553
181284,Gonçalo Manuel,Ganchinho Guedes,Guedes,554
240299,Joe,Hodge,Hodge,555
441271,Ki-Jana,Hoever,Hoever,556
184754,Hwang,Hee-chan,Hee Chan,557
102057,Raúl,Jiménez,Raúl,558
448089,João Victor,Gomes da Silva,João Gomes,559
114128,Jonathan,Castro Otto,J.Otto,560
428610,Bruno,Cavaco Jordão,Jordão,561
429414,Sasa,Kalajdzic,Kalajdžić,562
214048,Max,Kilman,Kilman,563
138001,Tom,King,King,564
151086,Mario,Lemina,Mario Jr.,565
465351,Matheus Luiz,Nunes,Matheus N.,566
247632,Pedro,Lomba Neto,Neto,567
200600,Daniel,Castelo Podence,Podence,568
149065,José,Malheiro de Sá,José Sá,569
88484,Pablo,Sarabia,Sarabia,570
216208,Matija,Šarkić,Šarkić,571
200402,Nélson,Cabral Semedo,N.Semedo,572
510362,Toti António,Gomes,Toti,573
476502,Boubacar,Traoré,Boubacar Traore,574
108796,Tom,Lockyer,Lockyer,575
83427,Jack,Robinson,Robinson,576
40669,Angelo,Ogbonna,Ogbonna,577
200641,Reiss,Nelson,Nelson,578
11948,Andy,Lonergan,Lonergan,579
104542,Loris,Karius,Karius,580
106618,Paul,Dummett,Dummett,581
104047,Pelly Ruddock,Mpanzu,Mpanzu,582
235674,Manor,Solomon,Solomon,583
244954,Pau,Torres,Pau,584
445122,Jurriën,Timber,J.Timber,585
222677,Tahith,Chong,Chong,586
504198,Anis,Slimane,Slimane,587
18892,Ashley,Young,Young,588
518620,Ângelo Gabriel,Borges Damaceno,Ângelo,589
430871,Matheus,Santos Carneiro Da Cunha,Cunha,590
47431,Willian,Borges da Silva,Willian,591
432990,Yasser,Larouci,Larouci,592
523957,Bénie,Traoré,T.Bénie,593
492831,Zeki,Amdouni,Amdouni,594
544877,Milos,Kerkez,Kerkez,595
432720,James,Trafford,Trafford,596
202641,André,Onana,Onana,597
87835,Matt,Doherty,Doherty,598
243557,Moussa,Diaby,Diaby,599
83283,Nathan,Redmond,Redmond,600
220307,Arnaut,Danjuma Groeneveld,Danjuma,601
476369,Issa,Kaboré,Kaboré,602
201666,Harvey,Barnes,Barnes,603
159506,Olu,Aina,Aina,604
487702,Luca,Koleosho,Koleosho,605
223434,Igor Julio,dos Santos de Paulo,Igor,606
215531,Ionuț,Radu,Radu,607
179458,Jacob,Bruun Larsen,Bruun Larsen,608
441302,Ian,Maatsen,Maatsen,609
232892,Calvin,Bassey,Bassey,610
220362,Axel,Disasi,Disasi,611
503714,Lesley,Ugochukwu,Ugochukwu,613
54738,Thomas,Kaminski,Kaminski,614
536694,Matheus,França de Oliveira,Matheus França,615
477424,Joško,Gvardiol,Gvardiol,616
497894,Rasmus,Højlund,Højlund,617
549068,Omari,Kellyman,Kellyman,618
474772,Ben,Greenwood,Greenwood,619
501284,Michael,Olakigbe,Olakigbe,620
532529,Jack,Hinshelwood,Hinshelwood,621
461567,Owen,Dodgson,Dodgson,622
534392,Mason,Burstow,Burstow,623
461421,Lewis,Dobbin,Dobbin,624
547686,Luc,De Fougerolles,De Fougerolles,625
441428,Jarell,Quansah,Quansah,626
491970,Bobby,Clark,Clark,627
496208,Ben,Doak,Doak,628
491501,James,McConnell,McConnell,629
88894,Ross,Barkley,Barkley,630
242453,Jacob,Brown,Brown,631
487828,Omari,Forson,Forson,632
441191,Tino,Livramento,Livramento,633
545477,Alex,Murphy,A.Murphy,634
547719,Lewis,Miley,Miley,635
450197,George,Shelvey,G.Shelvey,636
547659,Josh,Powell,Powell,637
424001,Vini,de Souza Costa,Vini Souza,638
491279,Micky,van de Ven,Van de Ven,639
490145,Dane,Scarlett,Scarlett,640
536908,Alejo,Véliz,Veliz,641
213999,Edson,Álvarez Velázquez,Álvarez,642
232980,Max,Aarons,Aarons,643
503139,Alex,Scott,Scott,644
491012,Youssef,Ramalho Chermiti,Y. Chermiti,645
463748,Karl,Hein,Hein,646
447879,Joseph,Anang,Anang,647
552030,Aidan,Francis-Clarke,Francis-Clarke,648
461416,Thomas,Cannon,Cannon,649
461446,Tyler,Onyango,Onyango,650
490146,Jay,Stansfield,Stansfield,651
515023,Matthew,Dibley-Dias,Dibley-Dias,652
471848,Femi,Seriki,Seriki,653
532377,Louie,Marsh,Marsh,654
538210,Andre,Brooks,Brooks,655
487836,Antwoine,Hackford,Hackford,656
450542,Jesurun,Rak-Sakyi,Rak-Sakyi,657
461382,John-Kymani,Gordon,Gordon,658
482158,Lucas,Bergström,Bergström,659
550839,Wilson,Odobert,Odobert,660
221399,Jack,Harrison,Harrison,661
159533,Adama,Traoré,Adama,662
196100,Gustavo,Hamer,Hamer,663
101178,James,Ward-Prowse,Ward-Prowse,664
20480,Tim,Krul,Krul,665
173807,Tom,Davies,T.Davies,666
514356,Roméo,Lavia,Lavia,667
158983,Wataru,Endo,Endo,668
477733,Radek,Vítek,Vítek,669
462381,Filip,Marschall,Marschall,670
461188,Bashir,Humphreys,Humphreys,671
245414,Nicolò,Zaniolo,Zaniolo,672
200785,Tyler,Adams,Adams,673
247245,Hannes,Delcroix,Delcroix,674
447715,Aaron,Ramsey,A.Ramsey,675
233963,Konstantinos,Mavropanos,Mavropanos,676
617054,Deivid Washington,de Souza Eugênio,Deivid,677
248875,Jérémy,Doku,Doku,678
218430,Gonzalo,Montiel,G.Montiel,679
474803,Eddie,Beach,Beach,680
491011,Diego Manuel Jadon,da Silva Moreira,Diego Moreira,681
611011,Joseph,Johnson,Johnson,682
515024,Luke,Harris,Harris,683
494041,Ethan,Brierley,Brierley,684
504598,Daniel,Gore,Gore,685
516159,Oliwier,Zych,Zych,686
457569,Đorđe,Petrović,Petrović,687
166477,Timothy,Castagne,Castagne,688
460842,Mohammed,Kudus,Kudus,689
535301,Carlos,Baleba,Baleba,690
486385,Norberto Bercique,Gomes Betuncal,Beto,691
428971,Steven,Benda,Benda,692
244619,Luke,Thomas,Thomas,693
437757,Han-Noah,Massengo,Massengo,694
451302,Altay,Bayindir,Altay,695
575476,Murillo,Santiago Costa dos Santos,Murillo,696
231480,Santiago,Bueno,S.Bueno,697
593001,Enso,González,González,698
171101,Clément,Lenglet,Lenglet,699
465607,Anssumane,Fati Vieira,Ansu Fati,700
205836,Saman,Ghoddos,Ghoddos,701
548308,Ashley,Phillips,Phillips,702
37642,Jonny,Evans,Evans,703
531363,Nathan,Fraser,Fraser,704
224995,Luis,Sinisterra,Sinisterra,705
437748,Mike,Trésor,M.Trésor,706
225897,Fodé,Ballo-Touré,Ballo-Touré,707
441266,Ryan,Gravenberch,Gravenberch,708
172912,Sofyan,Amrabat,Amrabat,709
111452,Odysseas,Vlachodimos,Odysseas,710
466404,Andrew,Omobamidele,Omobamidele,711
250199,Nicolás,Domínguez,Dominguez,712
210462,Ibrahim,Sangaré,Sangaré,713
152760,Divock,Origi,Origi,714
231057,Jean-Ricner,Bellegarde,Bellegarde,715
514280,Alfie,Gilchrist,Gilchrist,716
517996,Ronnie,Stutter,Stutter,717
519198,Alex,Matos,Matos,718
447261,Mackenzie,Hunt,Hunt,719
531993,Ademola,Ola-Adebomi,Ola-Adebomi,720
531989,David,Ozoh,Ozoh,721
513588,Jamie,Donley,Donley,722
248854,Josh,Brooking,Brooking,723
474908,Jadan,Raymond,Raymond,724
570241,Ji-Soo,Kim,Kim Ji-Soo,725
462491,Luke,Chambers,Chambers,726
60252,Andros,Townsend,Townsend,727
519328,Callum,Scanlon,Scanlon,728
608060,Jayden,Luker,Luker,729
585472,Ryan,Oné,Oné,730
601496,Jili,Buyabu,Buyabu,731
487693,Devan,Tanton,Tanton,732
516432,Valintino,Adedokun,Adedokun,733
589114,Zack,Nelson,Nelson,734
516874,Charles,Sagoe,Sagoe,735
535262,Reuell,Walters,Walters,736
535264,Bradley,Ibrahim,Ibrahim,737
248859,Amadou,Diallo,Diallo,738
547716,Ben,Parkinson,Parkinson,739
519321,Alfie,Dorrington,Dorrington,740
574402,Mark,O’Mahony,O’Mahony,741
475480,Benicio,Baker-Boaitey,Baker-Boaitey,742
591386,Treymaurice,Nyoni,Nyoni,743
450539,Myles,Peart-Harris,Peart-Harris,744
490150,Michael,Ndiweni,Ndiweni,745
514154,Ben,Jackson,Jackson,746
532528,Joshua,Duffus,Duffus,747
515504,Joe,Hugill,Hugill,748
483398,Matthew,Whittingham,Whittingham,749
497606,Tawanda,Chirewa,Chirewa,750
504750,Justin,Hubner,Hubner,751
563883,Vincent,Angelini,Angelini,752
513836,Leigh,Kavanagh,Kavanagh,753
492779,Yago,de Santiago Alonso,Yago Santiago,754
500052,Luca,Barrington,Barrington,755
443629,Marcelo,de Araújo Pitaluga Filho,Pitaluga,756
492777,Conor,Bradley,Bradley,757
517995,Leo,Castledine,Castledine,758
552425,Sydie,Peck,Peck,759
491557,Jenson,Metcalfe,Metcalfe,760
491745,Elijah,Campbell,Campbell,761
496283,Mahamadou,Susoho,Susoho,762
501468,Tayo,Adaramola,Adaramola,763
499169,Myles,Lewis-Skelly,Lewis-Skelly,764
564505,Sam,Proctor,Proctor,765
518466,Willy,Kambwala,Kambwala,766
515599,Tommi,O'Reilly,O'Reilly,767
515500,Rhys,Bennett,Bennett,768
432712,Owen,Hesketh,Hesketh,769
490095,Ty,Barnett,Barnett,770
462438,Micah,Hamilton,Hamilton,771
499175,Ethan,Nwaneri,Nwaneri,772
518442,Lewis,Orford,Orford,773
518438,Kaelan,Casey,Casey,774
204814,Ben,Brereton,Brereton Díaz,775
165153,Timo,Werner,Werner,776
493125,Radu,Dragusin,Drăgușin,777
481283,James,Wright,Wright,778
524070,Jamie,McDonnell,McDonnell,779
536677,Detlef Esapa,Osong,Osong,780
536681,Joe,Gardner,Gardner,781
430992,Owen,Beck,Beck,782
496185,Kaide,Gordon,Gordon,783
536109,Oliver,Scarles,Scarles,784
565431,Callum,Marshall,Marshall,785
491598,Cameron,Peupion,Peupion,786
449133,Harvey,Griffiths,Griffiths,787
501837,Yerson,Mosquera,Mosquera,788
507433,Hákon,Valdimarsson,Valdimarsson,789
173268,Ivo,Grbic,Grbić,790
505187,Cesare,Casadei,Casadei,791
247348,Daniel,Muñoz,Muñoz,792
465390,Kaine,Kesler-Hayden,Kesler-Hayden,793
461484,Joe,White,White,794
592436,Travis,Hernes,Hernes,795
511504,Kristian,Sekularac,Sekularac,796
612534,Benjamin,Fredrick,Fredrick,797
209293,Daiki,Hashioka,Hashioka,798
441240,Romain,Faivre,Faivre,799
550833,Noha,Lemina,N.Lemina,800
427420,Giovanni,Reyna,Reyna,801
496683,Max,Kinsey,Kinsey,802
244850,Morgan,Rogers,Rogers,803
168636,Enes,Ünal,Enes Ünal,804
503724,Lorenz,Assignon,Assignon,805
477717,Maxime,Esteve,Estève,806
496221,Adam,Wharton,Wharton,807
85633,Matz,Sels,Sels,808
551232,Rodrigo,Duarte Ribeiro,Ribeiro,809
577725,Joshua,King,King,810
550596,Dominic,Sadi,Sadi,811
514514,Lewis,Koumas,Koumas,812
518199,Fabian,Mrozek,Mrozek,813
516250,Jacob,Wright,Wright,814
504751,Mauro,Bandeira,Bandeira,815
543158,Valentín,Barco,Barco,816
503308,James,Sweet,Sweet,817
462492,Joe,Gauci,Gauci,818
536238,Ishé,Samuels-Smith,Samuels-Smith,819
597983,Ollie,Harrison,Harrison,820
574398,Franco,Umeh-Chibueze,Umeh-Chibueze,821
591539,Billy,Blacker,Blacker,822
532372,Oliver,Arblaster,Arblaster,823
500058,Jayden,Danns,Danns,824
530318,Kaden,Rodney,Rodney,825
490881,Toby,Collyer,Collyer,826
616094,Dovydas,Sasnauskas,Sasnauskas,827
549344,Sam,Curtis,Curtis,828
490885,George,Earthy,Earthy,829
514277,Jimi,Tauriainen,Tauriainen,830
547668,Axel,Piesold,Piesold,831
613467,Wesley,Okoduwa,Okoduwa,832
519325,Habeeb,Ogunneye,Ogunneye,833
622536,Benjamin,Arthur,Arthur,834
461537,Dermot,Mee,Mee,835
589507,Leon,Chiwome,Chiwome,836
611926,Amara,Nallo,Nallo,837
577016,Josh,Acheampong,Acheampong,838
647597,Dominic,Dos Santos Martins,Martins,839
602934,Fletcher,Holman,Holman,840
461453,Lewis,Warrington,Warrington,841
493121,Roshaun,Mathurin,Mathurin,842
513840,Samy,Chouchane,Chouchane,843
634640,Christian,Chigozie,Chigozie,844
445548,Odeluga,Offiah,Offiah,845
577974,Harry,Amass,Amass,846
499857,Teddy,Sharman-Lowe,Sharman-Lowe,847
551995,Taylan,Harris,Harris,848
596572,Michael,Dacosta Gonzalez,Dacosta Gonzalez,849
575034,Ethan,Wheatley,Wheatley,850
550615,Tyrique,George,George,851
559963,Kiano,Dyer,Dyer,852
514362,Temple,Ojinnaka,Ojinnaka,853
521966,Finley,Munroe,Munroe,854
568791,Callan,McKenna,McKenna,855
530117,Louis,Jackson,Jackson,856
591538,Owen,Hampson,Hampson,857
518892,Ted,Curd,Curd,858
496222,Zak,Sturge,Sturge,859
499721,Mikey,Moore,Moore,860
549014,Noël,Atom,Atom,861
563934,Tyrese,Hall,Hall,862
438405,Billy,Crellin,Crellin,863
628204,Yunus,Konak,Konak,864
537403,Kadan,Young,Young,865
646754,Lander,Emery,Emery,866
