,Player,fpl_id,GW,Likes,Followers,Comments,Verified,Positive,Neutral,Negative,Positive Sum,Neutral Sum,Negative Sum,Positive Mean,Neutral Mean,Negative Mean,Positive Majority,Neutral Majority,Negative Majority
0,Aït-Nouri,533,9,681,240060,65,"[False, False, False, False, False, False, False, False, False, False, False, False, False, False, False, False, False, False, False, False]","[0.9222857, 0.5710131, 0.8109783, 0.89806676, 0.88216776, 0.89988506, 0.60771424, 0.50377774, 0.5465536, 0.56929916, 0.91048896, 0.8962868, 0.77761626, 0.7716245, 0.95174056, 0.91853225, 0.942264, 0.59194666, 0.85503614, 0.94828856]","[0.052299738, 0.3495084, 0.1757105, 0.09359152, 0.11549969, 0.08650527, 0.38457522, 0.4489215, 0.4440182, 0.36706358, 0.084016554, 0.09734286, 0.17876871, 0.17131254, 0.040093377, 0.073551476, 0.043455135, 0.38884243, 0.13541378, 0.045253]","[0.025414586, 0.07947853, 0.013311229, 0.00834179, 0.0023325614, 0.013609581, 0.007710544, 0.047300745, 0.009428134, 0.06363734, 0.0054944344, 0.0063703125, 0.043615006, 0.05706297, 0.008166033, 0.007916219, 0.01428092, 0.019210886, 0.009550103, 0.006458445]",15.775566101074219,3.77574348077178,0.44869036762975156,0.78877825,0.18878718,0.022434516,4,14,2
1,Cunha,541,9,836,488495,52,"[False, False, False, False, False, False, False, False, False, False, False, False, False, False, False, False, False, False, False]","[0.9269801, 0.8860466, 0.7568923, 0.9222857, 0.91048896, 0.8872938, 0.91059524, 0.5089781, 0.9497682, 0.64001614, 0.85841453, 0.95174056, 0.77761626, 0.93642807, 0.87526643, 0.61442065, 0.85926634, 0.65591013, 0.9339773]","[0.059786834, 0.11083134, 0.23462601, 0.052299738, 0.084016554, 0.09654975, 0.08264694, 0.4855099, 0.036942795, 0.3560074, 0.10368265, 0.040093377, 0.17876871, 0.05279438, 0.06639782, 0.37097985, 0.13114634, 0.3238579, 0.06424703]","[0.013232992, 0.003122031, 0.00848167, 0.025414586, 0.0054944344, 0.016156368, 0.0067578624, 0.0055119745, 0.013288993, 0.003976454, 0.037902754, 0.008166033, 0.043615006, 0.010777512, 0.05833571, 0.01459949, 0.009587352, 0.02023198, 0.0017756587]",15.762385427951813,2.9311853237450123,0.30642886203713715,0.8295992,0.15427293,0.016127834,3,16,0
2,Strand Larsen,566,9,873,672265,48,"[False, False, False, False, False, False, False, False, False, False, False, False, False, False, False, False, False, False]","[0.9222857, 0.64001614, 0.8109783, 0.6897273, 0.91759866, 0.88231266, 0.77761626, 0.5391499, 0.9091854, 0.7583095, 0.80951655, 0.9340364, 0.9339773, 0.8319853, 0.88220364, 0.68160856, 0.8375522, 0.844961]","[0.052299738, 0.3560074, 0.1757105, 0.285126, 0.047598407, 0.113342755, 0.17876871, 0.45504388, 0.07840841, 0.23701155, 0.1604437, 0.06294483, 0.06424703, 0.16313449, 0.11263226, 0.28906715, 0.15863957, 0.14733611]","[0.025414586, 0.003976454, 0.013311229, 0.02514677, 0.034802884, 0.0043445393, 0.043615006, 0.0058062333, 0.012406231, 0.0046789916, 0.030039748, 0.0030187573, 0.0017756587, 0.0048802746, 0.005164136, 0.029324258, 0.0038082844, 0.0077029346]",14.603020668029785,3.1377624720335007,0.2592169747222215,0.81127894,0.17432013,0.014400942,6,11,1
3,Toti,567,8,6,3103,3,[False],[0.8233567],[0.15565264],[0.020990778],0.8233566880226135,0.15565264225006104,0.020990777760744095,0.8233567,0.15565264,0.020990778,0,1,0
4,Johnstone,204,8,9,2241,0,"[False, False]","[0.7267007, 0.61954826]","[0.20181923, 0.36933267]","[0.07148006, 0.011119012]",1.346248984336853,0.5711518973112106,0.08259906992316246,0.6731245,0.28557596,0.041299537,1,1,0
5,Aït-Nouri,533,8,2755,6579969,195,"[False, False, False, False, False, False, False, False, False, False, False, False, False, False, False, False, False, False, False, False]","[0.6376035, 0.795877, 0.9180364, 0.8375814, 0.9238796, 0.788915, 0.69608396, 0.9007055, 0.9593325, 0.7177475, 0.6558152, 0.8769168, 0.80461997, 0.6742034, 0.7729719, 0.9129719, 0.56907403, 0.9356699, 0.63945645, 0.58764434]","[0.33666113, 0.12286472, 0.07957709, 0.10575834, 0.074238546, 0.10969626, 0.2973576, 0.08166062, 0.034489214, 0.27840644, 0.33687636, 0.08673747, 0.17888802, 0.3131924, 0.2217921, 0.064571455, 0.42623797, 0.05608031, 0.34704426, 0.36587325]","[0.025735322, 0.081258334, 0.0023865341, 0.056660213, 0.0018818844, 0.101388745, 0.006558464, 0.017633932, 0.0061782375, 0.0038459953, 0.0073084403, 0.036345717, 0.016492087, 0.012604218, 0.005236003, 0.022456622, 0.004688004, 0.008249764, 0.013499252, 0.046482418]",15.605106353759766,3.9180035516619682,0.47689018584787846,0.7802554,0.19590019,0.023844508,6,13,1
6,Semedo,559,8,6,3103,3,[False],[0.8233567],[0.15565264],[0.020990778],0.8233566880226135,0.15565264225006104,0.020990777760744095,0.8233567,0.15565264,0.020990778,0,1,0
7,Cunha,541,8,638,78514,173,"[False, False, False, False, False, False, False, False, False, False, False, False, False, False, False, False, False, False, False]","[0.8672461, 0.962297, 0.5995147, 0.88684976, 0.5032662, 0.84565395, 0.89459217, 0.50954175, 0.5639073, 0.931612, 0.9620089, 0.6584602, 0.64649755, 0.90610075, 0.94692844, 0.8818812, 0.8930393, 0.881841, 0.6399256]","[0.1266598, 0.034234617, 0.3908742, 0.10782386, 0.30215085, 0.15198767, 0.087170355, 0.45349264, 0.4322253, 0.057159845, 0.036022566, 0.28285044, 0.34651563, 0.053680558, 0.04883615, 0.114207, 0.099646114, 0.11256153, 0.34618494]","[0.0060940455, 0.0034683454, 0.0096110385, 0.0053263907, 0.19458295, 0.0023583528, 0.018237501, 0.03696556, 0.0038674222, 0.011228183, 0.0019684988, 0.058689363, 0.0069868825, 0.04021875, 0.004235392, 0.0039118608, 0.0073146573, 0.0055974913, 0.01388946]",14.981163918972015,3.5842840559780598,0.4345521479845047,0.78848237,0.18864653,0.022871166,9,9,1
8,Strand Larsen,566,8,13,10199,9,"[False, False, False, False, False, False, False]","[0.7395329, 0.84837985, 0.90818405, 0.90274674, 0.79605365, 0.90532196, 0.93301487]","[0.22869205, 0.12776816, 0.051332146, 0.09288273, 0.19005586, 0.05677684, 0.059231676]","[0.03177502, 0.023851901, 0.040483836, 0.004370582, 0.013890467, 0.037901215, 0.007753421]",6.033234000205994,0.8067394681274891,0.1600264422595501,0.8618906,0.115248494,0.02286092,1,6,0
9,Gomes,553,8,7,3577,3,"[False, False]","[0.9574467, 0.8233567]","[0.028015653, 0.15565264]","[0.01453772, 0.020990778]",1.780803382396698,0.18366829492151737,0.03552849777042866,0.8904017,0.09183415,0.017764248,0,2,0
10,André,642,8,4854,6414982,92,"[False, False, False, False, False, False, False, False, False, False]","[0.8464969, 0.94996244, 0.8464969, 0.7365096, 0.90146106, 0.4330719, 0.8464969, 0.8464969, 0.95059216, 0.8464969]","[0.15172088, 0.046167467, 0.15172088, 0.14520597, 0.09571131, 0.33361846, 0.15172088, 0.15172088, 0.04610153, 0.15172088]","[0.0017822346, 0.0038701508, 0.0017822346, 0.11828445, 0.002827649, 0.23330969, 0.0017822346, 0.0017822346, 0.0033063537, 0.0017822346]",8.204081594944,1.4254091531038284,0.3705094618489966,0.82040817,0.14254092,0.037050948,9,1,0
11,Toti,567,7,1,1611,0,"[False, False]","[0.89616793, 0.81986165]","[0.08456748, 0.16027449]","[0.019264659, 0.019863844]",1.7160295844078064,0.24484197050333023,0.039128502830863,0.8580148,0.12242098,0.019564252,0,2,0
12,Bueno,564,7,3,45592,1,"[False, False, False, False, False, False]","[0.62861496, 0.62419236, 0.66221803, 0.9535051, 0.55236053, 0.8690958]","[0.36188427, 0.3634719, 0.32670665, 0.024889125, 0.43607545, 0.1070369]","[0.009500746, 0.012335658, 0.01107533, 0.021605782, 0.011563942, 0.023867276]",4.289986789226532,1.6200642865151167,0.08994873333722353,0.71499777,0.2700107,0.014991455,0,3,3
13,Johnstone,204,7,3,1955,0,[False],[0.8359517],[0.1526789],[0.01136944],0.8359516859054565,0.15267890691757202,0.011369439773261547,0.8359517,0.1526789,0.01136944,0,0,1
14,Aït-Nouri,533,7,6,56118,2,"[False, False]","[0.9256641, 0.6025765]","[0.069500856, 0.3895874]","[0.0048350613, 0.007836084]",1.5282406210899353,0.4590882584452629,0.012671145144850016,0.76412034,0.22954413,0.0063355723,1,1,0
15,Cunha,541,7,2,3150,3,"[False, False, False, False, False]","[0.78430796, 0.9256641, 0.88151574, 0.9240396, 0.9198138]","[0.121170595, 0.069500856, 0.109358124, 0.06235054, 0.062313724]","[0.09452145, 0.0048350613, 0.009126059, 0.0136099, 0.017872484]",4.435341238975525,0.42469384148716927,0.13996495259925723,0.8870683,0.08493877,0.02799299,1,4,0
16,Lemina,557,7,3,179,0,[False],[0.954964],[0.042650588],[0.0023854752],0.9549639821052551,0.04265058785676956,0.00238547520712018,0.954964,0.042650588,0.0023854752,1,0,0
17,Strand Larsen,566,7,2,103,0,[False],[0.58190876],[0.3938463],[0.02424495],0.5819087624549866,0.3938463032245636,0.024244949221611023,0.58190876,0.3938463,0.02424495,1,0,0
18,André,642,7,10,8457,0,[False],[0.9312826],[0.06369634],[0.005021133],0.9312825798988342,0.06369633972644806,0.005021132994443178,0.9312826,0.06369634,0.005021133,0,0,1
19,Mosquera,558,6,32,86585,4,"[False, False, False, False, False, False, False, False, False, False, False, False, False, False, False, False, False, False, False]","[0.5553696, 0.68664134, 0.82815003, 0.7993261, 0.70258623, 0.56827044, 0.7969499, 0.94460946, 0.4979055, 0.9306623, 0.61434096, 0.79125994, 0.77428263, 0.79677975, 0.74988526, 0.83385336, 0.57380146, 0.5543626, 0.9136045]","[0.43722847, 0.30175927, 0.15244529, 0.14118539, 0.29113445, 0.4171431, 0.18888183, 0.05012773, 0.48638058, 0.064463735, 0.37828404, 0.20216967, 0.2200361, 0.18736854, 0.23753858, 0.146934, 0.36495063, 0.43185502, 0.077880524]","[0.0074018915, 0.01159939, 0.019404745, 0.059488516, 0.006279309, 0.014586418, 0.014168173, 0.005262815, 0.015713895, 0.0048739845, 0.0073750755, 0.0065703904, 0.005681257, 0.015851744, 0.012576221, 0.019212652, 0.06124792, 0.013782407, 0.008514902]",13.912641406059265,4.777766950428486,0.30959170311689377,0.7322443,0.25146142,0.0162943,2,9,8
20,Aït-Nouri,533,6,32,12482,11,"[False, False, False, False, False]","[0.9585941, 0.53898513, 0.79211724, 0.83466667, 0.86883]","[0.03858709, 0.42318973, 0.17112704, 0.08799579, 0.1214651]","[0.0028188513, 0.03782512, 0.036755685, 0.07733751, 0.0097048925]",3.9931931495666504,0.8423647470772266,0.1644420581869781,0.79863864,0.16847295,0.032888412,2,3,0
21,Cunha,541,6,377,11670,13,"[False, False, False, False, False, False]","[0.82891005, 0.9862895, 0.5319446, 0.91677874, 0.8890986, 0.8266795]","[0.16634746, 0.010230789, 0.44664806, 0.04417662, 0.06047444, 0.16825604]","[0.0047424217, 0.0034797422, 0.021407325, 0.039044667, 0.05042698, 0.0050645107]",4.979700982570648,0.8961334135383368,0.12416564510203898,0.82995015,0.14935558,0.020694274,2,3,1
22,Strand Larsen,566,6,1,184,1,[False],[0.55284786],[0.3847817],[0.062370483],0.5528478622436523,0.38478168845176697,0.062370482832193375,0.55284786,0.3847817,0.062370483,0,1,0
23,Gomes,553,6,0,1563,0,[False],[0.87620366],[0.095602795],[0.028193537],0.8762036561965942,0.09560279548168182,0.028193537145853043,0.87620366,0.095602795,0.028193537,0,1,0
24,André,642,6,5,417,1,"[False, False, False]","[0.8583766, 0.52444714, 0.93957436]","[0.11936208, 0.26366618, 0.055723466]","[0.02226133, 0.21188664, 0.0047022705]",2.3223981261253357,0.4387517273426056,0.2388502457179129,0.7741327,0.14625058,0.07961675,1,2,0
25,Mosquera,558,5,0,71806,2,"[False, False, False, False]","[0.93127805, 0.92402536, 0.86028516, 0.8673627]","[0.054122683, 0.048545454, 0.132971, 0.12530181]","[0.014599245, 0.027429186, 0.0067438385, 0.0073355967]",3.582951247692108,0.36094094812870026,0.0561078661121428,0.8957378,0.09023523,0.014026966,0,4,0
26,Aït-Nouri,533,5,3,107698,4,"[False, False, False, False]","[0.9151886, 0.9397618, 0.70456606, 0.816706]","[0.07532275, 0.03348688, 0.28223255, 0.17459023]","[0.009488634, 0.026751304, 0.013201431, 0.008703823]",3.3762224912643433,0.5656324103474617,0.058145192451775074,0.8440556,0.1414081,0.014536298,0,3,1
27,Semedo,559,5,0,34340,0,[False],[0.9279631],[0.040348355],[0.03168861],0.9279630780220032,0.0403483547270298,0.03168860822916031,0.9279631,0.040348355,0.03168861,0,1,0
28,Cunha,541,5,0,111,1,[False],[0.95356333],[0.03047908],[0.015957655],0.9535633325576782,0.030479079112410545,0.015957655385136604,0.95356333,0.03047908,0.015957655,0,1,0
29,Lemina,557,5,0,34340,2,[False],[0.9426977],[0.030868817],[0.026433352],0.9426977038383484,0.03086881712079048,0.026433352380990982,0.9426977,0.030868817,0.026433352,0,1,0
30,Strand Larsen,566,5,6,1944,3,"[False, False, False, False]","[0.66025686, 0.95356333, 0.509109, 0.7092739]","[0.18851851, 0.03047908, 0.32808974, 0.145615]","[0.1512247, 0.015957655, 0.16280125, 0.14511113]",2.8322030901908875,0.6927023287862539,0.47509473748505116,0.7080507,0.17317557,0.118773684,1,3,0
31,Gomes,553,5,0,34340,2,[False],[0.9431272],[0.03338306],[0.023489805],0.9431272149085999,0.03338306024670601,0.023489804938435555,0.9431272,0.03338306,0.023489805,0,1,0
32,Dawson,542,5,0,34340,0,[False],[0.8759219],[0.118297175],[0.0057809437],0.875921905040741,0.11829717457294464,0.0057809436693787575,0.8759219,0.118297175,0.0057809437,0,1,0
33,André,642,5,0,34340,0,[False],[0.91485196],[0.077760786],[0.007387248],0.91485196352005,0.07776078581809998,0.007387247867882252,0.91485196,0.077760786,0.007387248,0,1,0
34,Mosquera,558,4,214,507147,17,"[False, False, False, False, False, False, False, False, False, False, False, False, False, False, False, False, False, False, False, False]","[0.5964627, 0.5123021, 0.9300107, 0.5323719, 0.58610165, 0.5609786, 0.85526145, 0.8548805, 0.6953569, 0.66028446, 0.7589872, 0.89589864, 0.92402536, 0.9147825, 0.7844911, 0.62073594, 0.66484916, 0.89473265, 0.5072998, 0.7757698]","[0.39383405, 0.48276773, 0.061350945, 0.45456398, 0.3974612, 0.42297485, 0.12517786, 0.12507804, 0.23921798, 0.32624552, 0.2239716, 0.062215213, 0.048545454, 0.058108266, 0.15403903, 0.36258194, 0.32395238, 0.05579804, 0.4654539, 0.21330386]","[0.0097032115, 0.0049301684, 0.008638382, 0.013064125, 0.016437156, 0.016046537, 0.0195607, 0.02004145, 0.065425016, 0.013470058, 0.017041273, 0.041886214, 0.027429186, 0.02710919, 0.061469886, 0.016682155, 0.011198409, 0.04946935, 0.027246326, 0.010926277]",14.525583148002625,4.9966418370604515,0.47777507547289133,0.72627914,0.24983211,0.023888752,2,11,7
35,Doyle,544,4,14,2920,3,"[False, False, False, False]","[0.9778587, 0.9282951, 0.70417076, 0.8126639]","[0.019750768, 0.047641758, 0.24454622, 0.15753591]","[0.0023904946, 0.024063207, 0.051283013, 0.029800206]",3.422988474369049,0.46947465650737286,0.10753692127764225,0.8557471,0.11736867,0.02688423,1,3,0
36,Bueno,564,4,240,413549,2,"[False, False, False, False, False, False, False, False, False, False, False, False]","[0.88990587, 0.92644966, 0.92399585, 0.92399585, 0.8541541, 0.7293827, 0.9407324, 0.92399585, 0.8624374, 0.94803464, 0.9160047, 0.9125554]","[0.089705765, 0.043971315, 0.04686839, 0.04686839, 0.12605119, 0.2578911, 0.03523026, 0.04686839, 0.111484565, 0.026370125, 0.047883388, 0.061634418]","[0.020388387, 0.029578993, 0.029135864, 0.029135864, 0.0197947, 0.012726192, 0.02403728, 0.029135864, 0.026077999, 0.025595177, 0.036111895, 0.025810188]",10.751644492149353,0.9408272858709097,0.30752840358763933,0.8959704,0.07840227,0.025627367,1,11,0
37,Johnstone,204,4,1312,90669,32,"[False, False, False, False]","[0.92145944, 0.9006591, 0.89009637, 0.91819304]","[0.067149416, 0.07055893, 0.1002314, 0.051383726]","[0.011391184, 0.028781952, 0.009672285, 0.030423185]",3.630407929420471,0.28932347148656845,0.08026860654354095,0.907602,0.07233087,0.020067152,0,4,0
38,Gomes,563,4,545,460044,17,"[False, False, False, False, False, False, False, False, False, False, False, False, False, False, False, False, False, False, False, False]","[0.93049884, 0.94273186, 0.88863754, 0.9307651, 0.89319235, 0.94273186, 0.9242641, 0.80351466, 0.94185543, 0.9451289, 0.81409633, 0.94912297, 0.94273186, 0.9161703, 0.80351466, 0.91717976, 0.8253724, 0.9549641, 0.8517499, 0.8702445]","[0.044646513, 0.033605177, 0.09059665, 0.04454941, 0.08136811, 0.033605177, 0.0549021, 0.18684064, 0.033484723, 0.035435524, 0.12731968, 0.03544411, 0.033605177, 0.06304475, 0.18684064, 0.058260515, 0.1673366, 0.027627055, 0.12841396, 0.11689281]","[0.024854627, 0.023663053, 0.020765796, 0.024685489, 0.025439573, 0.023663053, 0.020833716, 0.009644685, 0.024659866, 0.01943563, 0.058583997, 0.015432851, 0.023663053, 0.020784998, 0.009644685, 0.024559693, 0.007290929, 0.017408801, 0.019836204, 0.012862655]",17.988467395305634,1.5838193148374557,0.42771335737779737,0.8994234,0.07919097,0.021385668,0,20,0
39,Aït-Nouri,533,4,2015,563251,63,"[False, False, False, False, False, False, False, False, False, False]","[0.92145944, 0.9245979, 0.8548805, 0.6848517, 0.93615186, 0.85526145, 0.6257715, 0.8340701, 0.905309, 0.93361163]","[0.067149416, 0.07032847, 0.12507804, 0.30168194, 0.04571315, 0.12517786, 0.35512877, 0.1396014, 0.047746647, 0.053962946]","[0.011391184, 0.0050736186, 0.02004145, 0.013466425, 0.018135052, 0.0195607, 0.0190997, 0.026328571, 0.04694431, 0.012425394]",8.475965142250061,1.331568617373705,0.19246640475466847,0.8475965,0.13315687,0.01924664,1,9,0
40,Cunha,541,4,136,83336,8,"[False, False, False, False]","[0.67485386, 0.9072833, 0.8249011, 0.634241]","[0.31922522, 0.08141584, 0.11602631, 0.2817268]","[0.0059209196, 0.011300824, 0.05907264, 0.08403221]",3.0412792563438416,0.7983941808342934,0.16032659076154232,0.7603198,0.19959855,0.04008165,1,3,0
41,Lemina,557,4,111,411340,4,"[False, False, False, False, False]","[0.8548805, 0.93615186, 0.85526145, 0.92844844, 0.7844911]","[0.12507804, 0.04571315, 0.12517786, 0.049549725, 0.15403903]","[0.02004145, 0.018135052, 0.0195607, 0.022001768, 0.061469886]",4.359233379364014,0.4995577968657017,0.14120885729789734,0.8718467,0.099911556,0.028241772,0,5,0
42,Strand Larsen,566,4,4,1130,1,"[False, False, False]","[0.946971, 0.90219, 0.8866782]","[0.0445184, 0.074596554, 0.075731486]","[0.00851056, 0.023213519, 0.037590303]",2.7358392477035522,0.19484644010663033,0.06931438110768795,0.9119465,0.06494881,0.023104794,1,2,0
43,Gomes,553,4,545,460044,17,"[False, False, False, False, False, False, False, False, False, False, False, False, False, False, False, False, False, False, False, False]","[0.93049884, 0.94273186, 0.88863754, 0.9307651, 0.89319235, 0.94273186, 0.9242641, 0.80351466, 0.94185543, 0.9451289, 0.81409633, 0.94912297, 0.94273186, 0.9161703, 0.80351466, 0.91717976, 0.8253724, 0.9549641, 0.8517499, 0.8702445]","[0.044646513, 0.033605177, 0.09059665, 0.04454941, 0.08136811, 0.033605177, 0.0549021, 0.18684064, 0.033484723, 0.035435524, 0.12731968, 0.03544411, 0.033605177, 0.06304475, 0.18684064, 0.058260515, 0.1673366, 0.027627055, 0.12841396, 0.11689281]","[0.024854627, 0.023663053, 0.020765796, 0.024685489, 0.025439573, 0.023663053, 0.020833716, 0.009644685, 0.024659866, 0.01943563, 0.058583997, 0.015432851, 0.023663053, 0.020784998, 0.009644685, 0.024559693, 0.007290929, 0.017408801, 0.019836204, 0.012862655]",17.988467395305634,1.5838193148374557,0.42771335737779737,0.8994234,0.07919097,0.021385668,0,20,0
44,José Sá,554,4,14,16732,3,[False],[0.91819304],[0.051383726],[0.030423185],0.9181930422782898,0.05138372629880905,0.030423184856772423,0.91819304,0.051383726,0.030423185,0,1,0
45,Bellegarde,535,4,0,45,1,[False],[0.93342745],[0.063387804],[0.0031847649],0.9334274530410767,0.06338780373334885,0.0031847648788243532,0.93342745,0.063387804,0.0031847649,1,0,0
46,Chiquinho,537,4,0,2637,0,"[False, False]","[0.8565078, 0.7997881]","[0.13023087, 0.180405]","[0.013261292, 0.01980687]",1.656295895576477,0.31063587963581085,0.03306816145777702,0.82814795,0.15531793,0.01653408,0,2,0
47,Podence,562,4,0,3594,0,[False],[0.50793284],[0.48064837],[0.011418803],0.5079328417778015,0.48064836859703064,0.011418802663683891,0.50793284,0.48064837,0.011418803,0,0,1
48,André,642,4,102,42300,21,"[False, False, False, False, False]","[0.51468617, 0.81409633, 0.7260194, 0.7844911, 0.93005717]","[0.42123204, 0.12731968, 0.2660145, 0.15403903, 0.06730533]","[0.06408183, 0.058583997, 0.007966158, 0.061469886, 0.0026375449]",3.7693501710891724,1.0359105616807938,0.19473941926844418,0.75387,0.20718212,0.038947884,1,3,1
49,Mosquera,558,3,11,1148,2,"[False, False]","[0.5220633, 0.71702707]","[0.45050758, 0.15967007]","[0.027429145, 0.1233029]",1.239090383052826,0.6101776510477066,0.15073204413056374,0.6195452,0.30508882,0.07536602,0,1,1
50,Johnstone,204,3,903,233355,30,"[False, False, False, False, False, False, False, False, False, False, False, False, False, False, False, False]","[0.9142844, 0.923732, 0.65108615, 0.9599985, 0.61053693, 0.7104011, 0.814818, 0.94856876, 0.84764487, 0.8917162, 0.94372284, 0.9288565, 0.9416728, 0.5943581, 0.8116138, 0.90660846]","[0.05622661, 0.050277162, 0.34024236, 0.030828243, 0.3544252, 0.28212577, 0.17499702, 0.037256278, 0.1483478, 0.080398545, 0.046811808, 0.044962622, 0.034064498, 0.38072127, 0.17737578, 0.07048587]","[0.029488971, 0.025990767, 0.008671512, 0.009173233, 0.035037935, 0.0074730874, 0.010184953, 0.014174864, 0.0040073525, 0.027885286, 0.0094653815, 0.026180854, 0.024262689, 0.024920601, 0.011010421, 0.022905681]",13.399619400501251,2.3095468152314425,0.2908335900865495,0.8374762,0.14434668,0.0181771,1,15,0
51,Sarabia,565,3,0,1563,0,[False],[0.90346265],[0.06586363],[0.030673685],0.9034626483917236,0.06586363166570663,0.030673684552311897,0.90346265,0.06586363,0.030673685,0,1,0
52,Cunha,541,3,64,38347,7,"[False, False, False, False, False, False]","[0.7740712, 0.8627556, 0.51656157, 0.94028956, 0.852286, 0.97036046]","[0.2229967, 0.08727573, 0.48018998, 0.041810032, 0.14533333, 0.026316633]","[0.002932128, 0.04996858, 0.0032484084, 0.017900405, 0.002380659, 0.0033229042]",4.9163243770599365,1.0039224047213793,0.07975308690220118,0.8193874,0.16732039,0.013292182,4,2,0
53,Strand Larsen,566,3,3,4848,0,"[False, False]","[0.7740712, 0.97036046]","[0.2229967, 0.026316633]","[0.002932128, 0.0033229042]",1.7444316744804382,0.24931333027780056,0.0062550322618335485,0.87221587,0.12465666,0.0031275162,2,0,0
54,José Sá,554,3,2,1217,1,"[False, False]","[0.7104011, 0.9288565]","[0.28212577, 0.044962622]","[0.0074730874, 0.026180854]",1.6392576098442078,0.3270883932709694,0.033653941471129656,0.81962883,0.1635442,0.01682697,1,1,0
55,Hee Chan,550,3,366,411408,20,"[False, False, False, False, False, False, False, False, False, False]","[0.9296039, 0.93424016, 0.8897959, 0.93424016, 0.8981745, 0.8947863, 0.91626376, 0.8879993, 0.91447806, 0.91372186]","[0.05040924, 0.033883147, 0.08088894, 0.033883147, 0.07276593, 0.08380823, 0.05636974, 0.06474224, 0.05502022, 0.06121509]","[0.019986851, 0.031876642, 0.029315112, 0.031876642, 0.029059574, 0.021405492, 0.027366506, 0.0472585, 0.030501662, 0.025063066]",9.113303899765015,0.592985924333334,0.2937100473791361,0.9113304,0.059298594,0.029371005,0,10,0
56,Guedes,548,3,172,194654,10,"[False, False, False, False, False, False]","[0.9240501, 0.90190846, 0.90444493, 0.9236028, 0.92313814, 0.89132947]","[0.050970834, 0.060823634, 0.088556126, 0.04587859, 0.07468979, 0.07654674]","[0.024979064, 0.037267946, 0.0069989865, 0.03051855, 0.0021720596, 0.032123804]",5.4684739112854,0.3974657170474529,0.13406041054986417,0.9114123,0.06624428,0.022343403,1,5,0
57,Podence,562,3,18,16732,6,[False],[0.90444493],[0.088556126],[0.0069989865],0.9044449329376221,0.08855612576007843,0.006998986471444368,0.90444493,0.088556126,0.0069989865,0,1,0
58,Johnstone,204,2,3,2635,0,"[False, False]","[0.7703425, 0.7525157]","[0.2198988, 0.20438497]","[0.0097586475, 0.043099355]",1.522858202457428,0.4242837727069855,0.05285800248384476,0.7614291,0.21214189,0.026429001,0,1,1
59,Aït-Nouri,533,20,38,2500,3,"[False, False, False, False, False, False]","[0.95189196, 0.7174415, 0.7614568, 0.71300304, 0.8517627, 0.62760234]","[0.026265979, 0.26338598, 0.1767469, 0.2836117, 0.12339963, 0.3588717]","[0.021842001, 0.019172529, 0.061796267, 0.0033852218, 0.024837578, 0.013525972]",4.62315833568573,1.2322819083929062,0.1445595680270344,0.7705264,0.20538032,0.024093263,2,4,0
60,Semedo,559,20,23,3253,1,"[False, False]","[0.85364306, 0.94773597]","[0.11221466, 0.047370866]","[0.03414218, 0.0048932713]",1.8013790249824524,0.15958552807569504,0.03903545252978802,0.9006895,0.07979277,0.019517727,0,2,0
61,Doherty,543,20,166,16732,0,[False],[0.95123464],[0.044442452],[0.0043229293],0.9512346386909485,0.04444245249032974,0.004322929307818413,0.95123464,0.044442452,0.0043229293,1,0,0
62,Strand Larsen,566,20,869,354330,25,"[False, False, False, False, False, False, False, False, False, False, False, False, False, False, False, False, False, False, False, False]","[0.62371916, 0.94221365, 0.92726904, 0.946403, 0.938696, 0.8935991, 0.74764776, 0.69945073, 0.5164454, 0.79041666, 0.91805166, 0.9069958, 0.9185197, 0.8419659, 0.9301929, 0.8869154, 0.9227076, 0.91805166, 0.9056034, 0.84255576]","[0.34772325, 0.037203893, 0.050596714, 0.027555194, 0.030758666, 0.066945404, 0.1782377, 0.29430017, 0.47792035, 0.20412943, 0.041466482, 0.057079207, 0.042603027, 0.15598843, 0.06688998, 0.075981975, 0.047581814, 0.041466482, 0.05355194, 0.13555513]","[0.02855759, 0.020582486, 0.022134231, 0.0260418, 0.030545354, 0.039455537, 0.074114494, 0.0062491214, 0.0056342552, 0.005453929, 0.040481854, 0.035925075, 0.038877275, 0.0020456922, 0.0029170555, 0.0371027, 0.029710667, 0.040481854, 0.040844597, 0.021889077]",17.017420291900635,2.433535235002637,0.5490446442272514,0.85087097,0.12167676,0.027452234,5,15,0
63,Gomes,553,20,0,34339,0,[False],[0.8808783],[0.108069755],[0.011051914],0.8808783292770386,0.1080697551369667,0.011051913723349571,0.8808783,0.108069755,0.011051914,0,1,0
64,Dawson,542,20,157,163889,3,"[False, False, False, False, False, False, False]","[0.8950005, 0.8866574, 0.944748, 0.9208613, 0.93383074, 0.8907303, 0.9039294]","[0.0781645, 0.07200331, 0.03439489, 0.045156706, 0.038520608, 0.079358794, 0.06099831]","[0.026834985, 0.041339252, 0.020857194, 0.03398203, 0.027648602, 0.029910915, 0.035072237]",6.375757694244385,0.4085971228778362,0.2156452164053917,0.91082245,0.05837102,0.030806461,0,7,0
65,André,642,20,106,396397,4,"[False, False, False, False, False, False, False, False, False]","[0.7433382, 0.9194083, 0.54806006, 0.61750686, 0.6038479, 0.5712992, 0.8688538, 0.8066737, 0.6038479]","[0.22095154, 0.07724002, 0.44402844, 0.3704788, 0.38463467, 0.3265444, 0.1153626, 0.17382553, 0.38463467]","[0.035710264, 0.0033517068, 0.007911517, 0.012014294, 0.011517404, 0.10215643, 0.015783524, 0.019500682, 0.011517404]",6.282836019992828,2.4977006912231445,0.21946322615258396,0.6980929,0.2775223,0.024384804,1,6,2
66,Semedo,559,19,5,2551,0,[False],[0.75382495],[0.22585347],[0.02032163],0.7538249492645264,0.22585347294807434,0.02032162994146347,0.75382495,0.22585347,0.02032163,0,1,0
67,Cunha,541,19,373,25912,43,"[False, False, False, False, False, False, False, False, False, False, False, False, False, False, False, False, False, False, False]","[0.5009284, 0.82454157, 0.9233984, 0.8046619, 0.86381894, 0.9148901, 0.6273763, 0.96163815, 0.66012156, 0.5036202, 0.8572922, 0.67627126, 0.8287145, 0.6788092, 0.72176737, 0.58927643, 0.8399175, 0.7161428, 0.7891384]","[0.38080412, 0.097811334, 0.07120329, 0.14366081, 0.12658626, 0.082328536, 0.35440436, 0.036314137, 0.24688269, 0.48171464, 0.13769661, 0.29815954, 0.08678925, 0.16090421, 0.23511752, 0.39810315, 0.12932958, 0.25634933, 0.19659197]","[0.11826749, 0.07764708, 0.0053983177, 0.051677283, 0.009594871, 0.0027814072, 0.018219313, 0.0020477208, 0.0929958, 0.014665138, 0.0050112465, 0.025569215, 0.08449629, 0.16028656, 0.043115072, 0.012620473, 0.03075295, 0.027507866, 0.01426967]",14.282325148582458,3.920751340687275,0.7969237661454827,0.7517013,0.20635535,0.041943356,5,7,7
68,Doherty,543,18,4,6981,1,[False],[0.8427834],[0.08443948],[0.072777115],0.8427833914756775,0.0844394788146019,0.07277711480855942,0.8427834,0.08443948,0.072777115,0,1,0
69,Cunha,541,18,187,11056,14,"[False, False, False, False, False, False, False, False, False, False, False, False, False, False, False, False, False, False, False]","[0.6402545, 0.60170466, 0.8981078, 0.76798385, 0.9127235, 0.49567446, 0.91454667, 0.8343854, 0.54543877, 0.6985946, 0.59885347, 0.8249718, 0.6215458, 0.9171885, 0.7720442, 0.84451425, 0.7957666, 0.7091319, 0.657756]","[0.355076, 0.35091057, 0.07102352, 0.22136314, 0.06926696, 0.48616725, 0.066158816, 0.14499864, 0.41633162, 0.29356888, 0.37871048, 0.14750749, 0.19347337, 0.07091853, 0.2121648, 0.14776245, 0.1693334, 0.2781525, 0.30219474]","[0.004669505, 0.047384795, 0.030868629, 0.010652957, 0.018009488, 0.018158296, 0.019294446, 0.020615892, 0.03822962, 0.007836463, 0.022436017, 0.027520627, 0.18498076, 0.011892947, 0.015791062, 0.007723284, 0.034899995, 0.012715611, 0.040049225]",14.051186710596085,4.375083141028881,0.5737296221777797,0.73953617,0.23026755,0.030196296,2,12,5
70,Strand Larsen,566,18,1043,415102,24,"[False, False, False, False, False, False, False, False, False, False, False, False, False, False, False, False, False, False]","[0.6477327, 0.91188264, 0.7259889, 0.86822504, 0.89723086, 0.88310164, 0.9367139, 0.85839933, 0.9187433, 0.92996854, 0.91151947, 0.90592754, 0.9276925, 0.93703246, 0.91188264, 0.91283894, 0.9217332, 0.86055803]","[0.34420633, 0.05667675, 0.14382918, 0.09694987, 0.073514186, 0.0878528, 0.038283642, 0.12502354, 0.046976507, 0.049665812, 0.062306833, 0.05838958, 0.057887208, 0.037612766, 0.05667675, 0.057731196, 0.057810288, 0.09806188]","[0.008060963, 0.031440616, 0.13018188, 0.034825135, 0.029254878, 0.029045604, 0.025002463, 0.016577147, 0.034280155, 0.02036574, 0.026173616, 0.03568289, 0.014420367, 0.025354767, 0.031440616, 0.029429855, 0.020456573, 0.04138001]",15.867171585559845,1.5494551248848438,0.5833732727915049,0.88150954,0.08608085,0.032409623,1,16,1
71,Guedes,548,18,18,8367,3,"[False, False, False]","[0.8427834, 0.6773434, 0.6465529]","[0.08443948, 0.1671577, 0.1948541]","[0.072777115, 0.15549886, 0.15859298]",2.1666797399520874,0.44645126909017563,0.3868689611554146,0.7222266,0.14881708,0.12895632,0,3,0
72,Toti,567,17,4,41,1,[False],[0.94609135],[0.044734538],[0.009174118],0.94609135389328,0.04473453760147095,0.00917411781847477,0.94609135,0.044734538,0.009174118,0,1,0
73,Doyle,544,17,6,970,0,[False],[0.80955607],[0.1859582],[0.004485747],0.8095560669898987,0.18595820665359497,0.004485746845602989,0.80955607,0.1859582,0.004485747,1,0,0
74,Aït-Nouri,533,17,654,392234,60,"[False, False, False, False, False, False, False, False, False, False, False, False, False, False, False, False, False, False, False, False]","[0.91846883, 0.54348516, 0.6073601, 0.5838407, 0.48326698, 0.5006108, 0.8382595, 0.5810527, 0.5406389, 0.6144898, 0.6970306, 0.70445526, 0.52182925, 0.8202289, 0.732292, 0.94732463, 0.7825096, 0.8738342, 0.7224988, 0.8455021]","[0.06928112, 0.44373012, 0.37834582, 0.3954585, 0.40564495, 0.28108478, 0.15143625, 0.37945002, 0.44962376, 0.36039838, 0.2992093, 0.29160678, 0.41067052, 0.1768451, 0.24038559, 0.04999663, 0.21017937, 0.1162979, 0.2643589, 0.14274265]","[0.012250046, 0.012784689, 0.014294074, 0.020700794, 0.11108811, 0.21830444, 0.010304191, 0.03949723, 0.009737251, 0.025111854, 0.0037601227, 0.0039379904, 0.06750023, 0.0029260067, 0.027322384, 0.0026786968, 0.007310999, 0.009867934, 0.013142322, 0.011755263]",13.858978897333145,5.516746453940868,0.6242746338248253,0.69294894,0.2758373,0.031213734,4,8,8
75,Semedo,559,17,27,14519,2,"[False, False, False, False]","[0.54307497, 0.6508203, 0.6554966, 0.5999228]","[0.41747665, 0.31505004, 0.3226373, 0.38415462]","[0.039448332, 0.034129582, 0.021866096, 0.01592263]",2.4493146538734436,1.439318597316742,0.1113666407763958,0.61232865,0.35982966,0.02784166,0,3,1
76,Doherty,543,17,0,70,0,[False],[0.5031499],[0.4070167],[0.08983334],0.5031499266624451,0.40701669454574585,0.0898333415389061,0.5031499,0.4070167,0.08983334,0,0,1
77,Cunha,541,17,1217,42214,146,"[False, False, False, False, False, False, False, False, False, False, False, False, False, False, False, False, False, False, False]","[0.8153451, 0.9084241, 0.95797557, 0.5061574, 0.90910983, 0.85159403, 0.9428726, 0.6346645, 0.78081065, 0.77128, 0.56636566, 0.9697664, 0.4980999, 0.78284407, 0.9458279, 0.53005224, 0.8420117, 0.7082408, 0.54307497]","[0.14610574, 0.07774877, 0.039098196, 0.4761749, 0.0726181, 0.14382058, 0.039132748, 0.3536815, 0.19646572, 0.22244515, 0.25826827, 0.027536947, 0.4815696, 0.16857304, 0.040718973, 0.43705344, 0.08510562, 0.28725716, 0.41747665]","[0.03854921, 0.0138270985, 0.002926236, 0.017667731, 0.018272098, 0.0045853555, 0.01799467, 0.011653984, 0.022723665, 0.0062748133, 0.17536613, 0.0026966983, 0.020330425, 0.04858281, 0.013453128, 0.03289426, 0.072882615, 0.004501985, 0.039448332]",14.464517325162888,3.9708510786294937,0.564631252316758,0.7612904,0.20899215,0.029717432,5,14,0
78,Strand Larsen,566,17,3,956,3,"[False, False, False, False, False, False, False]","[0.62245417, 0.90461206, 0.8890233, 0.8806746, 0.64777696, 0.953951, 0.5632219]","[0.36870435, 0.088661306, 0.093140304, 0.113998376, 0.33961684, 0.029031718, 0.39140937]","[0.008841506, 0.006726639, 0.017836357, 0.005327022, 0.0126062, 0.017017249, 0.045368787]",5.461713969707489,1.4245622549206018,0.11372375953942537,0.7802448,0.2035089,0.01624625,1,4,2
79,Guedes,548,17,7,55930,2,[False],[0.8452803],[0.086091146],[0.06862863],0.8452802896499634,0.08609114587306976,0.06862863153219223,0.8452803,0.086091146,0.06862863,0,1,0
80,Johnstone,204,16,0,139,0,[False],[0.6814281],[0.24279402],[0.07577788],0.681428074836731,0.24279402196407318,0.07577788084745407,0.6814281,0.24279402,0.07577788,0,1,0
81,Aït-Nouri,533,16,84,371937,17,"[False, False, False, False, False, False, False, False, False, False]","[0.9255306, 0.9498199, 0.7671347, 0.5872159, 0.92786425, 0.7887471, 0.9230799, 0.69893026, 0.61462176, 0.64114976]","[0.039791446, 0.04074097, 0.21036962, 0.4051335, 0.056651313, 0.20289946, 0.072739966, 0.2033432, 0.31565666, 0.34829146]","[0.03467796, 0.009439048, 0.022495698, 0.0076506464, 0.015484406, 0.008353566, 0.0041800635, 0.09772651, 0.06972157, 0.0105587775]",7.824094176292419,1.8956175707280636,0.28028824646025896,0.78240937,0.18956175,0.028028825,5,3,2
82,Cunha,541,16,97,62718,20,"[False, False, False, False, False, False, False, False, False, False, False, False, False, False, False, False, False, False, False]","[0.69420993, 0.75849646, 0.5276601, 0.87293684, 0.8486824, 0.92534816, 0.8105434, 0.9241403, 0.85931563, 0.6167801, 0.49678522, 0.917557, 0.81730044, 0.83505064, 0.6977859, 0.9482605, 0.787366, 0.9250122, 0.69393396]","[0.28828898, 0.21424147, 0.45631847, 0.078177534, 0.10379528, 0.07239956, 0.17521623, 0.06317524, 0.13152698, 0.26675695, 0.4841246, 0.05494972, 0.17662643, 0.15831049, 0.28059813, 0.037401274, 0.17710969, 0.051644366, 0.29138872]","[0.017501103, 0.027262105, 0.01602147, 0.04888557, 0.047522236, 0.0022522316, 0.014240423, 0.01268453, 0.009157387, 0.116462894, 0.019090114, 0.027493313, 0.0060731512, 0.0066389064, 0.021615967, 0.014338242, 0.035524316, 0.02334349, 0.014677367]",14.957165122032166,3.562050111591816,0.4807848141063005,0.7872192,0.18747632,0.025304463,1,15,3
83,Strand Larsen,566,16,119,123250,5,"[False, False, False, False, False, False, False, False]","[0.9161317, 0.9594424, 0.9237878, 0.9245425, 0.9545184, 0.8948641, 0.9412219, 0.753252]","[0.06956556, 0.029962102, 0.03915824, 0.042357925, 0.024769468, 0.06833894, 0.040763818, 0.20604782]","[0.014302795, 0.010595541, 0.037053954, 0.03309962, 0.0207122, 0.03679693, 0.018014342, 0.04070013]",7.267760694026947,0.520963866263628,0.21127551514655352,0.9084701,0.06512048,0.02640944,0,8,0
84,Gomes,553,16,0,9670,0,"[False, False, False, False, False, False]","[0.82944095, 0.679193, 0.7765884, 0.88454163, 0.73021984, 0.86884725]","[0.15479417, 0.3112032, 0.20639177, 0.108143486, 0.25553903, 0.10657223]","[0.01576487, 0.009603681, 0.01701985, 0.007314856, 0.0142410975, 0.024580538]",4.7688310742378235,1.1426438987255096,0.08852489199489355,0.7948052,0.19044065,0.014754149,0,6,0
85,Aït-Nouri,533,15,706,16468,34,"[False, False, False, False, False, False, False, False, False, False, False, False, False, False, False, False, False, False, False, False]","[0.54784495, 0.7905867, 0.53440326, 0.88452363, 0.92771095, 0.8175513, 0.53708285, 0.94666874, 0.717313, 0.7355442, 0.8983669, 0.88427204, 0.6576385, 0.5277461, 0.689032, 0.854247, 0.56161195, 0.4928668, 0.6328685, 0.8170871]","[0.44474903, 0.13074991, 0.43417567, 0.11303717, 0.06793236, 0.1073945, 0.39559928, 0.05164621, 0.17443614, 0.16165076, 0.09820186, 0.11241673, 0.32566088, 0.46444142, 0.30589694, 0.12671621, 0.32884386, 0.41532108, 0.28312448, 0.17308101]","[0.0074060247, 0.078663416, 0.031421058, 0.002439174, 0.004356766, 0.07505421, 0.06731782, 0.0016850294, 0.10825092, 0.10280506, 0.003431225, 0.0033112324, 0.016700594, 0.007812519, 0.0050710356, 0.019036809, 0.10954419, 0.09181207, 0.084006995, 0.009831946]",14.45496654510498,4.715075500309467,0.8299580996390432,0.7227484,0.23575377,0.0414979,11,6,3
86,Cunha,541,15,133,9791,21,"[False, False, False, False, False, False, False, False, False, False, False, False, False, False, False, False, False, False, False]","[0.50459653, 0.88084465, 0.60576457, 0.79413486, 0.90271497, 0.7703745, 0.8393566, 0.9213484, 0.8063046, 0.69745195, 0.795468, 0.83926624, 0.9043037, 0.9216046, 0.893851, 0.68064743, 0.7760377, 0.6235101, 0.6557029]","[0.4461618, 0.09755772, 0.31882575, 0.19790475, 0.0948247, 0.2230432, 0.15097009, 0.05496523, 0.18186608, 0.2955246, 0.19380005, 0.15344194, 0.071390696, 0.07596892, 0.09326842, 0.31239328, 0.21789008, 0.37147242, 0.18860175]","[0.04924169, 0.02159758, 0.0754097, 0.007960411, 0.0024603512, 0.00658233, 0.009673363, 0.023686476, 0.011829341, 0.0070234514, 0.010732039, 0.0072918455, 0.024305603, 0.0024265153, 0.01288065, 0.0069592744, 0.0060722753, 0.0050174147, 0.15569542]",14.813283205032349,3.7398714758455753,0.44684573728591204,0.7796464,0.19683534,0.0235182,3,14,2
87,Strand Larsen,566,15,213,173691,15,"[False, False, False, False, False, False, False, False, False, False, False, False, False, False, False, False]","[0.9043037, 0.60241306, 0.9514038, 0.95057094, 0.51042944, 0.9136468, 0.92132044, 0.93825096, 0.502046, 0.5244942, 0.9391905, 0.94104356, 0.80794287, 0.6663026, 0.91055936, 0.8839791]","[0.071390696, 0.39315587, 0.024349757, 0.038129948, 0.46504954, 0.08146084, 0.06350659, 0.044440504, 0.4246371, 0.44326574, 0.042071115, 0.048024517, 0.17536563, 0.2560738, 0.05369496, 0.08951532]","[0.024305603, 0.004431023, 0.024246396, 0.011299046, 0.02452104, 0.0048923763, 0.015172986, 0.017308569, 0.07331688, 0.032240115, 0.018738452, 0.010931891, 0.016691584, 0.077623576, 0.035745673, 0.026505554]",12.86789733171463,2.7141319289803505,0.4179707639850676,0.80424356,0.16963325,0.026123174,2,14,0
88,Gomes,553,15,0,320,0,[False],[0.65841776],[0.33187327],[0.009708884],0.6584177613258362,0.3318732678890228,0.009708884172141552,0.65841776,0.33187327,0.009708884,0,0,1
89,Dawson,542,15,9,1876,2,"[False, False]","[0.9432763, 0.84628254]","[0.042743433, 0.08615221]","[0.013980261, 0.06756521]",1.7895588278770447,0.12889564409852028,0.08154547121375799,0.89477944,0.06444782,0.040772736,0,2,0
90,André,642,15,18,2155,2,[False],[0.6301927],[0.33247954],[0.037327766],0.6301926970481873,0.3324795365333557,0.03732776641845703,0.6301927,0.33247954,0.037327766,0,1,0
91,Aït-Nouri,533,14,26,2071,3,"[False, False, False, False, False]","[0.5749306, 0.94142914, 0.8172745, 0.6467076, 0.6083182]","[0.40596142, 0.04994533, 0.17103426, 0.32292894, 0.37679532]","[0.019107966, 0.008625537, 0.011691196, 0.030363478, 0.014886416]",3.5886600613594055,1.3266652710735798,0.08467459212988615,0.7177321,0.26533306,0.016934918,0,3,2
92,Semedo,559,14,42,5798,0,"[False, False, False]","[0.7938174, 0.88521147, 0.8936289]","[0.14565396, 0.0942342, 0.08547598]","[0.060528647, 0.020554323, 0.02089509]",2.5726577639579773,0.3253641426563263,0.10197805985808372,0.8575526,0.10845471,0.03399269,1,2,0
93,Cunha,541,14,309,163225,56,"[False, False, False, False, False, False, False, False, False, False, False, False, False, False, False, False, False, False, False]","[0.83870965, 0.7658595, 0.8781213, 0.52823, 0.92787313, 0.92394465, 0.8593461, 0.7500719, 0.76053894, 0.72105056, 0.48012173, 0.5710166, 0.9632983, 0.93588877, 0.8012883, 0.51149386, 0.49861896, 0.50901324, 0.53336316]","[0.120770425, 0.22273311, 0.10258403, 0.28789943, 0.06974176, 0.0433929, 0.08881212, 0.23732461, 0.22019766, 0.26481947, 0.28793547, 0.3125991, 0.033918936, 0.053896423, 0.19178502, 0.46746582, 0.4824072, 0.4068511, 0.44538885]","[0.040519856, 0.011407463, 0.019294677, 0.18387058, 0.002385135, 0.03266246, 0.051841833, 0.012603595, 0.01926341, 0.014129916, 0.23194277, 0.11638427, 0.00278272, 0.010214779, 0.006926674, 0.02104036, 0.018973827, 0.08413573, 0.021247957]",13.757848680019379,4.340523462742567,0.9016280169598758,0.7240974,0.22844861,0.047454108,4,12,3
94,Strand Larsen,566,14,114,22477,11,"[False, False, False, False, False, False, False, False, False, False, False, False, False, False, False, False, False]","[0.59955794, 0.9561475, 0.9352521, 0.92518276, 0.7956657, 0.7186945, 0.6786928, 0.50806934, 0.6236554, 0.6598945, 0.9335403, 0.93552744, 0.94142914, 0.3529074, 0.8615584, 0.9199986, 0.7018071]","[0.38733998, 0.0250683, 0.06155964, 0.06831766, 0.20164144, 0.26636663, 0.24864542, 0.4501317, 0.33990136, 0.2406895, 0.047468722, 0.042332027, 0.04994533, 0.3473782, 0.1290345, 0.07077082, 0.2834762]","[0.013102023, 0.018784199, 0.0031882615, 0.006499579, 0.002692823, 0.014938805, 0.07266174, 0.04179894, 0.03644326, 0.099415936, 0.018991007, 0.022140542, 0.008625537, 0.2997144, 0.009407104, 0.009230582, 0.014716691]",13.047580808401108,3.2600674498826265,0.6923514199443161,0.76750475,0.19176868,0.040726554,7,8,2
95,José Sá,554,14,23,105,1,[False],[0.5710166],[0.3125991],[0.11638427],0.5710166096687317,0.3125990927219391,0.11638426780700684,0.5710166,0.3125991,0.11638427,0,1,0
96,André,642,14,4784,6378322,100,"[False, False, False, False, False, False]","[0.57793355, 0.9262001, 0.9659027, 0.81179506, 0.6800258, 0.8148735]","[0.2357458, 0.06712938, 0.031703472, 0.18425596, 0.3175916, 0.18270586]","[0.18632065, 0.0066704787, 0.0023938464, 0.0039489996, 0.0023825937, 0.0024206312]",4.776730716228485,1.0191320851445198,0.20413719723001122,0.79612184,0.16985534,0.034022864,4,1,1
97,Gomes,563,13,79,24032,11,"[False, False, False]","[0.91834545, 0.8434335, 0.8844658]","[0.06930206, 0.08837373, 0.059119705]","[0.012352579, 0.0681928, 0.056414433]",2.646244764328003,0.21679549291729927,0.13695981446653605,0.88208157,0.07226516,0.045653272,0,3,0
98,Aït-Nouri,533,13,113,374975,6,"[False, False, False, False]","[0.6169242, 0.91763973, 0.8148344, 0.96701616]","[0.36834088, 0.07957997, 0.15127613, 0.028605333]","[0.014734881, 0.0027802777, 0.03388942, 0.0043784766]",3.316414535045624,0.6278023105114698,0.05578305572271347,0.82910365,0.15695058,0.013945764,2,2,0
99,Cunha,541,13,1327,54645,150,"[False, False, False, False, False, False, False, False, False, False, False, False, False, False, False, False, False, False, False]","[0.60285044, 0.88322634, 0.84036386, 0.978277, 0.9314443, 0.55819595, 0.79043937, 0.5040341, 0.89048916, 0.8249522, 0.65478873, 0.6080508, 0.66834277, 0.6811277, 0.38803422, 0.8939358, 0.9696702, 0.8547471, 0.66805875]","[0.3870233, 0.111438185, 0.15503551, 0.019636568, 0.055826675, 0.41523167, 0.14782071, 0.32229897, 0.10228139, 0.16492547, 0.26348552, 0.31413168, 0.32099777, 0.3103721, 0.34652948, 0.09976285, 0.02829115, 0.13351037, 0.28541175]","[0.010126276, 0.00533554, 0.0046005733, 0.0020863856, 0.012728991, 0.026572412, 0.06174002, 0.17366692, 0.007229441, 0.010122332, 0.08172577, 0.07781755, 0.010659521, 0.008500165, 0.26543623, 0.0063013253, 0.0020387007, 0.0117425, 0.046529498]",14.191028833389282,3.9840111434459686,0.8249601561110467,0.74689627,0.2096848,0.043418955,9,8,2
100,Lemina,557,13,71,16731,9,[False],[0.8844658],[0.059119705],[0.056414433],0.8844658136367798,0.059119705110788345,0.05641443282365799,0.8844658,0.059119705,0.056414433,0,1,0
101,Strand Larsen,566,13,1,1797,1,"[False, False, False, False]","[0.9361003, 0.85608226, 0.5083112, 0.59572387]","[0.05122786, 0.13001785, 0.38114986, 0.28234082]","[0.012671766, 0.0138998935, 0.110538915, 0.1219353]",2.89621764421463,0.8447363898158073,0.2590458746999502,0.7240544,0.2111841,0.06476147,0,4,0
102,Gomes,553,13,79,24032,11,"[False, False, False]","[0.91834545, 0.8434335, 0.8844658]","[0.06930206, 0.08837373, 0.059119705]","[0.012352579, 0.0681928, 0.056414433]",2.646244764328003,0.21679549291729927,0.13695981446653605,0.88208157,0.07226516,0.045653272,0,3,0
103,André,642,13,75,17838,9,"[False, False, False]","[0.6689977, 0.8236188, 0.8844658]","[0.32563323, 0.15277138, 0.059119705]","[0.005369031, 0.023609752, 0.056414433]",2.377082347869873,0.5375243164598942,0.08539321552962065,0.7923608,0.17917478,0.028464407,1,2,0
104,Bueno,564,12,0,7372,0,"[False, False, False]","[0.61147755, 0.6039198, 0.69603217]","[0.37682158, 0.37391183, 0.29371834]","[0.011700827, 0.022168353, 0.010249467]",1.911429524421692,1.044451743364334,0.044118646532297134,0.6371432,0.34815058,0.014706216,0,1,2
105,Aït-Nouri,533,12,1158,153819,137,"[False, False, False, False, False, False, False, False, False, False, False, False, False, False, False, False, False, False, False, False]","[0.9265388, 0.62423694, 0.7265247, 0.6916896, 0.8069138, 0.48756173, 0.9159288, 0.8998089, 0.72798526, 0.68342215, 0.9445802, 0.57274973, 0.71900535, 0.861902, 0.89841336, 0.60731137, 0.9123659, 0.88953483, 0.67491496, 0.83862865]","[0.045079682, 0.19692089, 0.25506058, 0.2998166, 0.18523254, 0.4875542, 0.07672252, 0.060071614, 0.26073954, 0.29753754, 0.045176536, 0.423541, 0.26102465, 0.10060569, 0.08597766, 0.3656883, 0.062852405, 0.10672418, 0.1719836, 0.15702125]","[0.028381506, 0.17884219, 0.018414747, 0.008493804, 0.007853636, 0.024884097, 0.007348788, 0.040119506, 0.011275155, 0.019040283, 0.010243244, 0.0037092927, 0.01997, 0.037492305, 0.0156089505, 0.027000321, 0.02478169, 0.003740928, 0.1531014, 0.004350051]",15.410017043352127,3.9453309699892998,0.644651890732348,0.77050084,0.19726655,0.032232597,4,14,2
106,Sarabia,565,12,44,23344,9,"[False, False, False, False, False]","[0.8363411, 0.93265086, 0.63203907, 0.9286971, 0.9138885]","[0.15032227, 0.03786489, 0.35544348, 0.057697352, 0.07358389]","[0.013336643, 0.029484257, 0.012517536, 0.013605557, 0.012527587]",4.2436166405677795,0.6749118864536285,0.081471580080688,0.8487233,0.13498238,0.016294315,0,4,1
107,Semedo,559,12,45,16211,1,"[False, False, False]","[0.8363411, 0.7777548, 0.9286971]","[0.15032227, 0.2023074, 0.057697352]","[0.013336643, 0.019937862, 0.013605557]",2.5427929759025574,0.4103270284831524,0.046880061738193035,0.84759766,0.13677567,0.015626688,0,3,0
108,Cunha,541,12,854,37395,107,"[False, False, False, False, False, False, False, False, False, False, False, False, False, False, False, False, False, False, False]","[0.45502067, 0.92772025, 0.5888653, 0.5304617, 0.9672564, 0.9077368, 0.6994667, 0.9654371, 0.96773785, 0.5229851, 0.5051885, 0.72202724, 0.93581164, 0.65466225, 0.9072973, 0.8890345, 0.7972425, 0.9445802, 0.9544106]","[0.4403857, 0.053273946, 0.3999115, 0.4191871, 0.030488448, 0.049140543, 0.29737127, 0.030289205, 0.02434459, 0.3966517, 0.4613827, 0.27560294, 0.059500568, 0.33305252, 0.08197768, 0.10222, 0.13779795, 0.045176536, 0.030033626]","[0.10459369, 0.01900583, 0.011223198, 0.05035122, 0.002255109, 0.043122754, 0.0031620208, 0.0042737033, 0.0079176165, 0.080363244, 0.033428807, 0.0023698509, 0.004687752, 0.012285262, 0.010725014, 0.008745496, 0.06495954, 0.010243244, 0.015555733]",14.842942714691162,3.667788475751877,0.4892690817359835,0.7812075,0.19304147,0.025751004,6,12,1
109,Strand Larsen,566,12,244,54718,69,"[False, False, False, False, False, False, False, False, False, False, False, False, False, False]","[0.9506215, 0.5051885, 0.7689883, 0.8258671, 0.88262, 0.61605936, 0.7295437, 0.5708374, 0.6078764, 0.797167, 0.8242302, 0.888935, 0.53520703, 0.68253344]","[0.03280486, 0.4613827, 0.2139052, 0.12055976, 0.10561049, 0.21797523, 0.25907534, 0.29413486, 0.33043548, 0.16139619, 0.1636595, 0.10704075, 0.43200868, 0.31135795]","[0.016573645, 0.033428807, 0.017106546, 0.053573065, 0.011769494, 0.1659654, 0.011380981, 0.13502783, 0.061688058, 0.041436855, 0.012110235, 0.004024231, 0.032784276, 0.006108552]",10.185674965381622,3.2113469764590263,0.6029779631644487,0.7275481,0.22938193,0.043069858,3,8,3
110,Gomes,553,12,0,320,0,[False],[0.6186236],[0.36844414],[0.012932164],0.6186236143112183,0.36844414472579956,0.012932163663208485,0.6186236,0.36844414,0.012932164,0,0,1
111,Toti,567,11,21,8432,17,[False],[0.66671294],[0.31687123],[0.016415888],0.6667129397392273,0.3168712258338928,0.01641588844358921,0.66671294,0.31687123,0.016415888,0,1,0
112,Doyle,544,11,5,24362,0,[False],[0.92658937],[0.06966561],[0.0037450322],0.9265893697738647,0.06966561079025269,0.0037450322415679693,0.92658937,0.06966561,0.0037450322,0,1,0
113,Aït-Nouri,533,11,414,128953,64,"[False, False, False, False, False, False, False, False, False, False, False, False, False, False, False, False, False, False, False, False]","[0.8648561, 0.8916036, 0.7148195, 0.7466767, 0.66671294, 0.59333944, 0.90125, 0.54178077, 0.84669226, 0.90820557, 0.7209001, 0.87597007, 0.9318569, 0.6051731, 0.60312176, 0.95465285, 0.87169546, 0.9217507, 0.7373115, 0.8890588]","[0.13153821, 0.09665983, 0.2518964, 0.23930034, 0.31687123, 0.38456672, 0.06692376, 0.43987212, 0.1286664, 0.047716446, 0.2582148, 0.1107161, 0.040697716, 0.34911603, 0.37219915, 0.033420388, 0.064295426, 0.060717348, 0.13424239, 0.067918025]","[0.0036057034, 0.011736617, 0.033284124, 0.014022956, 0.016415888, 0.02209383, 0.031826198, 0.01834704, 0.024641318, 0.04407805, 0.020885091, 0.0133138355, 0.027445506, 0.045710824, 0.02467908, 0.011926743, 0.06400907, 0.017532026, 0.12844616, 0.04302323]",15.787428140640259,3.5955488309264183,0.6170232915319502,0.78937143,0.17977744,0.030851165,4,15,1
114,Sarabia,565,11,16,14629,3,"[False, False, False]","[0.772985, 0.8518003, 0.55444425]","[0.17645425, 0.10086995, 0.24782327]","[0.050560795, 0.047329664, 0.1977325]",2.1792295575141907,0.5251474678516388,0.29562295228242874,0.72640985,0.17504914,0.098540984,0,3,0
115,Semedo,559,11,28,16192,19,"[False, False, False]","[0.66671294, 0.7987244, 0.8518003]","[0.31687123, 0.19051015, 0.10086995]","[0.016415888, 0.010765394, 0.047329664]",2.317237675189972,0.6082513332366943,0.07451094686985016,0.7724126,0.20275044,0.024836982,0,3,0
116,Cunha,541,11,2891,6488417,157,"[False, False, False, False, False, False, False, False, False, False, False, False, False, False, False, False, False, False, False]","[0.84027433, 0.6688253, 0.9024341, 0.9102445, 0.89082396, 0.7652354, 0.8818323, 0.52176094, 0.7357234, 0.73267144, 0.9463123, 0.81665814, 0.5419689, 0.93451476, 0.921419, 0.66932476, 0.94856244, 0.63758814, 0.9334279]","[0.115370736, 0.2847275, 0.0917147, 0.049036175, 0.08315949, 0.22422446, 0.098289, 0.45597434, 0.20546436, 0.26061448, 0.051641203, 0.1756895, 0.36280137, 0.06052008, 0.049206614, 0.31113404, 0.032488618, 0.3560297, 0.06019258]","[0.044354953, 0.046447113, 0.005851156, 0.04071935, 0.026016535, 0.010540135, 0.01987865, 0.022264747, 0.058812287, 0.0067140446, 0.0020464996, 0.007652319, 0.095229775, 0.0049651773, 0.029374264, 0.019541167, 0.018948961, 0.006382135, 0.0063794963]",15.19960206747055,3.3282789699733257,0.4721187639515847,0.79997903,0.17517258,0.024848357,4,13,2
117,Lemina,557,11,0,320,0,[False],[0.8237836],[0.17061551],[0.0056008482],0.8237835764884949,0.17061550915241241,0.005600848235189915,0.8237836,0.17061551,0.0056008482,0,1,0
118,Strand Larsen,566,11,302,298473,28,"[False, False, False, False, False, False, False, False, False, False, False, False, False, False, False, False, False, False, False, False]","[0.914651, 0.50739545, 0.54859006, 0.6036914, 0.6442449, 0.90125, 0.8300661, 0.5833478, 0.87597007, 0.4526191, 0.8495614, 0.9217507, 0.5713505, 0.9318569, 0.78169215, 0.9510668, 0.9569413, 0.60312176, 0.58043575, 0.91209024]","[0.06429064, 0.48405504, 0.4420828, 0.38450328, 0.26655987, 0.06692376, 0.1641565, 0.34498316, 0.1107161, 0.40541652, 0.14267038, 0.060717348, 0.37794816, 0.040697716, 0.21518695, 0.045108628, 0.029244056, 0.37219915, 0.4170239, 0.08548965]","[0.021058349, 0.0085495245, 0.009327178, 0.0118053565, 0.089195214, 0.031826198, 0.005777416, 0.07166905, 0.0133138355, 0.14196439, 0.0077682934, 0.017532026, 0.050701313, 0.027445506, 0.0031209127, 0.0038245595, 0.013814692, 0.02467908, 0.002540348, 0.002420101]",14.921693354845047,4.519973596557975,0.558333344059065,0.7460847,0.22599867,0.027916666,7,10,3
119,Gomes,553,11,9,5501,1,"[False, False]","[0.8731862, 0.55444425]","[0.122096926, 0.24782327]","[0.0047169593, 0.1977325]",1.4276304244995117,0.36992019414901733,0.2024494525976479,0.7138152,0.1849601,0.10122473,0,2,0
120,Dawson,542,11,0,671,0,[False],[0.91105086],[0.061912186],[0.027036997],0.9110508561134338,0.061912186443805695,0.0270369965583086,0.91105086,0.061912186,0.027036997,0,1,0
121,Toti,567,10,24,16732,4,[False],[0.5476445],[0.43366772],[0.018687787],0.5476444959640503,0.43366771936416626,0.018687786534428596,0.5476445,0.43366772,0.018687787,0,1,0
122,Doyle,544,10,3,536,1,[False],[0.9047354],[0.08485201],[0.010412586],0.9047353863716125,0.08485201001167297,0.01041258592158556,0.9047354,0.08485201,0.010412586,0,0,1
123,Aït-Nouri,533,10,796,127446,95,"[False, False, False, False, False, False, False, False, False, False, False, False, False, False, False, False, False, False, False, False]","[0.64647305, 0.8024984, 0.8922915, 0.78553987, 0.88640153, 0.6744727, 0.8337125, 0.9513904, 0.73624337, 0.847243, 0.89065915, 0.73397875, 0.88615423, 0.907329, 0.5980956, 0.903844, 0.51727927, 0.7159078, 0.6380701, 0.54833513]","[0.32065022, 0.15191346, 0.067719944, 0.12624305, 0.082623474, 0.31469125, 0.15927467, 0.037003703, 0.24069536, 0.13946603, 0.10713651, 0.24293849, 0.05809862, 0.08590091, 0.38242874, 0.0802355, 0.456113, 0.2608899, 0.35229486, 0.4121736]","[0.032876737, 0.04558815, 0.039988566, 0.08821707, 0.030974984, 0.010836047, 0.0070127877, 0.011605886, 0.02306136, 0.013291018, 0.0022043467, 0.023082783, 0.05574717, 0.006770029, 0.019475698, 0.015920553, 0.02660767, 0.023202369, 0.009634998, 0.039491244]",15.395919382572174,4.078491292893887,0.5255894700530916,0.769796,0.20392458,0.026279474,3,10,7
124,Semedo,559,10,24,16732,4,[False],[0.5476445],[0.43366772],[0.018687787],0.5476444959640503,0.43366771936416626,0.018687786534428596,0.5476445,0.43366772,0.018687787,0,1,0
125,Cunha,541,10,1427,243521,213,"[False, False, False, False, False, False, False, False, False, False, False, False, False, False, False, False, False, False, False]","[0.65874976, 0.93886197, 0.8197087, 0.5887897, 0.73621666, 0.7051333, 0.8849469, 0.92288923, 0.8261833, 0.49481496, 0.70844424, 0.9100654, 0.62605083, 0.97652435, 0.8891644, 0.5445769, 0.9403893, 0.93779844, 0.60105485]","[0.21363659, 0.0416825, 0.16406018, 0.40563956, 0.25786197, 0.18563253, 0.10519284, 0.07352035, 0.13672094, 0.32110885, 0.20091133, 0.0866974, 0.3491246, 0.020876013, 0.10235011, 0.23878631, 0.04239602, 0.05145697, 0.32012585]","[0.12761374, 0.01945547, 0.016231038, 0.005570682, 0.0059213224, 0.109234184, 0.009860336, 0.0035904474, 0.037095718, 0.18407625, 0.09064449, 0.003237192, 0.024824522, 0.0025996666, 0.008485566, 0.2166368, 0.017214717, 0.010744572, 0.0788193]",14.710363179445267,3.3177809081971645,0.9718560192268342,0.7742297,0.17462005,0.051150315,4,15,0
126,Lemina,557,10,0,34340,0,[False],[0.93345714],[0.045635335],[0.02090742],0.9334571361541748,0.04563533514738083,0.02090742066502571,0.93345714,0.045635335,0.02090742,0,1,0
127,Gomes,553,10,24,16732,4,[False],[0.5476445],[0.43366772],[0.018687787],0.5476444959640503,0.43366771936416626,0.018687786534428596,0.5476445,0.43366772,0.018687787,0,1,0
128,Dawson,542,10,0,373,0,[False],[0.8498279],[0.0842887],[0.065883294],0.8498278856277466,0.08428870141506195,0.06588329374790192,0.8498279,0.0842887,0.065883294,0,1,0
