,Unnamed: 0,Player,fpl_id,GW,Likes,Followers,Comments,Verified,Positive,Neutral,Negative,Positive Sum,Neutral Sum,Negative Sum,Positive Mean,Neutral Mean,Negative Mean,Positive Majority,Neutral Majority,Negative Majority
0,0,Aït-Nouri,545,9,3,8616,0,"[False, False, False]","[0.52379894, 0.8340701, 0.8822452]","[0.46638364, 0.1396014, 0.09366125]","[0.00981742, 0.026328571, 0.024093531]",2.240114212036133,0.6996462792158127,0.0602395217865705,0.74670476,0.23321544,0.020079842,0,2,1
1,1,Neto,567,9,5928,13116924,200,"[False, False, False, False, False, False, False, False, False, False, False, False, False, False, False, False, False, False, False]","[0.51023746, 0.86046684, 0.85449934, 0.8223113, 0.78062916, 0.63228536, 0.90806127, 0.94285166, 0.84924805, 0.90609366, 0.87096834, 0.7066596, 0.9283037, 0.96857387, 0.7397083, 0.8708104, 0.88671786, 0.91019726, 0.9159221]","[0.48401588, 0.13557252, 0.13442245, 0.1527026, 0.21419102, 0.22788519, 0.068941124, 0.037194066, 0.13537388, 0.057465527, 0.12326803, 0.28765726, 0.051472288, 0.028891137, 0.25463247, 0.11926152, 0.09498733, 0.08252414, 0.060047645]","[0.0057466836, 0.0039606337, 0.011078218, 0.024986101, 0.0051798373, 0.13982946, 0.022997646, 0.01995427, 0.015378115, 0.03644085, 0.0057635824, 0.00568308, 0.020223953, 0.0025349688, 0.005659229, 0.00992807, 0.018294828, 0.007278717, 0.024030296]",15.86454552412033,2.750506082549691,0.384948534425348,0.8349761,0.14476348,0.020260448,7,12,0
2,2,Semedo,572,9,3,8894,1,"[False, False, False, False]","[0.8350035, 0.7598069, 0.79943806, 0.60864323]","[0.15953693, 0.22961554, 0.18398394, 0.3821662]","[0.005459541, 0.010577674, 0.01657799, 0.009190587]",3.0028916597366333,0.9553026109933852,0.0418057930655777,0.75072294,0.23882565,0.010451449,0,2,2
3,3,Lemina,565,9,0,35902,0,"[False, False]","[0.7115177, 0.94403815]","[0.276239, 0.04056571]","[0.012243249, 0.015396098]",1.6555558443069458,0.3168047182261944,0.02763934712857,0.8277779,0.15840235,0.013819674,0,2,0
4,4,Gomes,559,9,121,561623,1,"[False, False, False, False, False, False]","[0.5801139, 0.8201026, 0.68575037, 0.563305, 0.8593037, 0.9416762]","[0.41228244, 0.16647586, 0.3080831, 0.42657185, 0.08049118, 0.03515146]","[0.0076037394, 0.013421505, 0.0061665494, 0.0101231225, 0.06020511, 0.023172325]",4.450251758098602,1.4290558695793152,0.1206923499703407,0.7417087,0.23817599,0.020115392,0,4,2
5,5,Hee Chan,557,9,8,132680,7,"[False, False, False, False, False]","[0.8396115, 0.66860664, 0.92170036, 0.6105753, 0.9256225]","[0.11457195, 0.32664597, 0.0682354, 0.3874159, 0.06304736]","[0.045816537, 0.004747411, 0.010064243, 0.0020087713, 0.0113300765]",3.9661163091659546,0.9599165618419648,0.0739670388866216,0.7932232,0.19198331,0.014793408,1,4,0
6,6,Neto,567,8,6986,19746339,242,"[False, False, False, False, False, False, False, False, False, False, False, False, False, False, False, False, False, False, False]","[0.95286596, 0.87001824, 0.8758678, 0.5244601, 0.8981928, 0.90124196, 0.88419366, 0.53665906, 0.9626281, 0.7617065, 0.94614387, 0.96285, 0.8740584, 0.89315003, 0.9261371, 0.9400744, 0.6105482, 0.47246572, 0.95295095]","[0.027464608, 0.12059998, 0.09647055, 0.4691814, 0.09820289, 0.089490026, 0.0803311, 0.4431877, 0.035124246, 0.2257556, 0.032512315, 0.019020513, 0.10296887, 0.081511356, 0.042028338, 0.038255557, 0.3583513, 0.31508988, 0.025310284]","[0.019669466, 0.009381799, 0.02766169, 0.0063585676, 0.0036043446, 0.009267961, 0.035475183, 0.020153275, 0.002247594, 0.012537906, 0.021343874, 0.018129507, 0.0229727, 0.025338564, 0.03183455, 0.021670004, 0.03110053, 0.21244448, 0.021738749]",15.74621281027794,2.700856510549784,0.5529307483229786,0.828748,0.14215036,0.029101623,3,14,2
7,7,Neto,567,7,3498,13277791,107,"[False, False, False, False, False, False, False, False, False, False, False, False, False, False, False, False, False, False, False]","[0.91189, 0.918888, 0.7913899, 0.89213794, 0.92298293, 0.9595507, 0.9448644, 0.7409864, 0.55173904, 0.934328, 0.42085162, 0.90374315, 0.918888, 0.6807195, 0.9338042, 0.8027985, 0.7586797, 0.4930589, 0.9428263]","[0.074473605, 0.069282554, 0.19911633, 0.08381065, 0.046436317, 0.038760517, 0.035795197, 0.2527225, 0.4289558, 0.06323882, 0.38575578, 0.08082252, 0.069282554, 0.31392303, 0.052684933, 0.16608903, 0.22018395, 0.3292511, 0.045231126]","[0.013636429, 0.011829557, 0.00949369, 0.024051398, 0.030580794, 0.001688838, 0.01934033, 0.0062910574, 0.019305164, 0.0024331654, 0.1933926, 0.015434385, 0.011829557, 0.00535744, 0.013510806, 0.031112427, 0.021136362, 0.17769007, 0.011942658]",15.424127042293549,2.955816324800253,0.6200567367486656,0.8117961,0.15556927,0.032634567,6,11,2
8,8,Kilman,563,7,3,9458,7,[False],[0.81420124],[0.16028509],[0.025513642],0.8142012357711792,0.160285085439682,0.0255136415362358,0.81420124,0.16028509,0.025513642,0,0,1
9,9,Doherty,598,7,4,15000,0,[False],[0.92139876],[0.05841798],[0.020183187],0.9213987588882446,0.0584179796278476,0.0201831869781017,0.92139876,0.05841798,0.020183187,0,1,0
10,10,Gomes,559,7,5,8127,0,"[False, False, False]","[0.5801139, 0.6323694, 0.68575037]","[0.41228244, 0.3535896, 0.3080831]","[0.0076037394, 0.014040998, 0.0061665494]",1.898233652114868,1.0739551186561584,0.027811286970973,0.63274455,0.35798502,0.009270429,0,2,1
11,11,Bellegarde,715,7,0,1563,0,[False],[0.88230294],[0.09727367],[0.020423383],0.8823029398918152,0.0972736701369285,0.0204233825206756,0.88230294,0.09727367,0.020423383,0,1,0
12,12,Neto,567,6,357,472602,35,"[False, False, False, False, False, False, False, False, False, False, False, False, False, False, False, False, False, False, False]","[0.9335354, 0.9194045, 0.821724, 0.79953, 0.4808226, 0.5940403, 0.5954914, 0.93743384, 0.93545413, 0.80776525, 0.61287594, 0.8843922, 0.7116604, 0.9809255, 0.86677045, 0.88169986, 0.9422224, 0.6873776, 0.9213809]","[0.05351809, 0.058796845, 0.15746915, 0.15780282, 0.46490547, 0.30447957, 0.3984582, 0.03771741, 0.05141669, 0.18845087, 0.34623778, 0.109507434, 0.24887528, 0.016319962, 0.12199051, 0.11353148, 0.035451543, 0.17027734, 0.06277918]","[0.012946537, 0.021798683, 0.020806883, 0.04266716, 0.05427191, 0.1014801, 0.0060503464, 0.024848834, 0.013129237, 0.0037838798, 0.040886294, 0.0061003766, 0.039464306, 0.0027546003, 0.011238944, 0.0047687087, 0.02232612, 0.14234507, 0.015839934]",15.314506620168686,3.097985638305545,0.5875079222023487,0.8060267,0.16305189,0.030921469,2,17,0
13,13,Semedo,572,6,3,1937,0,[False],[0.87229425],[0.10740107],[0.020304656],0.8722942471504211,0.1074010729789733,0.0203046556562185,0.87229425,0.10740107,0.020304656,0,1,0
14,14,Cunha,590,6,1,2,0,[False],[0.7324719],[0.23976202],[0.027766082],0.7324718832969666,0.2397620230913162,0.0277660824358463,0.7324719,0.23976202,0.027766082,0,1,0
15,15,Neto,567,5,28,201999,2,"[False, False, False, False, False, False]","[0.5414359, 0.92971724, 0.8950832, 0.8570777, 0.75561446, 0.9479781]","[0.45265573, 0.06132758, 0.08930999, 0.13269067, 0.24174422, 0.028052634]","[0.0059083337, 0.0089550875, 0.015606827, 0.010231565, 0.0026413188, 0.023969255]",4.926906585693359,1.0057808253914118,0.0673123872838914,0.8211511,0.16763014,0.011218731,2,4,0
16,16,Cunha,590,5,14,101785,2,"[False, False, False]","[0.8909471, 0.9205778, 0.9070134]","[0.096882656, 0.07185565, 0.054367855]","[0.012170267, 0.00756659, 0.038618732]",2.7185383439064026,0.2231061607599258,0.0583555893972516,0.9061794,0.07436872,0.019451862,0,3,0
17,17,Lemina,565,5,1,30,0,[False],[0.5458585],[0.4503559],[0.003785581],0.5458585023880005,0.4503558874130249,0.0037855810951441,0.5458585,0.4503559,0.003785581,1,0,0
18,18,Gomes,559,5,1,30,0,[False],[0.5458585],[0.4503559],[0.003785581],0.5458585023880005,0.4503558874130249,0.0037855810951441,0.5458585,0.4503559,0.003785581,1,0,0
19,19,Hee Chan,557,5,1210,6803510,29,"[False, False, False, False, False, False, False, False, False, False, False, False, False, False, False, False, False]","[0.896437, 0.9352715, 0.95639116, 0.9175335, 0.9591786, 0.9119695, 0.88932407, 0.94259804, 0.9443756, 0.9090576, 0.9277659, 0.896437, 0.8708782, 0.90955555, 0.9203043, 0.9304075, 0.9379494]","[0.07256892, 0.059268437, 0.024254961, 0.052384302, 0.020782666, 0.04759261, 0.07933893, 0.035729676, 0.050793517, 0.046342522, 0.043011967, 0.07256892, 0.122507215, 0.04554861, 0.07079871, 0.03888829, 0.03228522]","[0.030994039, 0.005460064, 0.019353846, 0.030082168, 0.020038737, 0.040437903, 0.031337015, 0.021672176, 0.004830888, 0.044599846, 0.029222082, 0.030994039, 0.006614556, 0.044895764, 0.008896918, 0.03070427, 0.029765273]",15.655434489250185,0.9146654829382896,0.4298995845019817,0.9209079,0.05380385,0.025288211,0,17,0
20,20,Fábio Silva,552,5,2,1072,0,[False],[0.72019845],[0.26440737],[0.0153941605],0.7201984524726868,0.2644073665142059,0.0153941605240106,0.72019845,0.26440737,0.0153941605,1,0,0
21,21,Nunes,566,4,55,257997,4,"[False, False, False, False, False, False, False, False, False, False, False, False, False]","[0.8918937, 0.9414911, 0.85558224, 0.5301508, 0.83421654, 0.66891843, 0.8961156, 0.91761434, 0.9418128, 0.9424912, 0.7705133, 0.71381915, 0.9175822]","[0.09370246, 0.05416156, 0.13831802, 0.44461364, 0.152617, 0.22864446, 0.09463582, 0.04766326, 0.053237867, 0.05161348, 0.21891467, 0.25948676, 0.0767819]","[0.014403833, 0.004347266, 0.0060997354, 0.025235612, 0.013166515, 0.10243718, 0.009248621, 0.03472245, 0.0049493583, 0.005895257, 0.010572085, 0.02669403, 0.0056358823]",10.822201371192932,1.9143908880651,0.2634078292176127,0.83247715,0.14726083,0.020262143,2,8,3
22,22,Toti,573,3,12,16728,2,[False],[0.8557786],[0.12505743],[0.019163951],0.8557785749435425,0.1250574290752411,0.0191639512777328,0.8557786,0.12505743,0.019163951,0,1,0
23,23,Neto,567,3,1,531,0,[False],[0.7780847],[0.19733807],[0.024577271],0.7780846953392029,0.1973380744457245,0.0245772711932659,0.7780847,0.19733807,0.024577271,0,1,0
24,24,Cunha,590,3,1,3181,1,"[False, False]","[0.89914036, 0.73852]","[0.09529686, 0.2571627]","[0.0055628633, 0.0043173437]",1.6376603841781616,0.3524595499038696,0.0098802070133388,0.8188302,0.17622977,0.0049401037,0,2,0
25,25,Nunes,566,3,117,187731,10,"[False, False, False, False, False, False, False]","[0.7890031, 0.92815495, 0.94440365, 0.8557786, 0.96460354, 0.54597837, 0.6429858]","[0.12549482, 0.05759953, 0.04710862, 0.12505743, 0.026675181, 0.42801788, 0.35158747]","[0.08550216, 0.014245505, 0.008487807, 0.019163951, 0.008721242, 0.026003722, 0.0054266267]",5.670907974243164,1.1615409422665834,0.1675510164350271,0.8101297,0.16593443,0.023935858,0,7,0
26,26,Gomes,559,3,20,11887,3,"[False, False]","[0.9501885, 0.6344164]","[0.03253165, 0.35420382]","[0.01727992, 0.011379733]",1.5846049189567566,0.3867354691028595,0.0286596519872546,0.7923025,0.19336773,0.014329826,1,1,0
27,27,Jonny,560,3,3,2741,1,"[False, False]","[0.8035822, 0.6540229]","[0.19150348, 0.34030092]","[0.004914396, 0.005676242]",1.457605063915253,0.5318043977022171,0.0105906380340456,0.72880256,0.2659022,0.005295319,0,2,0
28,28,Bueno,548,3,0,153,0,[False],[0.7683329],[0.21672074],[0.014946344],0.7683328986167908,0.2167207449674606,0.0149463443085551,0.7683329,0.21672074,0.014946344,0,0,1
29,29,Bentley,546,3,0,1697,1,[False],[0.8035822],[0.19150348],[0.004914396],0.8035821914672852,0.1915034800767898,0.0049143959768116,0.8035822,0.19150348,0.004914396,0,1,0
30,30,Aït-Nouri,545,38,4,2768,2,"[False, False, False, False]","[0.58496314, 0.9623413, 0.63663274, 0.78148526]","[0.39561614, 0.021777617, 0.33217534, 0.19653234]","[0.019420622, 0.01588104, 0.031191938, 0.021982344]",2.9654224514961243,0.9461014438420534,0.0884759426116943,0.7413556,0.23652536,0.022118986,0,3,1
31,31,Sarabia,570,38,53,403316,7,"[False, False, False, False, False, False, False, False]","[0.9406975, 0.55272126, 0.66566586, 0.77568626, 0.71818805, 0.7177903, 0.8933003, 0.9053358]","[0.042313132, 0.43130428, 0.30730215, 0.20441636, 0.2612827, 0.25360402, 0.08703205, 0.07528708]","[0.016989322, 0.015974456, 0.027031992, 0.019897345, 0.020529317, 0.028605677, 0.019667668, 0.01937709]",6.169385313987732,1.662541788071394,0.1680728681385517,0.7711731,0.20781773,0.021009108,0,8,0
32,32,Cunha,590,38,52,11279,6,"[False, False, False]","[0.6861104, 0.86795527, 0.5516816]","[0.22342998, 0.11484604, 0.358742]","[0.09045969, 0.017198676, 0.08957645]",2.10574722290039,0.6970180198550224,0.1972348187118768,0.70191574,0.23233934,0.06574494,0,3,0
33,33,Gomes,559,38,34,401836,6,"[False, False, False, False, False, False]","[0.5782212, 0.5244167, 0.8787777, 0.62347347, 0.73587734, 0.9301828]","[0.40888697, 0.45872718, 0.07020287, 0.3657029, 0.24951877, 0.045017302]","[0.012891877, 0.016856125, 0.051019512, 0.010823623, 0.014603905, 0.0247999]",4.270949184894562,1.5980559885501862,0.1309949429705739,0.71182483,0.26634267,0.02183249,0,4,2
34,34,Hee Chan,557,38,0,10112,0,[False],[0.892603],[0.083379336],[0.024017656],0.8926029801368713,0.0833793357014656,0.0240176562219858,0.892603,0.083379336,0.024017656,0,1,0
35,35,Bueno,697,37,0,34340,0,[False],[0.9257308],[0.056268375],[0.018000782],0.92573082447052,0.0562683753669261,0.0180007815361022,0.9257308,0.056268375,0.018000782,0,1,0
36,36,Aït-Nouri,545,37,2,5128,8,"[False, False, False, False, False, False, False]","[0.9035016, 0.8303361, 0.68141407, 0.44076344, 0.93076664, 0.7158599, 0.5153572]","[0.069171414, 0.13914901, 0.2806524, 0.40882647, 0.05541979, 0.2779085, 0.46065322]","[0.027327001, 0.030514881, 0.037933532, 0.15041003, 0.013813617, 0.0062316335, 0.023989568]",5.017998903989792,1.6917808093130589,0.2902202582918107,0.71685696,0.24168298,0.041460037,0,5,2
37,37,Kilman,563,37,1,3980,0,[False],[0.89787036],[0.09464626],[0.007483466],0.8978703618049622,0.0946462601423263,0.0074834660626947,0.89787036,0.09464626,0.007483466,0,0,1
38,38,Cunha,590,37,1,330,0,[False],[0.8355385],[0.15453155],[0.0099298945],0.8355385065078735,0.1545315533876419,0.0099298944696784,0.8355385,0.15453155,0.0099298945,0,1,0
39,39,Lemina,565,37,0,34340,1,[False],[0.9116151],[0.0791385],[0.009246423],0.9116150736808776,0.0791385024785995,0.0092464229092001,0.9116151,0.0791385,0.009246423,0,1,0
40,40,Bellegarde,715,37,0,34340,0,[False],[0.9479903],[0.029561395],[0.022448232],0.9479902982711792,0.0295613948255777,0.022448232397437,0.9479903,0.029561395,0.022448232,0,1,0
41,41,Bueno,548,37,0,34340,0,[False],[0.9257308],[0.056268375],[0.018000782],0.92573082447052,0.0562683753669261,0.0180007815361022,0.9257308,0.056268375,0.018000782,0,1,0
42,42,Toti,573,36,0,1563,0,[False],[0.8661004],[0.124267206],[0.009632472],0.8661003708839417,0.1242672055959701,0.009632471948862,0.8661004,0.124267206,0.009632472,0,1,0
43,43,Aït-Nouri,545,36,62,177373,4,"[False, False, False]","[0.8257356, 0.85902363, 0.8710671]","[0.15543929, 0.13395019, 0.112918]","[0.018825047, 0.00702622, 0.016014908]",2.5558263659477234,0.4023074731230736,0.0418661744333803,0.8519421,0.1341025,0.013955392,0,2,1
44,44,Cunha,590,36,2,5183,0,"[False, False, False, False]","[0.9444173, 0.9388929, 0.8733909, 0.47423548]","[0.038858958, 0.030622914, 0.119866535, 0.4477945]","[0.016723806, 0.030484138, 0.0067425887, 0.077970035]",3.230936586856842,0.6371429041028023,0.1319205681793391,0.80773413,0.15928572,0.032980144,0,4,0
45,45,Gomes,559,36,1,34340,0,[False],[0.93166226],[0.04635735],[0.02198034],0.9316622614860536,0.0463573485612869,0.0219803396612405,0.93166226,0.04635735,0.02198034,0,1,0
46,46,Toti,573,35,0,309,0,[False],[0.89733493],[0.0917579],[0.010907154],0.8973349332809448,0.0917579010128974,0.0109071535989642,0.89733493,0.0917579,0.010907154,0,0,1
47,47,Doyle,351,35,30,359314,0,"[False, False, False]","[0.64782786, 0.65258175, 0.96269536]","[0.32483342, 0.3391594, 0.031255156]","[0.027338684, 0.008258812, 0.006049443]",2.2631049752235413,0.6952479779720306,0.0416469387710094,0.7543683,0.23174934,0.013882313,1,2,0
48,48,Bueno,697,35,0,39361,1,"[False, False, False]","[0.5804306, 0.6452904, 0.90374595]","[0.40626776, 0.3424185, 0.07018095]","[0.013301611, 0.012291182, 0.026073033]",2.129466950893402,0.8188672065734863,0.0516658257693052,0.70982236,0.27295575,0.017221943,0,2,1
49,49,Aït-Nouri,545,35,300,417562,39,"[False, False, False, False, False, False, False, False, False, False, False, False, False, False, False, False, False, False, False, False]","[0.7625097, 0.7150274, 0.72936153, 0.70335495, 0.9510113, 0.5678251, 0.73150206, 0.76455617, 0.9229592, 0.90913856, 0.9347134, 0.93908936, 0.7087622, 0.8930778, 0.8711674, 0.7745934, 0.94583696, 0.93206996, 0.7746252, 0.9162103]","[0.23119193, 0.24496244, 0.26420018, 0.2909213, 0.045804854, 0.289725, 0.25133187, 0.180063, 0.07231631, 0.08628136, 0.06320375, 0.04442021, 0.28576684, 0.077573165, 0.108904056, 0.21265253, 0.04897323, 0.051848706, 0.21241915, 0.077573396]","[0.0062983804, 0.04001013, 0.006438293, 0.0057237186, 0.0031839246, 0.14244995, 0.017166004, 0.05538086, 0.004724451, 0.004580089, 0.0020828308, 0.016490405, 0.0054709464, 0.029348971, 0.019928498, 0.012754052, 0.005189797, 0.01608134, 0.01295569, 0.006216261]",16.447391986846924,3.140133284032345,0.412474584300071,0.8223696,0.15700667,0.02062373,4,13,3
50,50,Sarabia,570,35,249,244970,33,"[False, False, False, False, False, False, False, False, False, False, False, False, False, False, False]","[0.8725316, 0.7625097, 0.8026441, 0.7019284, 0.93908936, 0.90913856, 0.9347134, 0.59342426, 0.7087622, 0.74758667, 0.92816126, 0.49021068, 0.47641405, 0.9162103, 0.58353835]","[0.11635402, 0.23119193, 0.18753272, 0.27246618, 0.04442021, 0.08628136, 0.06320375, 0.29973656, 0.28576684, 0.22127332, 0.0664091, 0.4665438, 0.47516397, 0.077573396, 0.2984007]","[0.011114373, 0.0062983804, 0.009823205, 0.025605403, 0.016490405, 0.004580089, 0.0020828308, 0.10683916, 0.0054709464, 0.031140016, 0.005429723, 0.04324552, 0.048421986, 0.006216261, 0.11806099]",11.366862893104551,3.1923178546130657,0.4408192886039614,0.7577908,0.21282119,0.02938795,3,9,3
51,51,Semedo,572,35,26,61769,10,"[False, False, False, False, False, False, False, False]","[0.7625097, 0.93976915, 0.854825, 0.7087622, 0.8822928, 0.6113303, 0.9449802, 0.8667319]","[0.23119193, 0.055145167, 0.13095763, 0.28576684, 0.07314506, 0.38476294, 0.038566645, 0.127194]","[0.0062983804, 0.0050856397, 0.01421727, 0.0054709464, 0.04456209, 0.003906831, 0.016453153, 0.006074098]",6.571201264858246,1.3267302252352238,0.1020684079267084,0.82140017,0.16584128,0.012758551,0,8,0
52,52,Kilman,563,35,1,1759,0,[False],[0.77984804],[0.20883313],[0.01131874],0.779848039150238,0.2088331282138824,0.0113187404349446,0.77984804,0.20883313,0.01131874,0,0,1
53,53,Doherty,598,35,4,4163,0,"[False, False]","[0.8806759, 0.7485654]","[0.10598114, 0.2007311]","[0.01334288, 0.050703533]",1.6292412877082825,0.3067122399806976,0.0640464127063751,0.8146206,0.15335612,0.032023206,0,2,0
54,54,Cunha,590,35,209,657644,34,"[False, False, False, False, False, False, False, False, False, False, False, False, False, False, False, False, False, False, False]","[0.49078757, 0.9266876, 0.8725316, 0.7625097, 0.93976915, 0.96269536, 0.90913856, 0.85254854, 0.8352124, 0.7745934, 0.4326733, 0.7087622, 0.96320456, 0.6661445, 0.6438613, 0.58989114, 0.7462789, 0.94022125, 0.6113303]","[0.38320547, 0.03867221, 0.11635402, 0.23119193, 0.055145167, 0.031255156, 0.08628136, 0.133678, 0.1574911, 0.21265253, 0.35342473, 0.28576684, 0.01995436, 0.32959664, 0.29196474, 0.3353039, 0.23781765, 0.031053603, 0.38476294]","[0.12600692, 0.034640253, 0.011114373, 0.0062983804, 0.0050856397, 0.006049443, 0.004580089, 0.013773416, 0.0072964695, 0.012754052, 0.213902, 0.0054709464, 0.01684106, 0.004258927, 0.064173974, 0.07480492, 0.01590355, 0.028725108, 0.003906831]",14.628841310739515,3.715572355315089,0.6555863404646516,0.76993895,0.19555645,0.034504544,3,13,3
55,55,Gomes,559,35,141,801030,12,"[False, False, False, False, False]","[0.7745934, 0.95128596, 0.9495455, 0.6731333, 0.8532389]","[0.21265253, 0.04499974, 0.040378664, 0.3158538, 0.13271259]","[0.012754052, 0.0037142707, 0.010075771, 0.011012856, 0.014048581]",4.201797068119049,0.7465973310172558,0.0516055307816714,0.8403595,0.14931947,0.010321106,0,5,0
56,56,Hee Chan,557,35,5,59523,0,"[False, False]","[0.71343315, 0.8822928]","[0.25451156, 0.07314506]","[0.032055296, 0.04456209]",1.595725953578949,0.327656626701355,0.0766173861920833,0.797863,0.16382831,0.038308695,0,2,0
57,57,Toti,573,34,0,128,0,[False],[0.8125926],[0.18397567],[0.0034317381],0.812592625617981,0.1839756667613983,0.003431738121435,0.8125926,0.18397567,0.0034317381,0,1,0
58,58,Doyle,351,34,1,969,1,[False],[0.96571386],[0.03186873],[0.0024173406],0.9657138586044312,0.0318687297403812,0.0024173406418412,0.96571386,0.03186873,0.0024173406,1,0,0
59,59,Sarabia,570,34,1315,6367869,43,"[False, False, False, False, False, False]","[0.490332, 0.9075982, 0.5599931, 0.86535585, 0.93116814, 0.84632754]","[0.4258476, 0.052049037, 0.43355855, 0.12718084, 0.051610917, 0.14547811]","[0.08382036, 0.0403527, 0.0064483327, 0.0074632666, 0.017220896, 0.008194442]",4.600774824619293,1.2357250563800335,0.1634999932721257,0.7667958,0.20595418,0.02725,0,5,1
60,60,Kilman,563,34,3,4331,1,"[False, False]","[0.5322816, 0.78655344]","[0.46427578, 0.1587332]","[0.0034426348, 0.054713313]",1.3188350200653076,0.623008981347084,0.0581559473648667,0.6594175,0.31150448,0.029077973,0,2,0
61,61,Cunha,590,34,1956,12759626,114,"[False, False, False, False, False, False, False, False, False, False, False, False, False, False, False, False, False, False, False]","[0.89210016, 0.5217451, 0.8828406, 0.61639786, 0.8742548, 0.9777427, 0.93111867, 0.9216779, 0.5748331, 0.7951227, 0.82308257, 0.8799711, 0.59788173, 0.5921312, 0.6042855, 0.9339161, 0.5599931, 0.5162519, 0.9075982]","[0.095610335, 0.47361892, 0.07300291, 0.38062865, 0.082759835, 0.018995699, 0.061690014, 0.072423704, 0.39896637, 0.18512434, 0.15210526, 0.09820141, 0.31914225, 0.38978642, 0.38865864, 0.062327027, 0.43355855, 0.47584182, 0.052049037]","[0.012289573, 0.004635956, 0.04415647, 0.0029735107, 0.042985354, 0.0032615785, 0.0071913325, 0.005898386, 0.026200568, 0.01975299, 0.024812121, 0.021827474, 0.08297605, 0.018082406, 0.007055851, 0.0037569131, 0.0064483327, 0.007906246, 0.0403527]",14.40294486284256,4.2144911997020245,0.3825638124253601,0.7580497,0.22181533,0.020134939,5,14,0
62,62,Gomes,559,34,28,357807,3,[False],[0.9609362],[0.033901006],[0.005162731],0.9609361886978148,0.0339010059833526,0.0051627308130264,0.9609362,0.033901006,0.005162731,0,1,0
63,63,José Sá,569,34,7,126923,2,"[False, False]","[0.94589615, 0.75912553]","[0.044657968, 0.21422058]","[0.009445908, 0.026653906]",1.7050216794013977,0.2588785514235496,0.0360998138785362,0.8525108,0.12943928,0.018049907,0,2,0
64,64,Aït-Nouri,545,33,613,79780,28,"[False, False, False, False, False, False, False, False, False, False, False, False, False, False, False, False, False, False, False, False]","[0.43900588, 0.69938624, 0.5060575, 0.8222445, 0.71608675, 0.63375765, 0.6958796, 0.82149136, 0.9851236, 0.93537825, 0.938125, 0.5446191, 0.6291618, 0.6109954, 0.85717005, 0.56246364, 0.4941392, 0.97818565, 0.81488025, 0.5805308]","[0.41581875, 0.2763454, 0.30464953, 0.168025, 0.23837213, 0.23274633, 0.20032114, 0.17319922, 0.011529481, 0.03736644, 0.034592833, 0.42123976, 0.32178062, 0.3652102, 0.13464059, 0.4163236, 0.2867228, 0.019445956, 0.15685974, 0.41188025]","[0.14517531, 0.024268316, 0.18929292, 0.009730478, 0.045541074, 0.133496, 0.10379927, 0.005309412, 0.0033469833, 0.027255297, 0.027282171, 0.03414119, 0.049057554, 0.023794286, 0.008189476, 0.021212734, 0.21913795, 0.0023684455, 0.028259972, 0.007588942]",14.264682203531263,4.627069806680083,1.1082477839663625,0.71323407,0.23135348,0.055412393,4,12,4
65,65,Sarabia,570,33,125,42331,16,"[False, False, False, False, False, False, False, False, False]","[0.93172777, 0.7548745, 0.545882, 0.6614681, 0.8338636, 0.5092237, 0.57411563, 0.823397, 0.7715621]","[0.04358846, 0.237865, 0.4496079, 0.3235867, 0.12350479, 0.41751936, 0.39750716, 0.16252913, 0.22395425]","[0.024683783, 0.0072604846, 0.004510144, 0.014945165, 0.042631634, 0.073256984, 0.028377194, 0.01407391, 0.0044837394]",6.406114399433136,2.3796627521514893,0.2142230379395187,0.7117905,0.26440695,0.02380256,2,7,0
66,66,Kilman,563,33,1,1053,1,"[False, False, False, False]","[0.49936673, 0.5962259, 0.47192448, 0.47821906]","[0.4812166, 0.3415517, 0.26846638, 0.2713175]","[0.019416666, 0.062222313, 0.25960907, 0.25046343]",2.0457361936569214,1.3625521957874298,0.5917114783078432,0.511434,0.34063804,0.14792787,1,2,1
67,67,Aït-Nouri,545,32,261,6404679,28,"[False, False, False, False, False, False, False, False, False, False, False, False, False, False, False, False, False, False, False]","[0.6124512, 0.59365034, 0.5131749, 0.58628523, 0.9530496, 0.58486, 0.6845834, 0.60154796, 0.86226386, 0.7900694, 0.8372269, 0.84136885, 0.8286739, 0.92988396, 0.5404166, 0.94392663, 0.8007559, 0.9675213, 0.6290435]","[0.3564209, 0.3950924, 0.44179738, 0.4036609, 0.026863497, 0.3070957, 0.30782953, 0.3825202, 0.113662034, 0.20188029, 0.14708808, 0.14569809, 0.16509666, 0.061510574, 0.31884697, 0.029551473, 0.19277129, 0.026511105, 0.32648498]","[0.031127919, 0.01125727, 0.045027744, 0.010053837, 0.02008692, 0.10804426, 0.0075871157, 0.015931834, 0.02407406, 0.008050224, 0.01568495, 0.01293306, 0.006229417, 0.008605501, 0.1407364, 0.026521914, 0.006472819, 0.005967636, 0.044471473]",14.100753545761108,4.350382035598159,0.5488643515855074,0.74214494,0.22896747,0.028887598,3,14,2
68,68,Sarabia,570,32,4,6261,1,"[False, False, False, False, False, False, False, False, False]","[0.7881567, 0.5302716, 0.757298, 0.9260186, 0.8893464, 0.7777159, 0.75571895, 0.97718006, 0.60579723]","[0.185235, 0.32322365, 0.21897253, 0.06747506, 0.09360598, 0.12117808, 0.23403434, 0.018643033, 0.3807342]","[0.026608318, 0.14650474, 0.023729475, 0.0065063513, 0.01704764, 0.101105995, 0.010246727, 0.0041769757, 0.013468574]",7.00750344991684,1.6431018821895125,0.3493948010727763,0.7786114,0.18256687,0.038821645,3,5,1
69,69,Aït-Nouri,545,31,18,12188,12,"[False, False, False, False, False, False, False]","[0.86471957, 0.613432, 0.7482075, 0.9333695, 0.87095386, 0.9345265, 0.78769654]","[0.12804544, 0.34349784, 0.23752092, 0.056071136, 0.09420194, 0.03738883, 0.20344435]","[0.0072350553, 0.04307018, 0.01427152, 0.010559369, 0.034844153, 0.028084677, 0.008859147]",5.752905488014221,1.1001704521477222,0.1469240994192659,0.8218436,0.15716721,0.020989155,3,2,2
70,70,Sarabia,570,31,19,839,2,"[False, False, False]","[0.71877086, 0.5768327, 0.9069871]","[0.14588733, 0.38716274, 0.055128787]","[0.1353418, 0.0360046, 0.037884165]",2.2025906443595886,0.5881788618862629,0.2092305570840835,0.73419684,0.19605963,0.06974352,0,3,0
71,71,Doyle,351,30,5,1790,0,"[False, False]","[0.85591614, 0.87669456]","[0.13935195, 0.101753615]","[0.004731984, 0.021551859]",1.7326107025146484,0.2411055639386177,0.026283842511475,0.86630535,0.12055278,0.013141921,1,0,1
72,72,Aït-Nouri,545,30,1862,35026,110,"[False, False, False, False, False, False, False, False, False, False, False, False, False, False, False, False, False, False, False, False]","[0.896525, 0.8788769, 0.84856004, 0.9543369, 0.54928, 0.85170513, 0.660292, 0.91170406, 0.9297983, 0.94008, 0.9436429, 0.8949942, 0.86559504, 0.93057585, 0.76808715, 0.6567699, 0.70344335, 0.8694996, 0.9218749, 0.59020317]","[0.09676388, 0.11364703, 0.0797864, 0.042100612, 0.4436638, 0.1390514, 0.32549918, 0.07762991, 0.0626904, 0.056773204, 0.04596051, 0.09536676, 0.10712937, 0.05107849, 0.2264282, 0.17642914, 0.28571188, 0.108903505, 0.04942157, 0.40527436]","[0.006711006, 0.0074760304, 0.07165364, 0.0035625375, 0.007056285, 0.009243532, 0.014208762, 0.010666129, 0.0075112605, 0.0031468421, 0.010396522, 0.009639006, 0.027275573, 0.01834572, 0.0054846457, 0.16680095, 0.010844707, 0.021596927, 0.028703555, 0.004522537]",16.565844416618347,2.9893095940351486,0.4448461649008095,0.8282922,0.14946547,0.02224231,4,12,4
73,73,Neto,567,30,1768,6776283,117,"[False, False, False, False, False, False, False, False, False, False, False, False, False, False, False, False, False, False, False]","[0.87234807, 0.81620544, 0.93131155, 0.75009197, 0.8528048, 0.90426475, 0.8339241, 0.5972594, 0.9085077, 0.86012894, 0.9099967, 0.82665384, 0.83079755, 0.91420966, 0.60193884, 0.7661115, 0.70602196, 0.92996514, 0.9078203]","[0.11928387, 0.18030527, 0.057866182, 0.21666616, 0.12019519, 0.088658355, 0.14518909, 0.3919794, 0.088984735, 0.12385873, 0.050494995, 0.113430195, 0.09427763, 0.061470915, 0.3755712, 0.15410163, 0.2883644, 0.040958446, 0.052662406]","[0.008368051, 0.0034892398, 0.010822273, 0.033241842, 0.027000042, 0.0070769726, 0.020886729, 0.010761187, 0.0025075553, 0.016012283, 0.039508354, 0.059915964, 0.07492478, 0.02431942, 0.022489974, 0.0797869, 0.0056136404, 0.029076463, 0.03951734]",15.720362186431885,2.7643187902867794,0.5153190062846988,0.8273875,0.14549045,0.027122052,4,12,3
74,74,Sarabia,570,30,128,21795,25,"[False, False, False, False, False, False, False, False, False, False, False]","[0.84217256, 0.9374799, 0.8975869, 0.6595048, 0.912805, 0.8040579, 0.64772683, 0.8707277, 0.9071883, 0.94431096, 0.9475573]","[0.146486, 0.04561212, 0.07224563, 0.2767866, 0.06101271, 0.18822645, 0.32376197, 0.074453674, 0.08276045, 0.04688941, 0.03733633]","[0.011341493, 0.016907943, 0.030167585, 0.06370869, 0.026182227, 0.007715599, 0.028511195, 0.054818626, 0.0100512495, 0.008799638, 0.015106345]",9.371118128299711,1.355571337044239,0.2733105928637087,0.8519199,0.12323375,0.024846418,1,10,0
75,75,Kilman,563,30,1,10034,1,"[False, False]","[0.49495685, 0.91169524]","[0.3255703, 0.07783921]","[0.17947279, 0.010465623]",1.4066520929336548,0.4034094959497452,0.1899384120479226,0.70332605,0.20170474,0.094969206,0,2,0
76,76,Gomes,559,30,24,16731,3,[False],[0.9592113],[0.028768836],[0.012019816],0.95921128988266,0.0287688355892896,0.0120198158547282,0.9592113,0.028768836,0.012019816,1,0,0
77,77,Kalajdžić,562,2,0,952,0,[False],[0.62474257],[0.3125936],[0.06266378],0.6247425675392151,0.3125936090946197,0.0626637786626815,0.62474257,0.3125936,0.06266378,0,0,1
78,78,Aït-Nouri,545,2,0,306,0,[False],[0.9535668],[0.029578358],[0.01685489],0.9535667896270752,0.0295783579349517,0.016854889690876,0.9535668,0.029578358,0.01685489,0,1,0
79,79,Neto,567,2,558,158620,26,"[False, False, False, False, False, False, False, False, False, False, False, False, False, False, False, False, False]","[0.91911155, 0.70722616, 0.89416015, 0.7248729, 0.75295675, 0.84928036, 0.9795735, 0.5485184, 0.50019234, 0.5846839, 0.91537905, 0.67749923, 0.4631469, 0.91424966, 0.6934749, 0.9188157, 0.69555587]","[0.07049505, 0.28856167, 0.056609314, 0.19454081, 0.225551, 0.13398412, 0.018231148, 0.34246486, 0.4513584, 0.21155547, 0.063642696, 0.2964141, 0.42618954, 0.04494045, 0.3010167, 0.0636763, 0.2963852]","[0.010393336, 0.0042121517, 0.049230516, 0.08058629, 0.0214923, 0.016735531, 0.0021953061, 0.10901672, 0.048449222, 0.2037606, 0.020978237, 0.026086638, 0.11066357, 0.040809855, 0.005508422, 0.01750809, 0.008059014]",12.73869726061821,3.485616823658347,0.7756857913918793,0.7493351,0.20503628,0.045628577,4,12,1
80,80,Sarabia,570,2,0,469,0,"[False, False]","[0.91424966, 0.9535668]","[0.04494045, 0.029578358]","[0.040809855, 0.01685489]",1.86781644821167,0.0745188072323799,0.0576647445559501,0.9339082,0.037259404,0.028832372,0,2,0
81,81,Semedo,572,2,19,18733,9,"[False, False, False]","[0.6305998, 0.49882066, 0.394685]","[0.3515677, 0.4966778, 0.35930264]","[0.017832553, 0.004501559, 0.24601239]",1.5241054594516754,1.2075481116771698,0.2683465015143156,0.5080352,0.40251604,0.08944883,1,2,0
82,82,Kilman,563,2,21,21165,8,"[False, False, False]","[0.7186597, 0.6305998, 0.91424966]","[0.2642636, 0.3515677, 0.04494045]","[0.017076686, 0.017832553, 0.040809855]",2.263509154319763,0.6607717350125313,0.0757190939038991,0.7545031,0.22025724,0.025239699,0,2,1
83,83,Cunha,590,2,109,104806,22,"[False, False, False, False, False, False, False, False, False, False, False, False, False, False, False, False, False, False, False]","[0.91374075, 0.8283796, 0.92125994, 0.60126764, 0.394685, 0.9717774, 0.9240791, 0.6305998, 0.7164814, 0.89084506, 0.7802488, 0.6110442, 0.91537905, 0.82642925, 0.67749923, 0.8261636, 0.75679106, 0.9491231, 0.8952637]","[0.07788607, 0.16543907, 0.06990326, 0.39364126, 0.35930264, 0.024452956, 0.069952935, 0.3515677, 0.27843, 0.103417695, 0.19317003, 0.38474968, 0.063642696, 0.16872935, 0.2964141, 0.16510615, 0.20172092, 0.045355048, 0.079061836]","[0.008373186, 0.0061814254, 0.008836786, 0.0050910725, 0.24601239, 0.00376967, 0.00596797, 0.017832553, 0.005088554, 0.0057372157, 0.02658117, 0.004206094, 0.020978237, 0.0048413724, 0.026086638, 0.008730234, 0.04148809, 0.005521838, 0.025674537]",15.031057626008987,3.4919434022158384,0.476999030681327,0.7911083,0.18378648,0.025105214,7,12,0
84,84,Nunes,566,2,15,17111,8,"[False, False, False]","[0.6305998, 0.5916058, 0.91537905]","[0.3515677, 0.393945, 0.063642696]","[0.017832553, 0.014449218, 0.020978237]",2.137584626674652,0.8091553896665573,0.0532600078731775,0.7125282,0.26971847,0.017753335,1,2,0
85,85,Lemina,565,2,15,16860,7,"[False, False]","[0.78355676, 0.6305998]","[0.20329538, 0.3515677]","[0.013147929, 0.017832553]",1.4141565561294556,0.5548630654811859,0.0309804817661643,0.7070783,0.27743155,0.015490241,0,2,0
86,86,Gomes,559,2,15,21706,7,"[False, False, False]","[0.6305998, 0.842455, 0.9535668]","[0.3515677, 0.15067613, 0.029578358]","[0.017832553, 0.006868793, 0.01685489]",2.426621615886688,0.5318221747875214,0.0415562358684837,0.8088739,0.17727406,0.0138520785,1,2,0
87,87,Jonny,560,2,7,3509,4,"[False, False, False, False, False, False]","[0.77612615, 0.6202512, 0.6791542, 0.8180323, 0.4772966, 0.94779325]","[0.18566935, 0.34430096, 0.19646503, 0.107387505, 0.45987296, 0.04673359]","[0.03820449, 0.035447847, 0.124380715, 0.07458014, 0.06283042, 0.005473163]",4.318653702735901,1.3404293917119503,0.3409167751669884,0.7197756,0.22340488,0.056819465,2,3,1
88,88,Bueno,548,2,1,459,0,"[False, False]","[0.5674782, 0.9535668]","[0.40922254, 0.029578358]","[0.023299264, 0.01685489]",1.5210449695587158,0.4388009011745453,0.0401541534811258,0.7605225,0.21940045,0.020077076,0,1,1
89,89,Fábio Silva,552,2,9,16728,2,[False],[0.8133723],[0.15218082],[0.034446813],0.8133723139762878,0.1521808207035064,0.0344468131661415,0.8133723,0.15218082,0.034446813,0,0,1
90,90,Bentley,546,2,5,1697,1,[False],[0.4772966],[0.45987296],[0.06283042],0.4772965908050537,0.4598729610443115,0.0628304183483123,0.4772966,0.45987296,0.06283042,1,0,0
91,91,Dawson,551,2,15,17054,8,"[False, False, False]","[0.91537905, 0.6305998, 0.91424966]","[0.063642696, 0.3515677, 0.04494045]","[0.020978237, 0.017832553, 0.040809855]",2.4602285027503967,0.4601508304476738,0.0796206444501876,0.82007617,0.1533836,0.026540214,0,3,0
92,92,Aït-Nouri,545,28,4,5031,1,"[False, False]","[0.80691683, 0.9016684]","[0.15056665, 0.094830185]","[0.042516537, 0.0035014513]",1.708585262298584,0.2453968375921249,0.046017988352105,0.85429263,0.12269842,0.023008995,1,1,0
93,93,Neto,567,28,114,76302,17,"[False, False, False, False, False, False, False, False, False, False, False, False, False, False, False, False, False, False, False]","[0.8398876, 0.81412596, 0.7910036, 0.9314479, 0.92297137, 0.93697834, 0.76324385, 0.91433793, 0.9770206, 0.84346926, 0.85142833, 0.8923232, 0.85941184, 0.67279744, 0.7021315, 0.68902117, 0.9533737, 0.8243922, 0.51208687]","[0.14022456, 0.09653648, 0.1932896, 0.06352044, 0.061222818, 0.05852946, 0.18885237, 0.079911664, 0.019719938, 0.15373144, 0.13720407, 0.056697614, 0.13693869, 0.31179035, 0.2851313, 0.2761918, 0.028684305, 0.12842588, 0.4833064]","[0.019887803, 0.089337505, 0.015706796, 0.005031623, 0.015805742, 0.0044921543, 0.047903694, 0.0057503795, 0.0032594712, 0.00279931, 0.011367555, 0.05097923, 0.0036495053, 0.0154122105, 0.012737108, 0.034787018, 0.017942049, 0.04718196, 0.0046067317]",15.69145268201828,2.8999091759324074,0.4086378465872258,0.8258659,0.1526268,0.021507256,6,12,1
94,94,José Sá,569,28,2,74,0,[False],[0.93697834],[0.05852946],[0.0044921543],0.9369783401489258,0.0585294589400291,0.0044921543449163,0.93697834,0.05852946,0.0044921543,1,0,0
95,95,Aït-Nouri,545,27,1088,6506439,72,"[False, False, False, False, False, False, False, False, False, False, False, False]","[0.5533952, 0.8663185, 0.5581255, 0.86151594, 0.82092935, 0.55079067, 0.834014, 0.8503807, 0.834014, 0.63759947, 0.79892266, 0.6107479]","[0.4341577, 0.1303223, 0.40824375, 0.12686436, 0.1675626, 0.41794348, 0.1509798, 0.14170513, 0.1509798, 0.2493214, 0.12584652, 0.36764196]","[0.012447088, 0.0033592368, 0.033630818, 0.011619744, 0.011508078, 0.031265777, 0.015006204, 0.007914062, 0.015006204, 0.11307912, 0.07523078, 0.021610191]",8.776753902435303,2.87156879901886,0.3516773032024503,0.7313962,0.2392974,0.029306442,3,7,2
96,96,Neto,567,27,227,47688,61,"[False, False, False, False, False, False, False, False, False, False, False, False, False, False, False, False, False, False, False]","[0.7036472, 0.70648724, 0.8172123, 0.8589672, 0.6209881, 0.90368104, 0.97678876, 0.7901653, 0.75236714, 0.9384322, 0.5035115, 0.8904539, 0.58736163, 0.626587, 0.659356, 0.8916476, 0.9319381, 0.6480087, 0.5887726]","[0.23598811, 0.2699696, 0.094095334, 0.13478175, 0.37050438, 0.09065193, 0.019321686, 0.20251605, 0.23287778, 0.041237026, 0.36208656, 0.10575329, 0.25335672, 0.25511396, 0.32063216, 0.09685365, 0.063640706, 0.24924876, 0.30056557]","[0.060364775, 0.023543116, 0.088692404, 0.006251121, 0.008507548, 0.0056669842, 0.003889555, 0.007318651, 0.014755045, 0.0203308, 0.13440198, 0.003792811, 0.15928163, 0.11829908, 0.020011805, 0.011498691, 0.0044211643, 0.10274256, 0.11066186]",14.396373391151428,3.699195032939315,0.9044315724167972,0.75770384,0.19469447,0.047601666,3,11,5
97,97,Sarabia,570,27,1111,6399166,80,"[False, False, False, False, False, False, False, False, False, False, False, False]","[0.82543534, 0.834014, 0.589659, 0.953889, 0.953758, 0.71228766, 0.93712986, 0.834014, 0.8389714, 0.98146355, 0.92026675, 0.80443776]","[0.13817188, 0.1509798, 0.40322548, 0.04344304, 0.041574933, 0.27681428, 0.045953233, 0.1509798, 0.1550203, 0.016431741, 0.054047983, 0.15203586]","[0.03639279, 0.015006204, 0.007115521, 0.002667874, 0.0046669985, 0.010898088, 0.016916957, 0.015006204, 0.0060082935, 0.002104773, 0.025685346, 0.043526325]",10.185326278209686,1.62867833673954,0.185995373642072,0.84877723,0.13572319,0.015499614,4,8,0
98,98,Semedo,572,27,6,7734,9,[False],[0.92026675],[0.054047983],[0.025685346],0.9202667474746704,0.0540479831397533,0.0256853457540273,0.92026675,0.054047983,0.025685346,0,1,0
99,99,Kilman,563,27,3,5541,0,"[False, False]","[0.9437906, 0.89795995]","[0.053267326, 0.088379934]","[0.0029420499, 0.013660129]",1.8417505621910093,0.1416472606360912,0.0166021790355443,0.9208753,0.07082363,0.0083010895,1,1,0
100,100,Lemina,565,27,2,14600,0,"[False, False]","[0.6095971, 0.7097496]","[0.3841029, 0.26295656]","[0.0062999763, 0.027293958]",1.3193466663360596,0.6470594704151154,0.0335939340293407,0.65967333,0.32352972,0.016796967,1,1,0
101,101,Gomes,559,27,68,365965,4,"[False, False, False, False, False]","[0.5160018, 0.6799929, 0.85360104, 0.82276297, 0.8389714]","[0.47169226, 0.3110642, 0.12884453, 0.1697411, 0.1550203]","[0.012305902, 0.008942886, 0.017554425, 0.007495972, 0.0060082935]",3.711330115795136,1.2363623976707458,0.0523074786178767,0.74226606,0.24727245,0.010461496,0,2,3
102,102,Hee Chan,557,27,169,252817,27,"[False, False, False, False, False, False, False, False, False, False, False, False, False, False, False, False, False, False, False, False]","[0.92344016, 0.8553503, 0.77589786, 0.709294, 0.53595906, 0.8856865, 0.8915038, 0.9548983, 0.962914, 0.58465755, 0.7097496, 0.57959133, 0.57959133, 0.9073407, 0.74287, 0.86091167, 0.66617215, 0.8811563, 0.65959775, 0.9225406]","[0.0709712, 0.084420905, 0.19019318, 0.28556815, 0.45266888, 0.10775024, 0.102976464, 0.023228766, 0.02667291, 0.39805108, 0.26295656, 0.4095989, 0.4095989, 0.0683716, 0.24318084, 0.13236517, 0.2837983, 0.11201577, 0.313687, 0.071537554]","[0.0055886703, 0.06022881, 0.03390896, 0.0051378487, 0.0113721015, 0.006563303, 0.005519727, 0.02187297, 0.010413186, 0.017291408, 0.027293958, 0.010809722, 0.010809722, 0.024287682, 0.01394914, 0.006723166, 0.05002955, 0.0068278797, 0.026715199, 0.0059218416]",15.589123010635376,4.049612333998084,0.3612648425623774,0.7794561,0.20248063,0.018063242,1,12,7
103,103,Toti,573,26,134,17594,22,"[False, False, False]","[0.54592633, 0.91817135, 0.8904787]","[0.44920933, 0.07263216, 0.09059383]","[0.0048643406, 0.009196527, 0.018927608]",2.354576349258423,0.6124353185296059,0.0329884756356477,0.78485876,0.20414509,0.010996158,0,3,0
104,104,Aït-Nouri,545,26,721,269332,68,"[False, False, False, False, False, False]","[0.54592633, 0.88725525, 0.5572903, 0.8774131, 0.586899, 0.85339427]","[0.44920933, 0.10642468, 0.3638248, 0.074586995, 0.392891, 0.13485181]","[0.0048643406, 0.0063200803, 0.07888488, 0.047999993, 0.020209981, 0.011753861]",4.308178246021271,1.521788626909256,0.17003313312307,0.7180297,0.25363144,0.028338855,2,4,0
105,105,Neto,567,26,1202,262210,114,"[False, False, False, False, False, False, False, False, False, False, False, False, False, False, False, False, False, False, False]","[0.79298335, 0.93572897, 0.734525, 0.5329671, 0.9155135, 0.8146827, 0.7991006, 0.84305465, 0.9001144, 0.6942344, 0.87785846, 0.65388185, 0.94498175, 0.9381162, 0.617939, 0.9297158, 0.6209328, 0.94100374, 0.5413002]","[0.1333804, 0.060949154, 0.23398599, 0.422215, 0.079982765, 0.15995559, 0.18441893, 0.10188839, 0.0949867, 0.29806694, 0.10880981, 0.34144023, 0.043286134, 0.054432333, 0.36722514, 0.053466912, 0.35017207, 0.042476263, 0.44755018]","[0.07363619, 0.0033219138, 0.03148902, 0.044817835, 0.004503735, 0.025361683, 0.016480451, 0.05505702, 0.004898847, 0.0076987217, 0.013331795, 0.004677949, 0.011732123, 0.007451476, 0.01483596, 0.01681731, 0.028895106, 0.016520018, 0.011149653]",15.028634488582613,3.578688945621252,0.3926768049132079,0.79098076,0.18835206,0.0206672,6,11,2
106,106,Sarabia,570,26,54,26753,16,"[False, False, False, False, False, False, False, False, False, False, False, False, False, False, False, False]","[0.8922585, 0.9159382, 0.60058194, 0.58623004, 0.9531701, 0.62128305, 0.7868278, 0.88771635, 0.95195884, 0.7681238, 0.7605194, 0.56123525, 0.93125755, 0.94823456, 0.93146336, 0.85339427]","[0.10393274, 0.0806571, 0.37821117, 0.40587062, 0.038795054, 0.35885036, 0.203906, 0.0923755, 0.03535296, 0.2228597, 0.23382445, 0.4155435, 0.035177495, 0.040058263, 0.066123195, 0.13485181]","[0.0038087016, 0.0034047249, 0.02120686, 0.007899386, 0.008034867, 0.019866562, 0.009266199, 0.019908112, 0.012688197, 0.009016491, 0.005656135, 0.023221219, 0.033564936, 0.011707206, 0.0024134573, 0.011753861]",12.9501930475235,2.846389908343553,0.2034169130492955,0.8093871,0.17789936,0.012713557,8,8,0
107,107,Semedo,572,26,155,85881,27,"[False, False, False, False, False]","[0.54592633, 0.9370961, 0.586899, 0.7868278, 0.91817135]","[0.44920933, 0.049296137, 0.392891, 0.203906, 0.07263216]","[0.0048643406, 0.013607757, 0.020209981, 0.009266199, 0.009196527]",3.774920582771301,1.1679346151649952,0.0571448048576712,0.75498414,0.23358694,0.0114289615,2,3,0
108,108,Kilman,563,26,166,24226,30,"[False, False, False, False, False, False]","[0.54592633, 0.91817135, 0.6264633, 0.8104216, 0.8904787, 0.91444635]","[0.44920933, 0.07263216, 0.36890537, 0.18305042, 0.09059383, 0.07832291]","[0.0048643406, 0.009196527, 0.004631292, 0.00652803, 0.018927608, 0.0072307168]",4.705907583236694,1.2427140176296234,0.0513785146176815,0.7843179,0.20711899,0.008563085,1,5,0
109,109,Gomes,559,26,212,442673,25,"[False, False, False, False, False, False, False, False, False]","[0.7463435, 0.7868278, 0.5934502, 0.88771635, 0.8516546, 0.7605194, 0.9418699, 0.94505, 0.8104216]","[0.24056475, 0.203906, 0.3972933, 0.0923755, 0.08285214, 0.23382445, 0.04096336, 0.030781902, 0.18305042]","[0.013091705, 0.009266199, 0.009256531, 0.019908112, 0.06549327, 0.005656135, 0.017166782, 0.024168095, 0.00652803]",7.323853313922882,1.5056118220090866,0.1705348580144345,0.8137615,0.1672902,0.018948318,2,7,0
110,110,Hee Chan,557,26,631,573290,41,"[False, False, False, False, False, False, False, False, False, False, False, False, False, False, False, False, False, False, False, False]","[0.87785846, 0.8615487, 0.8534026, 0.86879164, 0.94208854, 0.94498175, 0.94058067, 0.93759626, 0.89044905, 0.8416674, 0.9210637, 0.74914306, 0.9556303, 0.88364387, 0.9275444, 0.9147727, 0.90052456, 0.9275538, 0.93700486, 0.94525385]","[0.10880981, 0.13454646, 0.1281368, 0.12387873, 0.032026883, 0.043286134, 0.045176152, 0.04218503, 0.1013641, 0.13787523, 0.04832437, 0.23834403, 0.038217653, 0.078568146, 0.043394323, 0.04758517, 0.052312244, 0.06840068, 0.048688393, 0.029458065]","[0.013331795, 0.0039048695, 0.018460615, 0.007329639, 0.02588455, 0.011732123, 0.014243272, 0.020218672, 0.008186815, 0.020457355, 0.030612001, 0.012512936, 0.0061520305, 0.03778797, 0.02906132, 0.037642237, 0.04716326, 0.0040455502, 0.01430676, 0.025288126]",18.021100223064423,1.5905783958733082,0.3883218958508223,0.90105486,0.07952891,0.019416094,0,20,0
111,111,Dawson,551,26,137,18499,23,"[False, False, False, False, False, False]","[0.54592633, 0.9428354, 0.7746658, 0.91817135, 0.8904787, 0.8104216]","[0.44920933, 0.048251413, 0.21444587, 0.07263216, 0.09059383, 0.18305042]","[0.0048643406, 0.0089132255, 0.010888315, 0.009196527, 0.018927608, 0.00652803]",4.882499098777771,1.058183029294014,0.0593180460855364,0.81374985,0.17636383,0.009886341,0,6,0
112,112,Aït-Nouri,545,25,4,3592,1,[False],[0.8596535],[0.086676754],[0.053669754],0.8596534729003906,0.0866767540574073,0.0536697544157505,0.8596535,0.086676754,0.053669754,0,1,0
113,113,Neto,567,25,58,47701,20,"[False, False, False, False, False, False, False, False, False, False]","[0.73985136, 0.5260001, 0.5136602, 0.65499574, 0.7531881, 0.9248861, 0.51223457, 0.7395834, 0.5362839, 0.8037456]","[0.22351636, 0.3949834, 0.47560066, 0.33633062, 0.23176709, 0.067627296, 0.4530487, 0.20210016, 0.42334327, 0.1678846]","[0.036632214, 0.079016596, 0.010739124, 0.008673614, 0.015044841, 0.0074865413, 0.034716755, 0.058316544, 0.040372804, 0.028369745]",6.704429030418396,2.976202175021172,0.3193687782622874,0.67044294,0.2976202,0.03193688,2,6,2
114,114,Kilman,563,25,5,719,1,"[False, False]","[0.8630938, 0.9528797]","[0.07699016, 0.044392824]","[0.059916038, 0.0027274305]",1.8159735202789309,0.1213829815387725,0.062643468612805,0.90798676,0.06069149,0.031321734,1,1,0
115,115,Dawson,551,25,4,1453,0,[False],[0.7536125],[0.22905225],[0.017335236],0.7536125183105469,0.2290522456169128,0.0173352360725402,0.7536125,0.22905225,0.017335236,0,1,0
116,116,Aït-Nouri,545,24,1,3745,1,"[False, False]","[0.8636074, 0.8147554]","[0.13310497, 0.17130087]","[0.0032876076, 0.013943805]",1.678362786769867,0.3044058382511139,0.017231412930414,0.8391814,0.15220292,0.008615706,1,1,0
117,117,Neto,567,24,2179,7048412,77,"[False, False, False, False, False, False, False, False, False, False, False, False, False, False, False, False, False, False, False]","[0.93763, 0.8969085, 0.9333056, 0.9275114, 0.90663534, 0.9567222, 0.8207314, 0.9518063, 0.92101383, 0.9396823, 0.51255065, 0.9001282, 0.9487985, 0.73795074, 0.930242, 0.91648126, 0.82846266, 0.8484627, 0.9303138]","[0.04520923, 0.08514329, 0.047392692, 0.06550117, 0.06241505, 0.040548217, 0.16979316, 0.024357995, 0.044314317, 0.030981109, 0.48024318, 0.053554684, 0.04663356, 0.25827008, 0.046894293, 0.07535925, 0.14428814, 0.14649732, 0.058079083]","[0.017160809, 0.017948171, 0.01930172, 0.0069874884, 0.030949553, 0.0027295493, 0.009475369, 0.023835676, 0.034671832, 0.029336592, 0.0072061243, 0.0463171, 0.004568028, 0.0037791198, 0.022863694, 0.00815948, 0.027249187, 0.005040014, 0.011607094]",16.745337426662445,1.9254758153110745,0.3291866008657962,0.88133353,0.10134084,0.01732561,4,15,0
118,118,Sarabia,570,24,2,800,3,"[False, False]","[0.6484311, 0.56896603]","[0.271182, 0.39814815]","[0.08038689, 0.032885823]",1.217397153377533,0.6693301498889923,0.1132727153599262,0.6086986,0.33466506,0.056636356,0,2,0
119,119,Cunha,590,24,3768,12859703,105,"[False, False, False, False, False, False, False, False, False, False, False, False, False, False, False, False, False, False, False]","[0.9818277, 0.65710133, 0.9366298, 0.8921622, 0.51619995, 0.9308527, 0.80816513, 0.744846, 0.51313287, 0.75277776, 0.8168514, 0.9487985, 0.6297719, 0.8873691, 0.9518063, 0.39184594, 0.590333, 0.72441643, 0.98050207]","[0.015755294, 0.2972459, 0.060713924, 0.08313606, 0.4078303, 0.06451154, 0.1251878, 0.21266527, 0.44999304, 0.22664216, 0.12861338, 0.04663356, 0.32522455, 0.0744217, 0.024357995, 0.37238696, 0.3845542, 0.25147662, 0.015408723]","[0.0024170263, 0.045652777, 0.0026562728, 0.024701646, 0.075969756, 0.0046357885, 0.066647045, 0.042488717, 0.036874097, 0.020580072, 0.054535236, 0.004568028, 0.045003597, 0.038209245, 0.023835676, 0.23576714, 0.025112806, 0.024106935, 0.004089253]",14.655389964580536,3.5667589735239744,0.7778511121869087,0.7713363,0.18772416,0.040939532,7,9,3
120,120,Gomes,559,24,65,544004,5,"[False, False, False]","[0.9374305, 0.88796455, 0.7748743]","[0.052834675, 0.08634024, 0.14005034]","[0.009734817, 0.025695194, 0.08507538]",2.600269377231598,0.2792252525687217,0.1205053888261318,0.86675644,0.093075074,0.040168464,0,3,0
121,121,Neto,567,23,27,17349,7,"[False, False, False, False, False, False, False, False, False, False, False, False]","[0.5133346, 0.78615963, 0.7732546, 0.7432018, 0.8910107, 0.93395436, 0.97156477, 0.6357206, 0.7991631, 0.73958826, 0.8026946, 0.9149295]","[0.47994992, 0.20617785, 0.2157868, 0.24660215, 0.0927784, 0.04964483, 0.024357773, 0.2645919, 0.18937053, 0.24770854, 0.17765193, 0.060046382]","[0.006715512, 0.0076625724, 0.010958623, 0.010196027, 0.016210925, 0.016400851, 0.0040774257, 0.09968745, 0.011466352, 0.012703208, 0.019653479, 0.025024112]",9.5045765042305,2.25466700270772,0.2407565377652645,0.79204804,0.1878889,0.020063046,3,8,1
122,122,Sarabia,570,23,1,183,0,[False],[0.43374565],[0.3709779],[0.19527647],0.4337456524372101,0.370977908372879,0.1952764689922332,0.43374565,0.3709779,0.19527647,0,0,1
123,123,Cunha,590,23,34,3571,4,"[False, False]","[0.8276732, 0.9149295]","[0.14790985, 0.060046382]","[0.024417, 0.025024112]",1.7426027059555054,0.2079562321305275,0.0494411122053861,0.87130135,0.10397811,0.024720557,0,2,0
124,124,Toti,573,22,0,864,2,"[False, False]","[0.7895836, 0.9347412]","[0.18275551, 0.049056638]","[0.02766092, 0.016202105]",1.7243248224258425,0.2318121530115604,0.0438630245625972,0.8621624,0.115906075,0.021931512,0,2,0
125,125,Doyle,351,22,1,293,1,[False],[0.74857676],[0.21410084],[0.037322413],0.7485767602920532,0.2141008377075195,0.0373224131762981,0.74857676,0.21410084,0.037322413,0,0,1
126,126,Neto,567,22,953,6542793,58,"[False, False, False, False, False, False, False, False, False, False, False, False, False, False, False, False, False, False, False]","[0.9308446, 0.79986763, 0.7325365, 0.7108201, 0.8170256, 0.5926239, 0.5658548, 0.85652333, 0.92411584, 0.7977657, 0.6519934, 0.8766067, 0.92812335, 0.7878988, 0.92289793, 0.5483585, 0.6772046, 0.88232166, 0.7147241]","[0.053326577, 0.19692506, 0.26065326, 0.28497043, 0.16160935, 0.40258434, 0.41688326, 0.13477139, 0.056304455, 0.19937605, 0.3393065, 0.120394886, 0.051181115, 0.19354528, 0.07451579, 0.44324088, 0.3170859, 0.112214655, 0.27324703]","[0.015828779, 0.0032072684, 0.0068102926, 0.0042095534, 0.02136498, 0.0047917096, 0.017261963, 0.008705232, 0.019579781, 0.0028582534, 0.008700058, 0.002998386, 0.020695537, 0.018555945, 0.0025862262, 0.008400616, 0.005709516, 0.005463626, 0.012028841]",14.718106985092165,4.092136211693287,0.1897565640974789,0.7746372,0.2153756,0.009987188,12,7,0
127,127,Sarabia,570,22,42,430468,6,"[False, False, False, False, False, False, False, False, False]","[0.5097112, 0.53127104, 0.8834854, 0.63203907, 0.716623, 0.90804434, 0.8834854, 0.77522177, 0.9128655]","[0.47742286, 0.4503708, 0.09965943, 0.35544348, 0.27798262, 0.07383221, 0.09965943, 0.2102154, 0.06655106]","[0.012865994, 0.018358154, 0.01685511, 0.012517536, 0.0053944374, 0.01812337, 0.01685511, 0.014562789, 0.02058336]",6.75274670124054,2.11113727837801,0.1361158592626452,0.7503052,0.2345708,0.015123985,0,7,2
128,128,Kilman,563,22,9,4845,3,"[False, False, False]","[0.8697227, 0.60233575, 0.9287333]","[0.12096416, 0.3787987, 0.05603559]","[0.009313084, 0.018865589, 0.015231152]",2.4007917642593384,0.5557984448969364,0.0434098253026604,0.80026394,0.18526615,0.014469941,0,3,0
129,129,Doherty,598,22,1,1325,2,"[False, False, False]","[0.55446786, 0.9347412, 0.8845173]","[0.43093926, 0.049056638, 0.10861431]","[0.014592871, 0.016202105, 0.006868397]",2.3737263679504395,0.5886102057993412,0.0376633731648325,0.7912421,0.19620341,0.012554458,0,2,1
130,130,Cunha,590,22,64,97085,10,"[False, False, False, False, False, False, False, False, False]","[0.8953945, 0.74864763, 0.59006035, 0.55665094, 0.859496, 0.94725627, 0.92812335, 0.8788037, 0.656307]","[0.07162122, 0.22183236, 0.40100116, 0.4365641, 0.13669911, 0.035619453, 0.051181115, 0.1166576, 0.3347947]","[0.03298428, 0.029519996, 0.008938539, 0.0067849383, 0.003804904, 0.017124204, 0.020695537, 0.0045387377, 0.008898305]",7.060739696025848,1.8059708029031756,0.1332894396036863,0.7845266,0.20066343,0.014809938,3,6,0
131,131,Lemina,565,22,5,8435,0,[False],[0.8051503],[0.18339491],[0.011454815],0.8051502704620361,0.1833949089050293,0.0114548150449991,0.8051503,0.18339491,0.011454815,0,1,0
132,132,Dawson,551,22,1029,6379004,64,"[False, False, False, False, False, False, False]","[0.7893178, 0.85736865, 0.6715316, 0.86166024, 0.9245406, 0.9287333, 0.9427353]","[0.20620552, 0.1354266, 0.32283336, 0.08528259, 0.06307359, 0.05603559, 0.05206079]","[0.0044767326, 0.007204814, 0.005634971, 0.053057175, 0.012385796, 0.015231152, 0.0052038413]",5.975887477397919,0.9209180288016796,0.1031944816932082,0.8536982,0.13155971,0.014742069,2,5,0
133,133,Toti,573,21,1,108,0,[False],[0.939134],[0.035375364],[0.025490614],0.9391340017318726,0.0353753641247749,0.0254906136542558,0.939134,0.035375364,0.025490614,0,1,0
134,134,Doyle,351,21,0,3387,0,"[False, False, False]","[0.95852464, 0.88590443, 0.61658376]","[0.038668025, 0.10543487, 0.3050726]","[0.002807314, 0.008660743, 0.078343615]",2.461012840270996,0.4491755031049251,0.0898116719909012,0.8203376,0.14972517,0.029937223,2,0,1
135,135,Aït-Nouri,545,21,20,212896,1,"[False, False, False, False]","[0.9719501, 0.85244644, 0.693254, 0.60806996]","[0.023694318, 0.11655074, 0.29634193, 0.22356823]","[0.004355563, 0.031002823, 0.010404028, 0.16836187]",3.125720500946045,0.6601552180945873,0.2141242865473032,0.7814301,0.1650388,0.053531073,1,3,0
136,136,Sarabia,570,21,8,2470,6,"[False, False, False, False, False]","[0.8798354, 0.7249382, 0.75344574, 0.86119175, 0.51959145]","[0.11856473, 0.2662979, 0.16673462, 0.12346604, 0.45614567]","[0.0015998426, 0.008763834, 0.07981969, 0.015342194, 0.02426284]",3.739002585411072,1.1312089711427689,0.1297883967636153,0.7478005,0.22624178,0.02595768,1,4,0
137,137,Semedo,572,21,4,2135,0,"[False, False]","[0.9800602, 0.46704322]","[0.016922709, 0.36597735]","[0.0030170204, 0.16697936]",1.4471034407615662,0.3829000554978847,0.1699963780120015,0.72355175,0.19145003,0.08499819,2,0,0
138,138,Cunha,590,21,488,532699,57,"[False, False, False, False, False, False, False, False, False, False, False, False, False, False, False, False, False, False, False]","[0.80052114, 0.729043, 0.9637543, 0.86647856, 0.6104575, 0.9200577, 0.90684056, 0.9578943, 0.6718028, 0.92755467, 0.46056518, 0.9178246, 0.67303574, 0.773925, 0.7440106, 0.965007, 0.94683385, 0.89114416, 0.646506]","[0.18788162, 0.2524406, 0.03434275, 0.13039063, 0.25735542, 0.07623087, 0.08503125, 0.040168986, 0.31558758, 0.06026788, 0.40680206, 0.07546976, 0.323053, 0.21087211, 0.24269241, 0.027612664, 0.036031798, 0.054501753, 0.34720322]","[0.011597274, 0.018516408, 0.0019029097, 0.0031308238, 0.13218714, 0.0037113368, 0.008128183, 0.0019367673, 0.012609578, 0.012177405, 0.13263282, 0.0067056497, 0.003911227, 0.015202921, 0.013296897, 0.0073803877, 0.017134313, 0.05435419, 0.0062907655]",15.373256772756577,3.163936372846365,0.4628070008475333,0.80911875,0.16652296,0.024358263,8,9,2
139,139,Gomes,559,21,15,229697,2,"[False, False, False, False]","[0.8734083, 0.85244644, 0.8362141, 0.9515987]","[0.12094985, 0.11655074, 0.09824073, 0.03369903]","[0.0056418525, 0.031002823, 0.065545134, 0.014702315]",3.513667583465576,0.3694403544068336,0.1168921254575252,0.8784169,0.092360094,0.02922303,1,3,0
140,140,Hee Chan,557,21,337,302067,31,"[False, False, False, False, False, False, False, False, False, False, False, False, False, False, False, False, False, False, False, False]","[0.8862322, 0.9336182, 0.80414635, 0.5642792, 0.8596952, 0.71343315, 0.88314253, 0.68461615, 0.5507367, 0.9085218, 0.94384164, 0.8032844, 0.94943976, 0.6215021, 0.8973499, 0.9086284, 0.92649704, 0.9305076, 0.7980739, 0.9308837]","[0.079325244, 0.06299157, 0.19266126, 0.43000704, 0.09431114, 0.25451156, 0.08846999, 0.28828248, 0.425944, 0.089240536, 0.051600754, 0.19212809, 0.041476913, 0.358136, 0.064042926, 0.05419392, 0.037374437, 0.06269961, 0.1271519, 0.038753558]","[0.034442548, 0.003390209, 0.0031924255, 0.0057138223, 0.045993652, 0.032055296, 0.028387515, 0.02710136, 0.023319172, 0.0022376175, 0.0045576324, 0.0045874943, 0.009083339, 0.020361891, 0.03860724, 0.037177753, 0.036128514, 0.0067927646, 0.0747742, 0.030362705]",16.498429894447327,3.0333029367029667,0.4682671474292874,0.8249215,0.15166515,0.023413356,4,14,2
141,141,Dawson,551,21,196,101952,70,"[False, False, False, False, False, False, False, False, False, False, False, False, False, False, False, False, False, False, False]","[0.89484996, 0.5394339, 0.5049402, 0.94261193, 0.5694877, 0.6385535, 0.9050919, 0.6860201, 0.93126255, 0.8525411, 0.9283227, 0.8660569, 0.7246859, 0.6238676, 0.62454474, 0.93461365, 0.9832212, 0.95527476, 0.986089]","[0.07627522, 0.44971398, 0.47947362, 0.044091802, 0.4044642, 0.3204109, 0.08499379, 0.24505429, 0.062078483, 0.14549185, 0.05857435, 0.07722769, 0.2565213, 0.35590154, 0.36892676, 0.041017964, 0.014177483, 0.028141933, 0.010470059]","[0.028874895, 0.010852138, 0.01558616, 0.013296343, 0.026048103, 0.041035593, 0.0099143395, 0.06892565, 0.006658969, 0.0019670175, 0.013102908, 0.056715336, 0.01879279, 0.020230921, 0.006528509, 0.024368403, 0.0026013094, 0.016583327, 0.0034409678]",15.091469168663023,3.523007219657302,0.385523677105084,0.79428786,0.18542144,0.020290717,3,13,3
142,142,Sarabia,570,20,1008,6367425,57,[False],[0.83977306],[0.130797],[0.029429985],0.8397730588912964,0.1307969987392425,0.0294299852102994,0.83977306,0.130797,0.029429985,0,1,0
143,143,Cunha,590,20,2,2010,0,"[False, False, False]","[0.912202, 0.8548423, 0.8935927]","[0.08483882, 0.13805704, 0.097043395]","[0.002959194, 0.007100651, 0.0093638245]",2.6606370210647583,0.3199392557144165,0.0194236694369465,0.88687897,0.10664642,0.0064745564,1,0,2
144,144,Lemina,565,20,1008,6367424,57,[False],[0.83977306],[0.130797],[0.029429985],0.8397730588912964,0.1307969987392425,0.0294299852102994,0.83977306,0.130797,0.029429985,0,1,0
145,145,Bellegarde,715,20,2,3458,0,[False],[0.6796953],[0.3163522],[0.003952481],0.6796953082084656,0.3163521885871887,0.0039524808526039,0.6796953,0.3163522,0.003952481,0,1,0
146,146,Hee Chan,557,20,44,102327,9,"[False, False, False, False, False, False, False, False, False, False, False, False, False, False, False, False, False, False, False, False]","[0.7540373, 0.74347615, 0.9239254, 0.6133248, 0.5080036, 0.75426555, 0.8763727, 0.5395473, 0.5283855, 0.92095417, 0.94705296, 0.59017205, 0.5283855, 0.5918179, 0.5453053, 0.87800413, 0.8202372, 0.6152697, 0.9355509, 0.6018853]","[0.23735917, 0.24478719, 0.069869965, 0.3777181, 0.48016894, 0.24350446, 0.1205313, 0.4420948, 0.45768017, 0.07567553, 0.044665948, 0.40416107, 0.45768017, 0.4039683, 0.3344673, 0.070387185, 0.17067258, 0.38049576, 0.059533726, 0.34758025]","[0.008603537, 0.011736651, 0.0062046153, 0.00895705, 0.011827474, 0.00223, 0.0030960417, 0.018357854, 0.013934279, 0.0033702767, 0.008281055, 0.0056668622, 0.013934279, 0.0042137937, 0.12022742, 0.051608667, 0.009090226, 0.004234522, 0.004915387, 0.050534397]",14.215973615646362,5.423001889139414,0.3610243874136358,0.7107986,0.27115008,0.018051218,8,7,5
147,147,Sarabia,570,19,12,100460,3,"[False, False]","[0.81193805, 0.92656183]","[0.098681286, 0.070452556]","[0.08938065, 0.0029855787]",1.738499879837036,0.1691338419914245,0.0923662304412573,0.86924994,0.08456692,0.046183117,1,1,0
148,148,Cunha,590,19,18,816,0,"[False, False]","[0.49926266, 0.9476693]","[0.45465672, 0.03519288]","[0.04608058, 0.017137865]",1.4469319880008698,0.4898496009409427,0.0632184464484453,0.723466,0.2449248,0.031609222,0,2,0
149,149,Hee Chan,557,19,0,350,1,[False],[0.52657735],[0.44877693],[0.024645718],0.526577353477478,0.4487769305706024,0.0246457178145647,0.52657735,0.44877693,0.024645718,0,1,0
150,150,Dawson,551,19,11,3429,2,"[False, False, False]","[0.79324836, 0.8693519, 0.97345]","[0.19373089, 0.1098925, 0.023407156]","[0.013020735, 0.02075556, 0.003142852]",2.636050283908844,0.32703054882586,0.0369191465433687,0.8786834,0.10901018,0.012306382,2,1,0
151,151,Toti,573,18,3,3310,1,[False],[0.9094552],[0.076983966],[0.013560842],0.909455180168152,0.0769839659333229,0.0135608417913317,0.9094552,0.076983966,0.013560842,0,1,0
152,152,Sarabia,570,18,4,3416,0,"[False, False]","[0.96562976, 0.6903372]","[0.032484207, 0.29283223]","[0.0018860478, 0.016830616]",1.6559669375419617,0.3253164328634739,0.018716663471423,0.8279835,0.16265821,0.009358332,1,0,1
153,153,Semedo,572,18,118,442315,4,"[False, False, False, False, False]","[0.874419, 0.5077113, 0.91832554, 0.6090266, 0.7610667]","[0.08685991, 0.4869336, 0.052752446, 0.37335277, 0.20240292]","[0.03872111, 0.0053550946, 0.028921936, 0.01762067, 0.036530327]",3.670549094676971,1.2023016326129436,0.1271491376683116,0.7341098,0.24046032,0.025429826,0,5,0
154,154,Cunha,590,18,701,749041,33,"[False, False, False, False, False, False, False, False, False, False, False, False, False, False, False]","[0.95983636, 0.94772255, 0.50937366, 0.5077113, 0.89848113, 0.90658635, 0.9188959, 0.46604744, 0.90506434, 0.936352, 0.94551724, 0.92480254, 0.5369811, 0.6090266, 0.70738727]","[0.034260362, 0.035782214, 0.42125592, 0.4869336, 0.08822956, 0.075024225, 0.06061585, 0.46406814, 0.06939857, 0.060815103, 0.039404273, 0.06601027, 0.33613804, 0.37335277, 0.2845294]","[0.005903193, 0.016495302, 0.06937041, 0.0053550946, 0.013289369, 0.018389422, 0.020488238, 0.069884434, 0.02553713, 0.0028328942, 0.015078519, 0.009187264, 0.12688082, 0.01762067, 0.008083379]",11.679785817861555,2.8958182632923126,0.4243961442261934,0.7786524,0.19305454,0.028293075,2,11,2
155,155,Lemina,565,18,104,407809,4,"[False, False, False, False]","[0.7716117, 0.5077113, 0.6090266, 0.70738727]","[0.18057096, 0.4869336, 0.37335277, 0.2845294]","[0.047817316, 0.0053550946, 0.01762067, 0.008083379]",2.595736861228943,1.3253867030143738,0.0788764590397477,0.6489342,0.3313467,0.019719115,0,3,1
156,156,Gomes,559,18,4,9690,1,"[False, False, False, False]","[0.502964, 0.8228627, 0.53490293, 0.83608264]","[0.48439884, 0.16991565, 0.44433278, 0.14794463]","[0.012637118, 0.007221637, 0.020764297, 0.015972758]",2.6968122720718384,1.2465918958187103,0.0565958092920482,0.67420304,0.311648,0.014148952,0,3,1
157,157,Bellegarde,715,18,0,1708,0,[False],[0.6903372],[0.29283223],[0.016830616],0.6903371810913086,0.2928322255611419,0.0168306156992912,0.6903372,0.29283223,0.016830616,0,0,1
158,158,Hee Chan,557,18,121,22044,13,"[False, False, False, False, False, False, False, False, False, False, False, False, False, False]","[0.9473856, 0.9219912, 0.9201413, 0.80867064, 0.92235625, 0.6725915, 0.64170635, 0.6762857, 0.708465, 0.92480254, 0.9490406, 0.8094038, 0.69192463, 0.9309042]","[0.042756006, 0.07366176, 0.073515505, 0.17156675, 0.06281574, 0.3198334, 0.3303507, 0.18555225, 0.16685264, 0.06601027, 0.045644637, 0.18681578, 0.30202213, 0.06671194]","[0.009858384, 0.0043469802, 0.006343234, 0.019762605, 0.014828032, 0.0075750584, 0.027942985, 0.13816209, 0.124682434, 0.009187264, 0.005314681, 0.0037804942, 0.006053277, 0.002383868]",11.525669276714323,2.094109509140253,0.3802213887684047,0.8232621,0.14957924,0.027158666,4,9,1
159,159,Dawson,551,18,153,421765,19,"[False, False, False, False, False, False]","[0.49991965, 0.6909875, 0.93355286, 0.5077113, 0.6090266, 0.70738727]","[0.4938016, 0.30714765, 0.051230997, 0.4869336, 0.37335277, 0.2845294]","[0.0062787146, 0.0018648222, 0.015216167, 0.0053550946, 0.01762067, 0.008083379]",3.9485852122306815,1.996995985507965,0.0544188470812514,0.65809757,0.33283266,0.009069808,1,4,1
160,160,Sarabia,570,17,8,811,2,[False],[0.96232533],[0.025401764],[0.012272906],0.9623253345489502,0.0254017636179924,0.0122729055583477,0.96232533,0.025401764,0.012272906,0,1,0
161,161,Cunha,590,17,5776,19244051,233,"[False, False, False, False, False, False, False, False, False, False, False, False, False, False, False, False, False, False, False]","[0.8938482, 0.6570951, 0.5445389, 0.9645656, 0.5727918, 0.92683506, 0.5641123, 0.8948992, 0.5074291, 0.866514, 0.957655, 0.7626412, 0.68497455, 0.64203626, 0.9029256, 0.90902066, 0.8842136, 0.7265246, 0.74710697]","[0.090548, 0.33018124, 0.43172988, 0.03223739, 0.42316857, 0.07037831, 0.2767853, 0.09831317, 0.47886017, 0.10541686, 0.039534092, 0.18438749, 0.2813843, 0.34612504, 0.05795459, 0.08727882, 0.06969291, 0.2530248, 0.24116504]","[0.015603757, 0.01272366, 0.02373122, 0.0031969817, 0.0040396573, 0.0027866173, 0.15910242, 0.0067876033, 0.013710708, 0.028069109, 0.0028108642, 0.05297129, 0.0336412, 0.011838702, 0.039119788, 0.0037005148, 0.046093557, 0.020450613, 0.01172808]",14.60972774028778,3.898165959864855,0.4921063464134931,0.768933,0.20516664,0.025900334,8,9,2
162,162,Lemina,565,17,17,195671,0,"[False, False]","[0.59771615, 0.83785105]","[0.3895612, 0.15679094]","[0.01272261, 0.0053580133]",1.4355672001838684,0.5463521480560303,0.0180806228891015,0.7177836,0.27317607,0.009040311,0,2,0
163,163,Gomes,559,17,4,11496,2,"[False, False, False, False, False, False]","[0.5593744, 0.8346107, 0.5007722, 0.53418106, 0.9014307, 0.6042757]","[0.42981252, 0.15904117, 0.48161563, 0.4566415, 0.086265825, 0.3869674]","[0.010813142, 0.0063481485, 0.017612165, 0.009177399, 0.012303401, 0.008756863]",3.934644758701325,2.000344030559063,0.0650111180730164,0.6557741,0.33339068,0.010835186,0,4,2
164,164,Hee Chan,557,17,217,184905,18,"[False, False, False, False, False, False, False, False, False, False, False, False, False, False, False, False, False, False]","[0.866514, 0.9029256, 0.83771807, 0.5041713, 0.90902066, 0.51196927, 0.8661978, 0.86975247, 0.90518713, 0.6875828, 0.9362624, 0.9288504, 0.7554698, 0.6389905, 0.70945585, 0.890141, 0.65364337, 0.52649254]","[0.10541686, 0.05795459, 0.15095821, 0.34693748, 0.08727882, 0.47896576, 0.122790135, 0.09201933, 0.08185931, 0.15682597, 0.046183035, 0.05591742, 0.23276857, 0.34568053, 0.27716187, 0.057522055, 0.2789174, 0.38816807]","[0.028069109, 0.039119788, 0.011323795, 0.14889118, 0.0037005148, 0.009064947, 0.01101207, 0.038228147, 0.012953506, 0.15559115, 0.017554542, 0.015232149, 0.011761723, 0.015328928, 0.01338223, 0.05233691, 0.06743924, 0.08533937]",13.900345087051392,3.363325409591198,0.7363292924128473,0.77224135,0.18685141,0.040907186,2,10,6
165,165,Dawson,551,17,2,610,1,"[False, False]","[0.8853189, 0.82136166]","[0.07180216, 0.13638352]","[0.04287893, 0.042254798]",1.7066805362701416,0.2081856802105903,0.0851337276399135,0.85334027,0.10409284,0.042566866,0,2,0
166,166,Toti,573,16,0,60,0,[False],[0.5660014],[0.38801503],[0.04598352],0.5660014152526855,0.3880150318145752,0.0459835194051265,0.5660014,0.38801503,0.04598352,0,1,0
167,167,Sarabia,570,16,57,32628,1,[False],[0.82897544],[0.14794667],[0.023077913],0.8289754390716553,0.1479466706514358,0.0230779126286506,0.82897544,0.14794667,0.023077913,0,1,0
168,168,Cunha,590,16,13,13512,3,"[False, False, False, False, False, False]","[0.5620304, 0.62718284, 0.6861431, 0.5392649, 0.5302029, 0.9213262]","[0.30558398, 0.36118242, 0.30788025, 0.45669177, 0.46579257, 0.06545111]","[0.13238566, 0.011634761, 0.0059766043, 0.00404327, 0.004004441, 0.013222585]",3.866150379180908,1.962582103908062,0.1712673176079988,0.6443584,0.32709703,0.028544553,4,2,0
169,169,Gomes,559,16,0,35903,0,"[False, False]","[0.6608702, 0.5496646]","[0.32721204, 0.43813998]","[0.011917806, 0.012195399]",1.2105348110198977,0.7653520107269287,0.0241132052615284,0.6052674,0.382676,0.012056602,0,1,1
170,170,Hee Chan,557,16,318,299186,9,"[False, False, False, False, False, False, False, False, False, False, False, False, False, False, False, False, False, False, False, False]","[0.6050544, 0.894228, 0.94136214, 0.4819539, 0.91260266, 0.63184726, 0.9443285, 0.8723474, 0.9619674, 0.49010667, 0.809075, 0.5179488, 0.8405758, 0.56855047, 0.91613066, 0.68370056, 0.7287445, 0.62151533, 0.9469637, 0.9213262]","[0.38891527, 0.08727482, 0.029642481, 0.43328863, 0.07616886, 0.25789282, 0.044174973, 0.08933967, 0.03413494, 0.46253973, 0.13173193, 0.47561058, 0.15381905, 0.424476, 0.072422445, 0.3114722, 0.16325413, 0.30759454, 0.039263938, 0.06545111]","[0.006030424, 0.018497204, 0.028995426, 0.084757455, 0.011228523, 0.110259876, 0.011496504, 0.038312934, 0.0038976723, 0.047353536, 0.059193075, 0.0064405818, 0.00560518, 0.0069735064, 0.011446822, 0.0048271804, 0.10800131, 0.07089012, 0.013772274, 0.013222585]",15.2903293967247,4.048468124121428,0.6612021878827363,0.7645165,0.20242341,0.033060107,2,18,0
171,171,Bentley,546,16,7,26045,1,"[False, False]","[0.9044853, 0.516034]","[0.08807351, 0.47609502]","[0.0074412385, 0.007871003]",1.4205192923545835,0.5641685277223587,0.0153122413903474,0.7102597,0.28208426,0.0076561207,1,1,0
172,172,Dawson,551,16,3,4610,1,"[False, False]","[0.6748298, 0.5931067]","[0.30123436, 0.40215322]","[0.02393584, 0.0047400794]",1.2679364681243896,0.703387588262558,0.0286759189330041,0.63396823,0.3516938,0.01433796,1,0,1
173,173,Semedo,572,15,0,3592,1,[False],[0.83786637],[0.15449663],[0.0076370817],0.8378663659095764,0.1544966250658035,0.0076370816677808,0.83786637,0.15449663,0.0076370817,0,1,0
174,174,Cunha,590,15,10,7491,2,"[False, False, False, False, False, False, False]","[0.8634779, 0.9162438, 0.49509403, 0.9150479, 0.9479529, 0.5959673, 0.86932653]","[0.09096267, 0.065331854, 0.29387653, 0.07410181, 0.029317793, 0.40043733, 0.12684418]","[0.0455595, 0.018424409, 0.21102947, 0.010850307, 0.022729343, 0.00359532, 0.0038292722]",5.60311034321785,1.0808721669018269,0.3160176195669919,0.8004443,0.15441032,0.045145374,3,4,0
175,175,José Sá,569,15,7,49700,2,"[False, False]","[0.5053087, 0.49512693]","[0.4779711, 0.49183142]","[0.016720237, 0.013041606]",1.000435620546341,0.9698025286197662,0.0297618433833122,0.5002178,0.48490125,0.014880922,0,2,0
176,176,Bentley,546,15,6,1779,2,"[False, False]","[0.7692081, 0.62937164]","[0.12099326, 0.35942167]","[0.10979873, 0.011206588]",1.398579716682434,0.4804149270057678,0.1210053171962499,0.69928986,0.24020746,0.06050266,0,2,0
177,177,Aït-Nouri,545,14,32,19805,11,"[False, False, False, False, False]","[0.93833375, 0.50527555, 0.7200036, 0.6994639, 0.8629157]","[0.056593813, 0.48368698, 0.27258757, 0.25391015, 0.11581568]","[0.0050723883, 0.011037426, 0.007408748, 0.046625875, 0.021268604]",3.725992500782013,1.182594195008278,0.0914130415767431,0.7451985,0.23651883,0.018282609,0,1,4
178,178,Semedo,572,14,0,1563,0,[False],[0.8217782],[0.17205977],[0.006162016],0.8217781782150269,0.1720597743988037,0.0061620161868631,0.8217782,0.17205977,0.006162016,0,1,0
179,179,Cunha,590,14,0,51,1,[False],[0.7475506],[0.2427717],[0.0096776225],0.7475506067276001,0.2427717000246048,0.0096776224672794,0.7475506,0.2427717,0.0096776225,0,1,0
180,180,Lemina,565,14,18,100708,2,[False],[0.51720685],[0.47207028],[0.010722871],0.5172068476676941,0.4720702767372131,0.0107228709384799,0.51720685,0.47207028,0.010722871,0,0,1
181,181,Gomes,559,14,18,135580,3,"[False, False, False]","[0.7129189, 0.91152287, 0.51720685]","[0.14371154, 0.082330905, 0.47207028]","[0.14336953, 0.0061462163, 0.010722871]",2.141648590564728,0.6981127187609673,0.1602386129088699,0.71388286,0.23270424,0.053412873,0,2,1
182,182,Hee Chan,557,14,21,1199,1,"[False, False, False, False, False]","[0.92737967, 0.9683678, 0.9507905, 0.9250943, 0.7475506]","[0.06648961, 0.029205007, 0.045005772, 0.06353217, 0.2427717]","[0.006130745, 0.0024271517, 0.0042037307, 0.011373542, 0.0096776225]",4.519182920455933,0.447004260495305,0.0338127922732383,0.9038366,0.08940085,0.006762558,4,1,0
183,183,Toti,573,13,6,3426,1,"[False, False, False, False, False]","[0.6331072, 0.58239436, 0.9451299, 0.82954466, 0.5627936]","[0.35284573, 0.32429942, 0.03155161, 0.16817607, 0.40798625]","[0.014047046, 0.09330615, 0.02331853, 0.0022792611, 0.029220058]",3.552969694137573,1.284859087318182,0.162171040661633,0.710594,0.2569718,0.03243421,1,3,1
184,184,Aït-Nouri,545,13,159,251262,17,"[False, False, False, False, False, False, False, False, False, False, False, False]","[0.76927173, 0.9122815, 0.69495445, 0.8146491, 0.42431477, 0.90312034, 0.8953979, 0.7650586, 0.5668395, 0.6851507, 0.6901134, 0.5316133]","[0.2195094, 0.08358803, 0.30006635, 0.1674999, 0.36432388, 0.09290032, 0.098624445, 0.23061047, 0.40119135, 0.31116587, 0.2936517, 0.44780353]","[0.011218933, 0.004130455, 0.0049792756, 0.017850947, 0.2113613, 0.0039793514, 0.00597763, 0.0043309033, 0.031969074, 0.0036834374, 0.016234891, 0.020583201]",8.652765303850174,3.0109352469444275,0.336299403803423,0.7210638,0.25091127,0.028024955,5,6,1
185,185,Sarabia,570,13,2,24851,1,[False],[0.57603914],[0.41574538],[0.008215428],0.5760391354560852,0.4157453775405884,0.0082154283300042,0.57603914,0.41574538,0.008215428,0,1,0
186,186,Semedo,572,13,23,206093,4,"[False, False, False, False, False, False, False, False]","[0.5264441, 0.5382312, 0.5087953, 0.62854004, 0.8196511, 0.7008607, 0.8948028, 0.8837885]","[0.46393955, 0.44436735, 0.4747057, 0.35448697, 0.17273752, 0.2851652, 0.08444856, 0.0950607]","[0.009616363, 0.01740151, 0.01649901, 0.016973034, 0.007611357, 0.013974093, 0.020748632, 0.02115079]",5.501113772392273,2.3749115392565727,0.1239747903309762,0.68763924,0.2968639,0.015496848,0,5,3
187,187,Cunha,590,13,40,214656,4,"[False, False, False, False, False, False, False, False]","[0.94345814, 0.76332915, 0.8588515, 0.9225505, 0.90458274, 0.9535476, 0.7087126, 0.6818055]","[0.044925064, 0.22343601, 0.08744355, 0.069034256, 0.0878876, 0.03921675, 0.28007108, 0.3098191]","[0.011616758, 0.013234826, 0.053704947, 0.008415217, 0.007529632, 0.007235704, 0.011216328, 0.008375384]",6.736837685108185,1.1418334171175957,0.1213287953287363,0.8421047,0.14272918,0.015166099,0,7,1
188,188,Lemina,565,13,168,424092,2,"[False, False, False, False, False, False]","[0.7368537, 0.74030095, 0.58587664, 0.51292944, 0.9048655, 0.8456473]","[0.24865851, 0.245248, 0.40093178, 0.47014835, 0.08717624, 0.13847786]","[0.014487808, 0.014451076, 0.0131916115, 0.016922178, 0.007958306, 0.0158748]",4.326473534107208,1.5906407460570335,0.0828857785090804,0.72107893,0.2651068,0.0138142975,0,4,2
189,189,Gomes,559,13,0,36318,2,"[False, False]","[0.91359407, 0.5100386]","[0.07394934, 0.4748769]","[0.012456568, 0.015084468]",1.4236326813697815,0.5488262474536896,0.027541035786271,0.7118163,0.2744131,0.013770518,0,1,1
190,190,Hee Chan,557,13,526,444654,19,"[False, False, False, False, False, False, False, False, False, False, False, False, False, False, False, False, False, False, False]","[0.95797646, 0.9333587, 0.9100203, 0.9419868, 0.9178371, 0.477363, 0.92913127, 0.87654954, 0.9190296, 0.90548074, 0.91459423, 0.95080423, 0.86587673, 0.8942303, 0.9100203, 0.7287503, 0.8416784, 0.718403, 0.75500727]","[0.030931111, 0.061786305, 0.060249433, 0.037392776, 0.058439154, 0.43478444, 0.06226133, 0.088541426, 0.05934994, 0.088197194, 0.06444629, 0.04052793, 0.070678115, 0.10312401, 0.060249433, 0.26662797, 0.15202858, 0.2581284, 0.24100892]","[0.011092438, 0.004854968, 0.029730294, 0.020620469, 0.023723705, 0.08785255, 0.008607321, 0.034909084, 0.021620493, 0.0063220332, 0.0209595, 0.008667806, 0.0634451, 0.00264571, 0.029730294, 0.0046217293, 0.0062930253, 0.023468588, 0.003983778]",16.34809821844101,2.2387527599930763,0.4131488879211247,0.86042625,0.117829084,0.021744676,4,14,1
191,191,Dawson,551,13,202,584372,8,"[False, False, False, False, False, False, False, False, False, False, False, False]","[0.7368537, 0.6513353, 0.86439055, 0.86318314, 0.74030095, 0.6999311, 0.5264441, 0.42257094, 0.7008607, 0.9019247, 0.7274492, 0.723829]","[0.24865851, 0.33951414, 0.12824559, 0.13414629, 0.245248, 0.29254696, 0.46393955, 0.34070992, 0.2851652, 0.08512606, 0.26497942, 0.26950845]","[0.014487808, 0.0091505805, 0.0073637413, 0.0026705593, 0.014451076, 0.0075219222, 0.009616363, 0.23671912, 0.013974093, 0.012949277, 0.0075714164, 0.0066625737]",8.559073328971863,3.097788080573082,0.3431385264266282,0.7132561,0.258149,0.02859488,3,6,3
192,192,Doyle,351,12,2,2910,1,"[False, False, False]","[0.7818279, 0.65831065, 0.6684427]","[0.18674143, 0.2106758, 0.2273038]","[0.03143062, 0.13101344, 0.10425348]",2.108581304550171,0.62472103536129,0.2666975371539593,0.7028604,0.20824035,0.08889917,1,2,0
193,193,Aït-Nouri,545,12,12,3959,1,[False],[0.5244281],[0.44887394],[0.026697908],0.524428129196167,0.4488739371299743,0.0266979075968265,0.5244281,0.44887394,0.026697908,0,1,0
194,194,Cunha,590,12,9,100709,1,[False],[0.90459883],[0.08785995],[0.007541243],0.904598832130432,0.0878599509596824,0.0075412429869174,0.90459883,0.08785995,0.007541243,0,1,0
195,195,Lemina,565,12,109,100709,6,[False],[0.9028779],[0.082322195],[0.01479986],0.902877926826477,0.0823221951723098,0.0147998603060841,0.9028779,0.082322195,0.01479986,0,1,0
196,196,Hee Chan,557,12,17,117821,4,"[False, False, False, False, False, False, False, False, False, False, False]","[0.9299354, 0.7409514, 0.66185945, 0.80303377, 0.8049933, 0.81582063, 0.9334579, 0.72903264, 0.7723547, 0.7676921, 0.93187106]","[0.061990738, 0.24052924, 0.20963141, 0.18394524, 0.19176431, 0.1233362, 0.058772273, 0.26402092, 0.22282183, 0.15275481, 0.062842734]","[0.008073842, 0.018519314, 0.12850916, 0.013021002, 0.0032424075, 0.060843203, 0.0077697556, 0.006946451, 0.0048234826, 0.07955317, 0.005286197]",8.891002357006073,1.772409714758396,0.3365879906341433,0.80827296,0.16112815,0.030598909,1,6,4
197,197,Dawson,551,12,127,108485,8,"[False, False, False]","[0.9426655, 0.7350014, 0.9028779]","[0.052101307, 0.25966683, 0.082322195]","[0.005233221, 0.005331786, 0.01479986]",2.5805448293685918,0.3940903320908546,0.0253648674115538,0.8601816,0.13136345,0.008454956,2,1,0
198,198,Doyle,351,11,0,35,0,[False],[0.6116068],[0.38454065],[0.0038525285],0.611606776714325,0.3845406472682953,0.0038525285199284,0.6116068,0.38454065,0.0038525285,0,1,0
199,199,Neto,567,11,4984,6719757,279,"[False, False, False, False, False, False, False, False, False, False, False, False, False, False, False, False, False, False, False]","[0.87209404, 0.91720915, 0.7251615, 0.9277687, 0.61989725, 0.833407, 0.6497745, 0.898817, 0.81481284, 0.6017489, 0.8910059, 0.9039236, 0.7302085, 0.5503782, 0.980124, 0.9425383, 0.65422475, 0.53602666, 0.44453153]","[0.11658327, 0.0689359, 0.24193016, 0.0686494, 0.24899662, 0.10355089, 0.33256885, 0.09418213, 0.18325736, 0.38222492, 0.102593765, 0.08528454, 0.21855415, 0.43968394, 0.01737225, 0.03676379, 0.3298915, 0.23744477, 0.32094476]","[0.0113227, 0.013854899, 0.032908347, 0.0035819716, 0.13110615, 0.063042074, 0.01765665, 0.007000875, 0.0019297859, 0.016026275, 0.006400376, 0.010791878, 0.051237307, 0.009937826, 0.0025037543, 0.020697908, 0.015883803, 0.22652856, 0.23452373]",14.493652254343033,3.629412967711687,0.8769348695641384,0.7628238,0.19102173,0.046154466,5,9,5
200,200,Kilman,563,11,13,8457,1,[False],[0.8442934],[0.13489288],[0.020813743],0.8442934155464172,0.1348928809165954,0.0208137426525354,0.8442934,0.13489288,0.020813743,0,1,0
201,201,Cunha,590,11,20,106590,1,"[False, False, False]","[0.931513, 0.92087936, 0.49370366]","[0.05731344, 0.071983255, 0.4845473]","[0.01117353, 0.007137345, 0.021749105]",2.34609603881836,0.6138439811766148,0.0400599800050258,0.782032,0.20461465,0.013353326,0,2,1
202,202,Hee Chan,557,11,628,485187,13,"[False, False, False, False, False, False, False, False, False, False, False, False, False, False, False, False, False, False, False, False]","[0.870161, 0.9369682, 0.8890019, 0.8756014, 0.6276269, 0.93441087, 0.85243386, 0.6062159, 0.94567925, 0.93067145, 0.9264895, 0.80065066, 0.90657556, 0.8886659, 0.95473826, 0.79954624, 0.94561946, 0.9084673, 0.9287728, 0.9205374]","[0.119432405, 0.04647377, 0.10468273, 0.11935244, 0.36199802, 0.055628337, 0.14139064, 0.37924492, 0.04893113, 0.047517285, 0.061483163, 0.19341375, 0.058257833, 0.10277745, 0.035373017, 0.19420485, 0.043371156, 0.084906094, 0.062912166, 0.06974451]","[0.0104065295, 0.01655805, 0.0063152644, 0.005046213, 0.010375081, 0.009960791, 0.006175537, 0.014539187, 0.0053895297, 0.021811264, 0.0120273465, 0.0059355856, 0.035166603, 0.008556639, 0.009888657, 0.006248895, 0.0110095, 0.0066266716, 0.008315111, 0.009718099]",17.44883382320404,2.3310956694185734,0.2200705525465309,0.87244165,0.1165548,0.011003527,1,17,2
203,203,Dawson,551,11,37,38264,20,"[False, False, False, False, False, False, False, False, False]","[0.90184474, 0.90690213, 0.8442934, 0.8864794, 0.8662418, 0.9191902, 0.9307651, 0.788921, 0.9156421]","[0.0857659, 0.07508125, 0.13489288, 0.06459708, 0.11227577, 0.041163296, 0.061906684, 0.18646473, 0.061064925]","[0.012389326, 0.01801664, 0.020813743, 0.048923507, 0.021482475, 0.039646428, 0.0073281345, 0.02461428, 0.023293044]",7.960279881954193,0.8232125118374825,0.2165075778029859,0.8844755,0.09146805,0.024056397,0,8,1
204,204,Aït-Nouri,545,10,0,1563,0,[False],[0.8814871],[0.10697248],[0.011540461],0.8814870715141296,0.1069724783301353,0.0115404613316059,0.8814871,0.10697248,0.011540461,0,1,0
205,205,Neto,567,10,2186,6397485,80,"[False, False, False, False, False, False, False, False, False, False, False, False, False, False, False, False, False, False, False]","[0.8703133, 0.9488977, 0.5049752, 0.91225994, 0.7162068, 0.49004453, 0.54554147, 0.92283857, 0.92822397, 0.62634975, 0.58389014, 0.6966707, 0.90765965, 0.7639594, 0.590232, 0.67357093, 0.77380246, 0.9054607, 0.9310553]","[0.12461619, 0.048886985, 0.40542313, 0.073192716, 0.16903937, 0.27616623, 0.3152602, 0.07070046, 0.038736038, 0.35041142, 0.39185685, 0.28784508, 0.08019145, 0.21409956, 0.27848428, 0.30492246, 0.21738116, 0.08293221, 0.061987426]","[0.0050704833, 0.0022152355, 0.08960171, 0.014547304, 0.1147538, 0.23378927, 0.1391983, 0.006460996, 0.03303997, 0.023238797, 0.024252992, 0.015484191, 0.0121488925, 0.021941034, 0.1312837, 0.021506652, 0.008816409, 0.011607146, 0.006957319]",14.291952550411224,3.792133215814829,0.9159141965210438,0.75220805,0.19958596,0.04820601,8,10,1
206,206,Cunha,590,10,18,55931,1,[False],[0.9407509],[0.046226166],[0.013023022],0.9407508969306946,0.0462261661887168,0.0130230216309428,0.9407509,0.046226166,0.013023022,0,1,0
207,207,Gomes,559,10,1,273,0,[False],[0.6317826],[0.3566706],[0.011546896],0.631782591342926,0.3566705882549286,0.0115468958392739,0.6317826,0.3566706,0.011546896,0,1,0
208,208,Hee Chan,557,10,17,204771,3,"[False, False, False, False, False, False]","[0.8766393, 0.9122052, 0.9531427, 0.8564278, 0.921953, 0.92231196]","[0.11782709, 0.08233623, 0.037276905, 0.13523893, 0.06811944, 0.0692664]","[0.0055335867, 0.005458542, 0.009580373, 0.008333326, 0.009927542, 0.008421637]",5.44268000125885,0.5100649930536747,0.047255007084459,0.9071133,0.085010834,0.007875835,1,5,0
209,0,Neto,567,1,814,195497,38,"[False, False, False, False, False, False, False]","[0.6954637, 0.9175918, 0.7198991, 0.9089921, 0.7440081, 0.89051795, 0.61240256]","[0.21786599, 0.06707295, 0.2694433, 0.073235966, 0.23161088, 0.05512882, 0.36099663]","[0.08667034, 0.015335133, 0.010657536, 0.017771903, 0.024380958, 0.054353207, 0.026600765]",5.488875389099121,1.275354541838169,0.2357698418200016,0.784125,0.1821935,0.033681404,1,6,0
210,1,José Sá,569,1,1,8716,1,"[False, False]","[0.75622886, 0.61654055]","[0.2399213, 0.24612774]","[0.003849834, 0.1373317]",1.3727694153785706,0.4860490411520004,0.1411815283354371,0.6863847,0.24302453,0.070590764,1,1,0
211,2,Jonny,560,1,5,2950,2,"[False, False, False, False, False]","[0.8884906, 0.6202512, 0.5060226, 0.9327676, 0.7962339]","[0.108776554, 0.34430096, 0.4800193, 0.04319897, 0.14994025]","[0.0027327493, 0.035447847, 0.013958147, 0.024033379, 0.05382588]",3.743765890598297,1.1262360326945782,0.1299980033654719,0.7487532,0.22524719,0.025999602,2,3,0
